YEAR,DATE,ROAD_CLASS,District,LATITUDE,LONGITUDE,TRAFFCTL,VISIBILITY,LIGHT,RDSFCOND,ACCLASS,INVTYPE,INVAGE,INJURY,INITDIR,PEDESTRIAN,CYCLIST,AUTOMOBILE,MOTORCYCLE,TRUCK,TRSN_CITY_VEH,EMERG_VEH,PASSENGER,SPEEDING,AG_DRIV,REDLIGHT,ALCOHOL,DISABILITY,Ward_Name,Ward_ID,Hood_ID,Hood_Name
2009,19-08-2009 09:30,Minor Arterial,Scarborough,43.79870947,-79.32823572,Yes,Clear,Natural,Dry,Non-Fatal Injury,Driver,45 to 49,None,North,Yes, ,Yes, , , , , , ,Yes, , , ,Scarborough-Agincourt (39),39,117,L'Amoreaux (117)
2009,19-08-2009 09:30,Minor Arterial,Scarborough,43.79870947,-79.32823572,Yes,Clear,Natural,Dry,Non-Fatal Injury,Pedestrian,55 to 59,Major,East,Yes, ,Yes, , , , , , ,Yes, , , ,Scarborough-Agincourt (39),39,117,L'Amoreaux (117)
2017,19-02-2017 10:30,Major Arterial,Etobicoke York,43.61912115,-79.52597437,Yes,Clear,Natural,Dry,Non-Fatal Injury,Driver,35 to 39,None,North, , ,Yes,Yes, , , ,Yes, ,Yes,Yes, , ,Etobicoke-Lakeshore (5),5,14,Islington-City Centre West (14)
2017,19-02-2017 10:30,Major Arterial,Etobicoke York,43.61912115,-79.52597437,Yes,Clear,Natural,Dry,Non-Fatal Injury,Motorcycle Driver,45 to 49,Major,West, , ,Yes,Yes, , , ,Yes, ,Yes,Yes, , ,Etobicoke-Lakeshore (5),5,14,Islington-City Centre West (14)
2017,19-02-2017 10:30,Major Arterial,Etobicoke York,43.61912115,-79.52597437,Yes,Clear,Natural,Dry,Non-Fatal Injury,Passenger,10 to 14,None,Unknown, , ,Yes,Yes, , , ,Yes, ,Yes,Yes, , ,Etobicoke-Lakeshore (5),5,14,Islington-City Centre West (14)
2008,17-02-2008 10:30,Major Arterial,Scarborough,43.76904538,-79.22899029,No,Rain,Natural,Wet,Non-Fatal Injury,Driver,65 to 69,Major,South, , ,Yes, , , , ,Yes, , , ,Yes, ,Scarborough Centre (38),38,137,Woburn (137)
2008,17-02-2008 10:30,Major Arterial,Scarborough,43.76904538,-79.22899029,No,Rain,Natural,Wet,Non-Fatal Injury,Passenger,20 to 24,Minimal,Unknown, , ,Yes, , , , ,Yes, , , ,Yes, ,Scarborough Centre (38),38,137,Woburn (137)
2008,17-02-2008 10:30,Major Arterial,Scarborough,43.76904538,-79.22899029,No,Rain,Natural,Wet,Non-Fatal Injury,Vehicle Owner,unknown,unknown,Unknown, , ,Yes, , , , ,Yes, , , ,Yes, ,Scarborough Centre (38),38,137,Woburn (137)
2008,17-02-2008 10:30,Major Arterial,Scarborough,43.76904538,-79.22899029,No,Rain,Natural,Wet,Non-Fatal Injury,Driver,25 to 29,Minimal,North, , ,Yes, , , , ,Yes, , , ,Yes, ,Scarborough Centre (38),38,137,Woburn (137)
2015,10-05-2015 09:30,Expressway,Toronto East York,43.69795569,-79.34843836,No,Clear,Natural,Dry,Non-Fatal Injury,Driver,50 to 54,None,South,Yes, ,Yes, , , , , ,Yes,Yes, , , ,Toronto-Danforth (29),29,58,Old East York (58)
2015,10-05-2015 09:30,Expressway,Toronto East York,43.69795569,-79.34843836,No,Clear,Natural,Dry,Non-Fatal Injury,Pedestrian,30 to 34,Major,Unknown,Yes, ,Yes, , , , , ,Yes,Yes, , , ,Toronto-Danforth (29),29,58,Old East York (58)
2016,02-10-2016 09:30,Major Arterial,Scarborough,43.73533209,-79.2543603,Yes,Clear,Natural,Dry,Fatal,Driver,20 to 24,None,North,Yes, ,Yes, , , , ,Yes, , , , , ,Scarborough Southwest (35),35,124,Kennedy Park (124)
2016,02-10-2016 09:30,Major Arterial,Scarborough,43.73533209,-79.2543603,Yes,Clear,Natural,Dry,Fatal,Passenger,20 to 24,None,Unknown,Yes, ,Yes, , , , ,Yes, , , , , ,Scarborough Southwest (35),35,124,Kennedy Park (124)
2016,02-10-2016 09:30,Major Arterial,Scarborough,43.73533209,-79.2543603,Yes,Clear,Natural,Dry,Fatal,Pedestrian,80 to 84,Fatal,South,Yes, ,Yes, , , , ,Yes, , , , , ,Scarborough Southwest (35),35,124,Kennedy Park (124)
2009,31-12-2009 10:30,Minor Arterial,Scarborough,43.77754538,-79.14569029,No,Rain,Natural,Wet,Non-Fatal Injury,Driver,80 to 84,Major,West, , ,Yes, , , , , , , , , , ,Scarborough East (44),44,133,Centennial Scarborough (133)
2010,18-04-2010 09:30,Major Arterial,North York,43.74914538,-79.43689029,No,Clear,Natural,Dry,Non-Fatal Injury,Vehicle Owner,unknown,unknown,Unknown,Yes, , , , ,Yes, , , , , , , ,York Centre (10),10,38,Lansing-Westgate (38)
2010,18-04-2010 09:30,Major Arterial,North York,43.74914538,-79.43689029,No,Clear,Natural,Dry,Non-Fatal Injury,Driver,35 to 39,None,North,Yes, , , , ,Yes, , , , , , , ,York Centre (10),10,38,Lansing-Westgate (38)
2010,18-04-2010 09:30,Major Arterial,North York,43.74914538,-79.43689029,No,Clear,Natural,Dry,Non-Fatal Injury,Pedestrian,10 to 14,Major,East,Yes, , , , ,Yes, , , , , , , ,York Centre (10),10,38,Lansing-Westgate (38)
2012,22-10-2012 09:30,Major Arterial,Scarborough,43.80184538,-79.29429029,Yes,Clear,Natural,Dry,Non-Fatal Injury,Driver,75 to 79,None,South, ,Yes,Yes, , , , , , , , , , ,Scarborough-Agincourt (39),39,130,Milliken (130)
2012,22-10-2012 09:30,Major Arterial,Scarborough,43.80184538,-79.29429029,Yes,Clear,Natural,Dry,Non-Fatal Injury,Cyclist,55 to 59,Major,North, ,Yes,Yes, , , , , , , , , , ,Scarborough-Agincourt (39),39,130,Milliken (130)
2014,23-03-2014 09:30,Major Arterial,North York,43.73317297,-79.43300257,No,Clear,Natural,Dry,Non-Fatal Injury,Driver,35 to 39,Minimal,North, , ,Yes, , , , ,Yes, ,Yes, , , ,Eglinton-Lawrence (16),16,39,Bedford Park-Nortown (39)
2014,23-03-2014 09:30,Major Arterial,North York,43.73317297,-79.43300257,No,Clear,Natural,Dry,Non-Fatal Injury,Driver,55 to 59,Major,South, , ,Yes, , , , ,Yes, ,Yes, , , ,Eglinton-Lawrence (16),16,39,Bedford Park-Nortown (39)
2014,23-03-2014 09:30,Major Arterial,North York,43.73317297,-79.43300257,No,Clear,Natural,Dry,Non-Fatal Injury,Driver,50 to 54,None,East, , ,Yes, , , , ,Yes, ,Yes, , , ,Eglinton-Lawrence (16),16,39,Bedford Park-Nortown (39)
2014,23-03-2014 09:30,Major Arterial,North York,43.73317297,-79.43300257,No,Clear,Natural,Dry,Non-Fatal Injury,Passenger,20 to 24,None,Unknown, , ,Yes, , , , ,Yes, ,Yes, , , ,Eglinton-Lawrence (16),16,39,Bedford Park-Nortown (39)
2014,23-03-2014 09:30,Major Arterial,North York,43.73317297,-79.43300257,No,Clear,Natural,Dry,Non-Fatal Injury,Passenger,30 to 34,None,Unknown, , ,Yes, , , , ,Yes, ,Yes, , , ,Eglinton-Lawrence (16),16,39,Bedford Park-Nortown (39)
2007,07-08-2007 09:30,Major Arterial,North York,43.76404538,-79.48829029,Yes,Clear,Natural,Dry,Non-Fatal Injury,Driver,50 to 54,None,South,Yes, ,Yes, , , , , , ,Yes, , , ,York West (8),8,27,York University Heights (27)
2007,07-08-2007 09:30,Major Arterial,North York,43.76404538,-79.48829029,Yes,Clear,Natural,Dry,Non-Fatal Injury,Pedestrian,75 to 79,Major,South,Yes, ,Yes, , , , , , ,Yes, , , ,York West (8),8,27,York University Heights (27)
2007,21-11-2007 10:30,Major Arterial,Toronto East York,43.64384538,-79.40329029,No,Rain,Natural,Wet,Non-Fatal Injury,Vehicle Owner,unknown,unknown,Unknown, ,Yes,Yes, , , , , , , , , , ,Trinity-Spadina (19),19,82,Niagara (82)
2007,21-11-2007 10:30,Major Arterial,Toronto East York,43.64384538,-79.40329029,No,Rain,Natural,Wet,Non-Fatal Injury,Driver,45 to 49,None,East, ,Yes,Yes, , , , , , , , , , ,Trinity-Spadina (19),19,82,Niagara (82)
2007,21-11-2007 10:30,Major Arterial,Toronto East York,43.64384538,-79.40329029,No,Rain,Natural,Wet,Non-Fatal Injury,Cyclist,30 to 34,Major,East, ,Yes,Yes, , , , , , , , , , ,Trinity-Spadina (19),19,82,Niagara (82)
2008,21-01-2008 10:30,Local,Toronto East York,43.64764538,-79.42089029,No,Clear,Natural,Dry,Non-Fatal Injury,Vehicle Owner,unknown,unknown,Unknown, , ,Yes, , , , , , , , , , ,Trinity-Spadina (19),19,81,Trinity-Bellwoods (81)
2008,21-01-2008 10:30,Local,Toronto East York,43.64764538,-79.42089029,No,Clear,Natural,Dry,Non-Fatal Injury,Driver,25 to 29,Major,North, , ,Yes, , , , , , , , , , ,Trinity-Spadina (19),19,81,Trinity-Bellwoods (81)
2009,04-05-2009 09:30,Minor Arterial,Etobicoke York,43.69694538,-79.49389029,No,Clear,Natural,Dry,Non-Fatal Injury,Vehicle Owner,unknown,unknown,Unknown, , ,Yes, , , , ,Yes, , , , , ,York South-Weston (12),12,30,Brookhaven-Amesbury (30)
2009,04-05-2009 09:30,Minor Arterial,Etobicoke York,43.69694538,-79.49389029,No,Clear,Natural,Dry,Non-Fatal Injury,Driver,45 to 49,Major,East, , ,Yes, , , , ,Yes, , , , , ,York South-Weston (12),12,30,Brookhaven-Amesbury (30)
2009,04-05-2009 09:30,Minor Arterial,Etobicoke York,43.69694538,-79.49389029,No,Clear,Natural,Dry,Non-Fatal Injury,Passenger,50 to 54,Major,Unknown, , ,Yes, , , , ,Yes, , , , , ,York South-Weston (12),12,30,Brookhaven-Amesbury (30)
2009,04-05-2009 09:30,Minor Arterial,Etobicoke York,43.69694538,-79.49389029,No,Clear,Natural,Dry,Non-Fatal Injury,Vehicle Owner,unknown,unknown,Unknown, , ,Yes, , , , ,Yes, , , , , ,York South-Weston (12),12,30,Brookhaven-Amesbury (30)
2009,04-05-2009 09:30,Minor Arterial,Etobicoke York,43.69694538,-79.49389029,No,Clear,Natural,Dry,Non-Fatal Injury,Driver,55 to 59,None,East, , ,Yes, , , , ,Yes, , , , , ,York South-Weston (12),12,30,Brookhaven-Amesbury (30)
2009,15-05-2009 09:30,Major Arterial,Scarborough,43.76804538,-79.18769029,No,Clear,Natural,Dry,Non-Fatal Injury,Pedestrian,60 to 64,Major,South,Yes, ,Yes, , , , , , , , , , ,Scarborough East (43),43,136,West Hill (136)
2009,15-05-2009 09:30,Major Arterial,Scarborough,43.76804538,-79.18769029,No,Clear,Natural,Dry,Non-Fatal Injury,Driver,80 to 84,None,West,Yes, ,Yes, , , , , , , , , , ,Scarborough East (43),43,136,West Hill (136)
2009,28-10-2009 09:30,Major Arterial,Toronto East York,43.64714538,-79.40399029,Yes,Clear,Natural,Dry,Non-Fatal Injury,Driver,65 to 69,None,East,Yes, ,Yes, , , , , , , , , , ,Trinity-Spadina (20),20,77,Waterfront Communities-The Island (77)
2009,28-10-2009 09:30,Major Arterial,Toronto East York,43.64714538,-79.40399029,Yes,Clear,Natural,Dry,Non-Fatal Injury,Pedestrian,45 to 49,Major,Unknown,Yes, ,Yes, , , , , , , , , , ,Trinity-Spadina (20),20,77,Waterfront Communities-The Island (77)
2009,28-10-2009 09:30,Major Arterial,Toronto East York,43.64714538,-79.40399029,Yes,Clear,Natural,Dry,Non-Fatal Injury,Vehicle Owner,unknown,unknown,Unknown,Yes, ,Yes, , , , , , , , , , ,Trinity-Spadina (20),20,77,Waterfront Communities-The Island (77)
2010,14-09-2010 09:30,Major Arterial,Scarborough,43.69074538,-79.26609029,Yes,Clear,Natural,Dry,Non-Fatal Injury,Motorcycle Driver,70 to 74,Major,North, , ,Yes,Yes, , , , , ,Yes, , , ,Scarborough Southwest (36),36,122,Birchcliffe-Cliffside (122)
2010,14-09-2010 09:30,Major Arterial,Scarborough,43.69074538,-79.26609029,Yes,Clear,Natural,Dry,Non-Fatal Injury,Driver,70 to 74,None,East, , ,Yes,Yes, , , , , ,Yes, , , ,Scarborough Southwest (36),36,122,Birchcliffe-Cliffside (122)
2010,01-11-2010 09:30,Major Arterial,Scarborough,43.75554538,-79.24529029,No,Clear,Natural,Dry,Non-Fatal Injury,Pedestrian,45 to 49,Major,South,Yes, ,Yes, , , , , , , , , , ,Scarborough Centre (38),38,127,Bendale (127)
2014,02-03-2014 10:30,Major Arterial,North York,43.78728064,-79.47004328,Yes,Clear,Natural,Wet,Non-Fatal Injury,Driver,75 to 79,Major,South, , ,Yes, , , , , , , , , , ,York Centre (10),10,34,Bathurst Manor (34)
2014,02-03-2014 10:30,Major Arterial,North York,43.78728064,-79.47004328,Yes,Clear,Natural,Wet,Non-Fatal Injury,Driver,35 to 39,Minimal,North, , ,Yes, , , , , , , , , , ,York Centre (10),10,34,Bathurst Manor (34)
2007,22-04-2007 09:30,Major Arterial,Toronto East York,43.66634538,-79.46489029,Yes,Clear,Natural,Dry,Non-Fatal Injury,Vehicle Owner,unknown,unknown,Unknown, , ,Yes, , , , ,Yes,Yes,Yes, ,Yes, ,Parkdale-High Park (14),14,90,Junction Area (90)
2007,22-04-2007 09:30,Major Arterial,Toronto East York,43.66634538,-79.46489029,Yes,Clear,Natural,Dry,Non-Fatal Injury,Driver,50 to 54,Major,South, , ,Yes, , , , ,Yes,Yes,Yes, ,Yes, ,Parkdale-High Park (14),14,90,Junction Area (90)
2007,22-04-2007 09:30,Major Arterial,Toronto East York,43.66634538,-79.46489029,Yes,Clear,Natural,Dry,Non-Fatal Injury,Passenger,20 to 24,Minimal,Unknown, , ,Yes, , , , ,Yes,Yes,Yes, ,Yes, ,Parkdale-High Park (14),14,90,Junction Area (90)
2007,22-04-2007 09:30,Major Arterial,Toronto East York,43.66634538,-79.46489029,Yes,Clear,Natural,Dry,Non-Fatal Injury,Driver,50 to 54,None,South, , ,Yes, , , , ,Yes,Yes,Yes, ,Yes, ,Parkdale-High Park (14),14,90,Junction Area (90)
2007,22-04-2007 09:30,Major Arterial,Toronto East York,43.66634538,-79.46489029,Yes,Clear,Natural,Dry,Non-Fatal Injury,Driver,60 to 64,None,West, , ,Yes, , , , ,Yes,Yes,Yes, ,Yes, ,Parkdale-High Park (14),14,90,Junction Area (90)
2007,22-06-2007 09:30,Minor Arterial,Scarborough,43.78324538,-79.17069029,Yes,Clear,Natural,Dry,Non-Fatal Injury,Motorcycle Driver,40 to 44,Major,West, , , ,Yes, , , , , ,Yes, , , ,Scarborough East (44),44,133,Centennial Scarborough (133)
2007,22-06-2007 09:30,Minor Arterial,Scarborough,43.78324538,-79.17069029,Yes,Clear,Natural,Dry,Non-Fatal Injury,Vehicle Owner,unknown,unknown,Unknown, , , ,Yes, , , , , ,Yes, , , ,Scarborough East (44),44,133,Centennial Scarborough (133)
2007,22-06-2007 09:30,Minor Arterial,Scarborough,43.78324538,-79.17069029,Yes,Clear,Natural,Dry,Non-Fatal Injury,Driver,40 to 44,None,South, , , ,Yes, , , , , ,Yes, , , ,Scarborough East (44),44,133,Centennial Scarborough (133)
2012,17-01-2012 10:30,Major Arterial,Etobicoke York,43.69154538,-79.57079029,Yes,Clear,Natural,Dry,Non-Fatal Injury,Passenger,80 to 84,Minor,Unknown, , ,Yes, , , , ,Yes, ,Yes,Yes, , ,Etobicoke North (2),2,1,West Humber-Clairville (1)
2012,17-01-2012 10:30,Major Arterial,Etobicoke York,43.69154538,-79.57079029,Yes,Clear,Natural,Dry,Non-Fatal Injury,Passenger,75 to 79,Minor,Unknown, , ,Yes, , , , ,Yes, ,Yes,Yes, , ,Etobicoke North (2),2,1,West Humber-Clairville (1)
2012,17-01-2012 10:30,Major Arterial,Etobicoke York,43.69154538,-79.57079029,Yes,Clear,Natural,Dry,Non-Fatal Injury,Passenger,70 to 74,Minor,Unknown, , ,Yes, , , , ,Yes, ,Yes,Yes, , ,Etobicoke North (2),2,1,West Humber-Clairville (1)
2012,17-01-2012 10:30,Major Arterial,Etobicoke York,43.69154538,-79.57079029,Yes,Clear,Natural,Dry,Non-Fatal Injury,Driver,75 to 79,Minor,North, , ,Yes, , , , ,Yes, ,Yes,Yes, , ,Etobicoke North (2),2,1,West Humber-Clairville (1)
2012,17-01-2012 10:30,Major Arterial,Etobicoke York,43.69154538,-79.57079029,Yes,Clear,Natural,Dry,Non-Fatal Injury,Driver,50 to 54,Major,East, , ,Yes, , , , ,Yes, ,Yes,Yes, , ,Etobicoke North (2),2,1,West Humber-Clairville (1)
2012,25-06-2012 09:30,Minor Arterial,Etobicoke York,43.65474661,-79.56518946,No,Clear,Natural,Dry,Non-Fatal Injury,Driver,60 to 64,None,West, ,Yes,Yes, , , , , , , , , , ,Etobicoke Centre (3),3,11,Eringate-Centennial-West Deane (11)
2012,25-06-2012 09:30,Minor Arterial,Etobicoke York,43.65474661,-79.56518946,No,Clear,Natural,Dry,Non-Fatal Injury,Cyclist,80 to 84,Major,West, ,Yes,Yes, , , , , , , , , , ,Etobicoke Centre (3),3,11,Eringate-Centennial-West Deane (11)
2013,05-08-2013 09:30,Major Arterial,Etobicoke York,43.62358435,-79.51477442,Yes,Clear,Natural,Dry,Non-Fatal Injury,Vehicle Owner,unknown,unknown,Unknown,Yes, ,Yes, , , , , , ,Yes, , , ,Etobicoke-Lakeshore (5),5,16,Stonegate-Queensway (16)
2013,05-08-2013 09:30,Major Arterial,Etobicoke York,43.62358435,-79.51477442,Yes,Clear,Natural,Dry,Non-Fatal Injury,Driver,20 to 24,None,South,Yes, ,Yes, , , , , , ,Yes, , , ,Etobicoke-Lakeshore (5),5,16,Stonegate-Queensway (16)
2013,05-08-2013 09:30,Major Arterial,Etobicoke York,43.62358435,-79.51477442,Yes,Clear,Natural,Dry,Non-Fatal Injury,Pedestrian,85 to 89,Major,East,Yes, ,Yes, , , , , , ,Yes, , , ,Etobicoke-Lakeshore (5),5,16,Stonegate-Queensway (16)
2015,16-08-2015 09:30,Major Arterial,North York,43.73298605,-79.38129053,Yes,Clear,Natural,Dry,Fatal,Driver,85 to 89,Fatal,South, , ,Yes, , , , , , ,Yes,Yes, , ,Don Valley West (25),25,41,Bridle Path-Sunnybrook-York Mills (41)
2015,16-08-2015 09:30,Major Arterial,North York,43.73298605,-79.38129053,Yes,Clear,Natural,Dry,Fatal,Driver,20 to 24,None,East, , ,Yes, , , , , , ,Yes,Yes, , ,Don Valley West (25),25,41,Bridle Path-Sunnybrook-York Mills (41)
2014,18-11-2014 10:30,Major Arterial,North York,43.80295523,-79.397297,No,Clear,Natural,Dry,Non-Fatal Injury,Driver,55 to 59,None,West, , , , , ,Yes, ,Yes, , , , , ,Willowdale (24),24,50,Newtonbrook East (50)
2014,18-11-2014 10:30,Major Arterial,North York,43.80295523,-79.397297,No,Clear,Natural,Dry,Non-Fatal Injury,Passenger,55 to 59,Major,Unknown, , , , , ,Yes, ,Yes, , , , , ,Willowdale (24),24,50,Newtonbrook East (50)
2015,18-07-2015 09:30,Major Arterial,North York,43.80104788,-79.40623865,Yes,Clear,Natural,Dry,Non-Fatal Injury,Driver,75 to 79,Minor,West, , ,Yes, , , , ,Yes, ,Yes, , , ,Willowdale (24),24,50,Newtonbrook East (50)
2015,18-07-2015 09:30,Major Arterial,North York,43.80104788,-79.40623865,Yes,Clear,Natural,Dry,Non-Fatal Injury,Driver,75 to 79,Major,East, , ,Yes, , , , ,Yes, ,Yes, , , ,Willowdale (24),24,50,Newtonbrook East (50)
2015,18-07-2015 09:30,Major Arterial,North York,43.80104788,-79.40623865,Yes,Clear,Natural,Dry,Non-Fatal Injury,Driver,40 to 44,Minor,North, , ,Yes, , , , ,Yes, ,Yes, , , ,Willowdale (24),24,50,Newtonbrook East (50)
2015,18-07-2015 09:30,Major Arterial,North York,43.80104788,-79.40623865,Yes,Clear,Natural,Dry,Non-Fatal Injury,Passenger,10 to 14,None,Unknown, , ,Yes, , , , ,Yes, ,Yes, , , ,Willowdale (24),24,50,Newtonbrook East (50)
2015,22-08-2015 09:30,Major Arterial,Scarborough,43.72277792,-79.30184565,No,Clear,Natural,Dry,Non-Fatal Injury,Motorcycle Driver,55 to 59,Major,South, , , ,Yes, , , , ,Yes,Yes, , , ,Scarborough Southwest (35),35,120,Clairlea-Birchmount (120)
2007,15-12-2007 10:30,Major Arterial,Scarborough,43.76284538,-79.21109029,No,Snow,Natural,Snow,Fatal,Vehicle Owner,unknown,unknown,Unknown,Yes, ,Yes, , , , , , , , , , ,Scarborough East (43),43,137,Woburn (137)
2007,15-12-2007 10:30,Major Arterial,Scarborough,43.76284538,-79.21109029,No,Snow,Natural,Snow,Fatal,Driver,55 to 59,None,West,Yes, ,Yes, , , , , , , , , , ,Scarborough East (43),43,137,Woburn (137)
2007,15-12-2007 10:30,Major Arterial,Scarborough,43.76284538,-79.21109029,No,Snow,Natural,Snow,Fatal,Pedestrian,40 to 44,Fatal,North,Yes, ,Yes, , , , , , , , , , ,Scarborough East (43),43,137,Woburn (137)
2012,11-01-2012 10:30,Major Arterial,Toronto East York,43.68764538,-79.39639029,No,Clear,Natural,Dry,Non-Fatal Injury,Vehicle Owner,unknown,unknown,Unknown,Yes, , , , ,Yes, , , , , , , ,St. Paul's (22),22,97,Yonge-St.Clair (97)
2012,11-01-2012 10:30,Major Arterial,Toronto East York,43.68764538,-79.39639029,No,Clear,Natural,Dry,Non-Fatal Injury,Pedestrian,15 to 19,Major,North,Yes, , , , ,Yes, , , , , , , ,St. Paul's (22),22,97,Yonge-St.Clair (97)
2012,11-01-2012 10:30,Major Arterial,Toronto East York,43.68764538,-79.39639029,No,Clear,Natural,Dry,Non-Fatal Injury,Driver,55 to 59,None,East,Yes, , , , ,Yes, , , , , , , ,St. Paul's (22),22,97,Yonge-St.Clair (97)
2015,01-10-2015 09:30,Minor Arterial,Toronto East York,43.66285666,-79.36738215,No,Clear,Natural,Dry,Non-Fatal Injury,Driver,unknown,None,North, ,Yes,Yes, , , , , , , , , , ,Toronto Centre-Rosedale (28),28,71,Cabbagetown-South St.James Town (71)
2015,01-10-2015 09:30,Minor Arterial,Toronto East York,43.66285666,-79.36738215,No,Clear,Natural,Dry,Non-Fatal Injury,Cyclist,60 to 64,Major,North, ,Yes,Yes, , , , , , , , , , ,Toronto Centre-Rosedale (28),28,71,Cabbagetown-South St.James Town (71)
2017,28-11-2017 10:30,Collector,North York,43.707172,-79.40327082,Yes,Clear,Natural,Dry,Fatal,Driver,50 to 54,None,West,Yes, , , , , , , , ,Yes, , , ,Eglinton-Lawrence (16),16,100,Yonge-Eglinton (100)
2017,28-11-2017 10:30,Collector,North York,43.707172,-79.40327082,Yes,Clear,Natural,Dry,Fatal,Pedestrian,80 to 84,Fatal,Unknown,Yes, , , , , , , , ,Yes, , , ,Eglinton-Lawrence (16),16,100,Yonge-Eglinton (100)
2013,12-04-2013 09:30,Minor Arterial,Toronto East York,43.65824538,-79.37789029,Yes,Rain,Natural,Wet,Non-Fatal Injury,Vehicle Owner,unknown,unknown,Unknown,Yes, ,Yes, , , , , , ,Yes, , , ,Toronto Centre-Rosedale (27),27,75,Church-Yonge Corridor (75)
2013,12-04-2013 09:30,Minor Arterial,Toronto East York,43.65824538,-79.37789029,Yes,Rain,Natural,Wet,Non-Fatal Injury,Driver,30 to 34,None,East,Yes, ,Yes, , , , , , ,Yes, , , ,Toronto Centre-Rosedale (27),27,75,Church-Yonge Corridor (75)
2013,12-04-2013 09:30,Minor Arterial,Toronto East York,43.65824538,-79.37789029,Yes,Rain,Natural,Wet,Non-Fatal Injury,Pedestrian,80 to 84,Major,East,Yes, ,Yes, , , , , , ,Yes, , , ,Toronto Centre-Rosedale (27),27,75,Church-Yonge Corridor (75)
2011,12-10-2011 09:30,Major Arterial,Toronto East York,43.69734538,-79.39649029,No,Rain,Natural,Wet,Non-Fatal Injury,Driver,60 to 64,None,North,Yes, ,Yes, , , , , , , , , , ,St. Paul's (22),22,100,Yonge-Eglinton (100)
2011,12-10-2011 09:30,Major Arterial,Toronto East York,43.69734538,-79.39649029,No,Rain,Natural,Wet,Non-Fatal Injury,In-Line Skater,15 to 19,Major,West,Yes, ,Yes, , , , , , , , , , ,St. Paul's (22),22,100,Yonge-Eglinton (100)
2012,05-03-2012 10:30,Local,Toronto East York,43.69644538,-79.29229029,No,Clear,Natural,Dry,Non-Fatal Injury,Driver,50 to 54,None,South,Yes, ,Yes, , , , , , ,Yes, , , ,Beaches-East York (31),31,61,Taylor-Massey (61)
2012,05-03-2012 10:30,Local,Toronto East York,43.69644538,-79.29229029,No,Clear,Natural,Dry,Non-Fatal Injury,Pedestrian,unknown,Major,West,Yes, ,Yes, , , , , , ,Yes, , , ,Beaches-East York (31),31,61,Taylor-Massey (61)
2012,19-10-2012 09:30,Major Arterial,Toronto East York,43.65214538,-79.36439029,Yes,Clear,Natural,Dry,Non-Fatal Injury,Driver,45 to 49,None,East, , ,Yes, , , , , , , , , , ,Toronto Centre-Rosedale (28),28,73,Moss Park (73)
2012,19-10-2012 09:30,Major Arterial,Toronto East York,43.65214538,-79.36439029,Yes,Clear,Natural,Dry,Non-Fatal Injury,Vehicle Owner,unknown,unknown,Unknown, , ,Yes, , , , , , , , , , ,Toronto Centre-Rosedale (28),28,73,Moss Park (73)
2012,19-10-2012 09:30,Major Arterial,Toronto East York,43.65214538,-79.36439029,Yes,Clear,Natural,Dry,Non-Fatal Injury,Driver,55 to 59,Major,East, , ,Yes, , , , , , , , , , ,Toronto Centre-Rosedale (28),28,73,Moss Park (73)
2013,30-03-2013 09:30,Major Arterial,Etobicoke York,43.67723425,-79.49613581,No,Clear,Natural,Dry,Non-Fatal Injury,Driver,unknown,None,North, ,Yes,Yes, , , , , , ,Yes, , , ,York South-Weston (11),11,111,Rockcliffe-Smythe (111)
2013,30-03-2013 09:30,Major Arterial,Etobicoke York,43.67723425,-79.49613581,No,Clear,Natural,Dry,Non-Fatal Injury,Cyclist,40 to 44,Major,South, ,Yes,Yes, , , , , , ,Yes, , , ,York South-Weston (11),11,111,Rockcliffe-Smythe (111)
2008,25-05-2008 09:30,Major Arterial,Etobicoke York,43.61854538,-79.48669029,No,Clear,Natural,Dry,Non-Fatal Injury,Driver,20 to 24,None,West, ,Yes,Yes, , , , , , ,Yes, , , ,Etobicoke-Lakeshore (6),6,17,Mimico (includes Humber Bay Shores) (17)
2008,25-05-2008 09:30,Major Arterial,Etobicoke York,43.61854538,-79.48669029,No,Clear,Natural,Dry,Non-Fatal Injury,Cyclist,25 to 29,Major,North, ,Yes,Yes, , , , , , ,Yes, , , ,Etobicoke-Lakeshore (6),6,17,Mimico (includes Humber Bay Shores) (17)
2008,10-12-2008 10:30,Major Arterial,Toronto East York,43.64564538,-79.36989029,Yes,Clear,Natural,Wet,Non-Fatal Injury,Driver,55 to 59,Minimal,East, , ,Yes, , , , ,Yes, , , , , ,Toronto Centre-Rosedale (28),28,77,Waterfront Communities-The Island (77)
2008,10-12-2008 10:30,Major Arterial,Toronto East York,43.64564538,-79.36989029,Yes,Clear,Natural,Wet,Non-Fatal Injury,Passenger,70 to 74,Major,Unknown, , ,Yes, , , , ,Yes, , , , , ,Toronto Centre-Rosedale (28),28,77,Waterfront Communities-The Island (77)
2008,10-12-2008 10:30,Major Arterial,Toronto East York,43.64564538,-79.36989029,Yes,Clear,Natural,Wet,Non-Fatal Injury,Driver,70 to 74,Minor,West, , ,Yes, , , , ,Yes, , , , , ,Toronto Centre-Rosedale (28),28,77,Waterfront Communities-The Island (77)
2011,16-07-2011 09:30,Minor Arterial,Etobicoke York,43.69614538,-79.53269029,Yes,Clear,Natural,Dry,Fatal,Passenger,70 to 74,Fatal,Unknown, , ,Yes, , , , ,Yes, , , , , ,Etobicoke North (2),2,8,Humber Heights-Westmount (8)