YEAR,DATE,ROAD_CLASS,District,LATITUDE,LONGITUDE,TRAFFCTL,VISIBILITY,LIGHT,RDSFCOND,ACCLASS,INVTYPE,INVAGE,INJURY,INITDIR,PEDESTRIAN,CYCLIST,AUTOMOBILE,MOTORCYCLE,TRUCK,TRSN_CITY_VEH,EMERG_VEH,PASSENGER,SPEEDING,AG_DRIV,REDLIGHT,ALCOHOL,DISABILITY,Ward_Name,Ward_ID,Hood_ID,Hood_Name
2010,20-09-2010 09:30,Major Arterial,North York,43.78914538,-79.37329029,Yes,Clear,Natural,Dry,Non-Fatal Injury,Driver,30 to 34,None,South,Yes, ,Yes, , , , , , ,Yes, , , ,Don Valley East (33),33,52,Bayview Village (52)
2010,20-09-2010 09:30,Major Arterial,North York,43.78914538,-79.37329029,Yes,Clear,Natural,Dry,Non-Fatal Injury,Pedestrian,70 to 74,Major,North,Yes, ,Yes, , , , , , ,Yes, , , ,Don Valley East (33),33,52,Bayview Village (52)
2009,17-07-2009 09:30,Major Arterial,Toronto East York,43.66304538,-79.40209029,Yes,Clear,Natural,Dry,Non-Fatal Injury,Driver,35 to 39,None,East, ,Yes,Yes, , , , , , , , , , ,Trinity-Spadina (20),20,79,University (79)
2009,17-07-2009 09:30,Major Arterial,Toronto East York,43.66304538,-79.40209029,Yes,Clear,Natural,Dry,Non-Fatal Injury,Cyclist,25 to 29,Major,East, ,Yes,Yes, , , , , , , , , , ,Trinity-Spadina (20),20,79,University (79)
2014,05-05-2014 09:30,Major Arterial,Toronto East York,43.67391928,-79.30791865,Yes,Clear,Natural,Dry,Non-Fatal Injury,Cyclist,50 to 54,Major,North, ,Yes,Yes, , , , ,Yes, ,Yes, , , ,Beaches-East York (32),32,63,The Beaches (63)
2014,05-05-2014 09:30,Major Arterial,Toronto East York,43.67391928,-79.30791865,Yes,Clear,Natural,Dry,Non-Fatal Injury,Driver,45 to 49,None,South, ,Yes,Yes, , , , ,Yes, ,Yes, , , ,Beaches-East York (32),32,63,The Beaches (63)
2014,05-05-2014 09:30,Major Arterial,Toronto East York,43.67391928,-79.30791865,Yes,Clear,Natural,Dry,Non-Fatal Injury,Passenger,20 to 24,None,Unknown, ,Yes,Yes, , , , ,Yes, ,Yes, , , ,Beaches-East York (32),32,63,The Beaches (63)
2007,19-10-2007 09:30,Collector,Etobicoke York,43.71624538,-79.55869029,No,Rain,Natural,Wet,Fatal,Passenger,80 to 84,Fatal,Unknown, , ,Yes, , ,Yes, ,Yes, , , ,Yes, ,Etobicoke North (2),2,4,Rexdale-Kipling (4)
2007,19-10-2007 09:30,Collector,Etobicoke York,43.71624538,-79.55869029,No,Rain,Natural,Wet,Fatal,Passenger,80 to 84,Fatal,Unknown, , ,Yes, , ,Yes, ,Yes, , , ,Yes, ,Etobicoke North (2),2,4,Rexdale-Kipling (4)
2007,19-10-2007 09:30,Collector,Etobicoke York,43.71624538,-79.55869029,No,Rain,Natural,Wet,Fatal,Vehicle Owner,unknown,unknown,Unknown, , ,Yes, , ,Yes, ,Yes, , , ,Yes, ,Etobicoke North (2),2,4,Rexdale-Kipling (4)
2007,19-10-2007 09:30,Collector,Etobicoke York,43.71624538,-79.55869029,No,Rain,Natural,Wet,Fatal,Driver,70 to 74,Major,North, , ,Yes, , ,Yes, ,Yes, , , ,Yes, ,Etobicoke North (2),2,4,Rexdale-Kipling (4)
2007,19-10-2007 09:30,Collector,Etobicoke York,43.71624538,-79.55869029,No,Rain,Natural,Wet,Fatal,Vehicle Owner,unknown,unknown,Unknown, , ,Yes, , ,Yes, ,Yes, , , ,Yes, ,Etobicoke North (2),2,4,Rexdale-Kipling (4)
2007,19-10-2007 09:30,Collector,Etobicoke York,43.71624538,-79.55869029,No,Rain,Natural,Wet,Fatal,Driver,55 to 59,None,South, , ,Yes, , ,Yes, ,Yes, , , ,Yes, ,Etobicoke North (2),2,4,Rexdale-Kipling (4)
2009,04-08-2009 09:30,Major Arterial,Scarborough,43.72884538,-79.30439029,Yes,Clear,Natural,Dry,Non-Fatal Injury,Vehicle Owner,unknown,unknown,Unknown, , ,Yes, , , , , , , , , , ,Don Valley East (34),34,43,Victoria Village (43)
2009,04-08-2009 09:30,Major Arterial,Scarborough,43.72884538,-79.30439029,Yes,Clear,Natural,Dry,Non-Fatal Injury,Driver,45 to 49,Minimal,East, , ,Yes, , , , , , , , , , ,Don Valley East (34),34,43,Victoria Village (43)
2009,04-08-2009 09:30,Major Arterial,Scarborough,43.72884538,-79.30439029,Yes,Clear,Natural,Dry,Non-Fatal Injury,Driver,30 to 34,Minimal,South, , ,Yes, , , , , , , , , , ,Don Valley East (34),34,43,Victoria Village (43)
2009,04-08-2009 09:30,Major Arterial,Scarborough,43.72884538,-79.30439029,Yes,Clear,Natural,Dry,Non-Fatal Injury,Driver,40 to 44,Major,South, , ,Yes, , , , , , , , , , ,Don Valley East (34),34,43,Victoria Village (43)
2009,24-09-2009 09:30,Minor Arterial,Toronto East York,43.65874538,-79.37809029,No,Clear,Natural,Dry,Non-Fatal Injury,Driver,unknown,None,South, ,Yes,Yes, , , , , , , , , , ,Toronto Centre-Rosedale (27),27,75,Church-Yonge Corridor (75)
2009,24-09-2009 09:30,Minor Arterial,Toronto East York,43.65874538,-79.37809029,No,Clear,Natural,Dry,Non-Fatal Injury,Cyclist,20 to 24,Major,South, ,Yes,Yes, , , , , , , , , , ,Toronto Centre-Rosedale (27),27,75,Church-Yonge Corridor (75)
2011,07-10-2011 09:30,Collector,North York,43.79084538,-79.44409029,No,Clear,Natural,Dry,Non-Fatal Injury,Driver,65 to 69,None,West,Yes, ,Yes, , , , , , , , , , ,York Centre (10),10,36,Newtonbrook West (36)
2011,07-10-2011 09:30,Collector,North York,43.79084538,-79.44409029,No,Clear,Natural,Dry,Non-Fatal Injury,Pedestrian,15 to 19,Major,Unknown,Yes, ,Yes, , , , , , , , , , ,York Centre (10),10,36,Newtonbrook West (36)
2012,02-04-2012 09:30,Minor Arterial,Toronto East York,43.66264538,-79.33279029,Yes,Clear,Natural,Dry,Non-Fatal Injury,Vehicle Owner,unknown,unknown,Unknown,Yes, ,Yes, , , , , , ,Yes, , , ,Toronto-Danforth (30),30,70,South Riverdale (70)
2012,02-04-2012 09:30,Minor Arterial,Toronto East York,43.66264538,-79.33279029,Yes,Clear,Natural,Dry,Non-Fatal Injury,Driver,30 to 34,None,South,Yes, ,Yes, , , , , , ,Yes, , , ,Toronto-Danforth (30),30,70,South Riverdale (70)
2012,02-04-2012 09:30,Minor Arterial,Toronto East York,43.66264538,-79.33279029,Yes,Clear,Natural,Dry,Non-Fatal Injury,Pedestrian,75 to 79,Major,North,Yes, ,Yes, , , , , , ,Yes, , , ,Toronto-Danforth (30),30,70,South Riverdale (70)
2011,11-01-2011 10:30,Major Arterial,Toronto East York,43.64724538,-79.40389029,No,Clear,Natural,Wet,Fatal,Vehicle Owner,unknown,unknown,Unknown,Yes, , , , ,Yes, , , , , , , ,Trinity-Spadina (20),20,78,Kensington-Chinatown (78)
2009,06-10-2009 09:30,Minor Arterial,North York,43.79304538,-79.41189029,Yes,Clear,Natural,Dry,Non-Fatal Injury,Pedestrian,85 to 89,Major,East,Yes, ,Yes, , , , , , ,Yes, , , ,Willowdale (24),24,50,Newtonbrook East (50)
2014,14-04-2014 09:30,Major Arterial,Etobicoke York,43.72042044,-79.60916529,No,Clear,Natural,Dry,Non-Fatal Injury,Cyclist,55 to 59,Major,West, ,Yes,Yes, , , , , , ,Yes, , , ,Etobicoke North (2),2,1,West Humber-Clairville (1)
2011,11-01-2011 10:30,Major Arterial,Toronto East York,43.64724538,-79.40389029,No,Clear,Natural,Wet,Fatal,Driver,50 to 54,None,West,Yes, , , , ,Yes, , , , , , , ,Trinity-Spadina (20),20,78,Kensington-Chinatown (78)
2012,21-09-2012 09:30,Major Arterial,Toronto East York,43.70334538,-79.42589029,Yes,Clear,Natural,Dry,Non-Fatal Injury,Pedestrian,70 to 74,Major,West,Yes, ,Yes, , , , , , ,Yes, , , ,St. Paul's (21),21,102,Forest Hill North (102)
2014,10-09-2014 09:30,Major Arterial,Scarborough,43.71645315,-79.26130305,No,Clear,Natural,Dry,Non-Fatal Injury,Driver - Not Hit,unknown,None,Unknown, , , ,Yes, , , , ,Yes,Yes, , , ,Scarborough Southwest (35),35,120,Clairlea-Birchmount (120)
2009,23-12-2009 10:30,Major Arterial,Scarborough,43.73814538,-79.21779029,No,Clear,Natural,Dry,Fatal,Driver,80 to 84,Fatal,East, , ,Yes, , , , , , , , , ,Yes,Scarborough Southwest (36),36,139,Scarborough Village (139)
2013,25-01-2013 10:30,Major Arterial,Etobicoke York,43.74464538,-79.60999029,No,Clear,Natural,Dry,Non-Fatal Injury,Truck Driver,60 to 64,None,East, , ,Yes, ,Yes, , , ,Yes,Yes, , , ,Etobicoke North (1),1,1,West Humber-Clairville (1)
2011,20-07-2011 09:30,Major Arterial,Scarborough,43.80274538,-79.30849029,No,Clear,Natural,Dry,Non-Fatal Injury,Driver,50 to 54,Minimal,South, , ,Yes, , , , ,Yes, ,Yes, , , ,Scarborough-Agincourt (39),39,117,L'Amoreaux (117)
2014,10-09-2014 09:30,Major Arterial,Scarborough,43.71645315,-79.26130305,No,Clear,Natural,Dry,Non-Fatal Injury,Motorcycle Driver,20 to 24,Major,West, , , ,Yes, , , , ,Yes,Yes, , , ,Scarborough Southwest (35),35,120,Clairlea-Birchmount (120)
2013,20-02-2013 10:30,Major Arterial,Etobicoke York,43.67724538,-79.49609029,Yes,Clear,Natural,Dry,Non-Fatal Injury,Passenger,20 to 24,Minor,Unknown, , ,Yes, , , , ,Yes, ,Yes, , , ,York South-Weston (11),11,111,Rockcliffe-Smythe (111)
2013,25-01-2013 10:30,Major Arterial,Etobicoke York,43.74464538,-79.60999029,No,Clear,Natural,Dry,Non-Fatal Injury,Vehicle Owner,unknown,unknown,Unknown, , ,Yes, ,Yes, , , ,Yes,Yes, , , ,Etobicoke North (1),1,1,West Humber-Clairville (1)
2009,23-12-2009 10:30,Major Arterial,Scarborough,43.73814538,-79.21779029,No,Clear,Natural,Dry,Fatal,Driver,55 to 59,None,East, , ,Yes, , , , , , , , , ,Yes,Scarborough Southwest (36),36,139,Scarborough Village (139)
2013,25-01-2013 10:30,Major Arterial,Etobicoke York,43.74464538,-79.60999029,No,Clear,Natural,Dry,Non-Fatal Injury,Driver,25 to 29,Major,East, , ,Yes, ,Yes, , , ,Yes,Yes, , , ,Etobicoke North (1),1,1,West Humber-Clairville (1)
2015,23-05-2015 09:30,Major Arterial,Etobicoke York,43.62295874,-79.48119746,Yes,Clear,Natural,Dry,Non-Fatal Injury,Driver,50 to 54,None,East, ,Yes,Yes, , , , , , ,Yes, , , ,Etobicoke-Lakeshore (6),6,17,Mimico (includes Humber Bay Shores) (17)
2013,20-02-2013 10:30,Major Arterial,Etobicoke York,43.67724538,-79.49609029,Yes,Clear,Natural,Dry,Non-Fatal Injury,Driver,15 to 19,Minor,North, , ,Yes, , , , ,Yes, ,Yes, , , ,York South-Weston (11),11,111,Rockcliffe-Smythe (111)
2011,20-07-2011 09:30,Major Arterial,Scarborough,43.80274538,-79.30849029,No,Clear,Natural,Dry,Non-Fatal Injury,Passenger,60 to 64,Minimal,Unknown, , ,Yes, , , , ,Yes, ,Yes, , , ,Scarborough-Agincourt (39),39,117,L'Amoreaux (117)
2009,23-12-2009 10:30,Major Arterial,Scarborough,43.73814538,-79.21779029,No,Clear,Natural,Dry,Fatal,Vehicle Owner,unknown,unknown,Unknown, , ,Yes, , , , , , , , , ,Yes,Scarborough Southwest (36),36,139,Scarborough Village (139)
2013,25-01-2013 10:30,Major Arterial,Etobicoke York,43.74464538,-79.60999029,No,Clear,Natural,Dry,Non-Fatal Injury,Trailer Owner,unknown,unknown,Unknown, , ,Yes, ,Yes, , , ,Yes,Yes, , , ,Etobicoke North (1),1,1,West Humber-Clairville (1)
2015,23-05-2015 09:30,Major Arterial,Etobicoke York,43.62295874,-79.48119746,Yes,Clear,Natural,Dry,Non-Fatal Injury,Cyclist,45 to 49,Major,East, ,Yes,Yes, , , , , , ,Yes, , , ,Etobicoke-Lakeshore (6),6,17,Mimico (includes Humber Bay Shores) (17)
2011,20-07-2011 09:30,Major Arterial,Scarborough,43.80274538,-79.30849029,No,Clear,Natural,Dry,Non-Fatal Injury,Driver,60 to 64,Major,East, , ,Yes, , , , ,Yes, ,Yes, , , ,Scarborough-Agincourt (39),39,117,L'Amoreaux (117)
2009,01-09-2009 09:30,Collector,Toronto East York,43.65844538,-79.39319029,No,Clear,Natural,Dry,Non-Fatal Injury,Driver,40 to 44,None,North, ,Yes,Yes, , , , , , , , , , ,Trinity-Spadina (20),20,78,Kensington-Chinatown (78)
2009,01-09-2009 09:30,Collector,Toronto East York,43.65844538,-79.39319029,No,Clear,Natural,Dry,Non-Fatal Injury,Driver,65 to 69,None,North, ,Yes,Yes, , , , , , , , , , ,Trinity-Spadina (20),20,78,Kensington-Chinatown (78)
2009,01-09-2009 09:30,Collector,Toronto East York,43.65844538,-79.39319029,No,Clear,Natural,Dry,Non-Fatal Injury,Cyclist,30 to 34,Major,North, ,Yes,Yes, , , , , , , , , , ,Trinity-Spadina (20),20,78,Kensington-Chinatown (78)
2011,18-04-2011 09:30,Major Arterial,Etobicoke York,43.73984538,-79.60559029,No,Clear,Natural,Dry,Non-Fatal Injury,Passenger,30 to 34,Major,Unknown, , ,Yes, ,Yes, , ,Yes, , , , , ,Etobicoke North (1),1,1,West Humber-Clairville (1)
2011,18-04-2011 09:30,Major Arterial,Etobicoke York,43.73984538,-79.60559029,No,Clear,Natural,Dry,Non-Fatal Injury,Driver,85 to 89,Minor,North, , ,Yes, ,Yes, , ,Yes, , , , , ,Etobicoke North (1),1,1,West Humber-Clairville (1)
2011,18-04-2011 09:30,Major Arterial,Etobicoke York,43.73984538,-79.60559029,No,Clear,Natural,Dry,Non-Fatal Injury,Vehicle Owner,unknown,unknown,Unknown, , ,Yes, ,Yes, , ,Yes, , , , , ,Etobicoke North (1),1,1,West Humber-Clairville (1)
2011,18-04-2011 09:30,Major Arterial,Etobicoke York,43.73984538,-79.60559029,No,Clear,Natural,Dry,Non-Fatal Injury,Truck Driver,45 to 49,None,North, , ,Yes, ,Yes, , ,Yes, , , , , ,Etobicoke North (1),1,1,West Humber-Clairville (1)
2014,08-07-2014 09:30,Minor Arterial,Scarborough,43.8041149,-79.33072291,Yes,Clear,Natural,Dry,Fatal,Driver,80 to 84,Minor,South, , ,Yes, , , , ,Yes, ,Yes,Yes, , ,Scarborough-Agincourt (39),39,116,Steeles (116)
2014,08-07-2014 09:30,Minor Arterial,Scarborough,43.8041149,-79.33072291,Yes,Clear,Natural,Dry,Fatal,Driver,30 to 34,None,West, , ,Yes, , , , ,Yes, ,Yes,Yes, , ,Scarborough-Agincourt (39),39,116,Steeles (116)
2014,08-07-2014 09:30,Minor Arterial,Scarborough,43.8041149,-79.33072291,Yes,Clear,Natural,Dry,Fatal,Passenger,90 to 94,Major,Unknown, , ,Yes, , , , ,Yes, ,Yes,Yes, , ,Scarborough-Agincourt (39),39,116,Steeles (116)
2014,08-07-2014 09:30,Minor Arterial,Scarborough,43.8041149,-79.33072291,Yes,Clear,Natural,Dry,Fatal,Passenger,85 to 89,Fatal,Unknown, , ,Yes, , , , ,Yes, ,Yes,Yes, , ,Scarborough-Agincourt (39),39,116,Steeles (116)
2014,11-10-2014 09:30,Major Arterial,North York,43.7163082,-79.44320307,Yes,Clear,Natural,Dry,Fatal,Driver,30 to 34,None,North,Yes, , , , ,Yes, , , , , , , ,Eglinton-Lawrence (15),15,32,Englemount-Lawrence (32)
2014,11-10-2014 09:30,Major Arterial,North York,43.7163082,-79.44320307,Yes,Clear,Natural,Dry,Fatal,Pedestrian,65 to 69,Fatal,South,Yes, , , , ,Yes, , , , , , , ,Eglinton-Lawrence (15),15,32,Englemount-Lawrence (32)
2008,28-02-2008 10:30,Major Arterial,Scarborough,43.82134538,-79.31689029,Yes,Clear,Natural,Dry,Fatal,Driver,60 to 64,Fatal,East, , ,Yes, , , , , , ,Yes,Yes, , ,Scarborough-Agincourt (39),39,116,Steeles (116)
2008,28-02-2008 10:30,Major Arterial,Scarborough,43.82134538,-79.31689029,Yes,Clear,Natural,Dry,Fatal,Vehicle Owner,unknown,unknown,Unknown, , ,Yes, , , , , , ,Yes,Yes, , ,Scarborough-Agincourt (39),39,116,Steeles (116)
2008,28-02-2008 10:30,Major Arterial,Scarborough,43.82134538,-79.31689029,Yes,Clear,Natural,Dry,Fatal,Driver,60 to 64,Minor,South, , ,Yes, , , , , , ,Yes,Yes, , ,Scarborough-Agincourt (39),39,116,Steeles (116)
2008,20-09-2008 09:30,Major Arterial,Etobicoke York,43.69704538,-79.54669029,No,Clear,Natural,Dry,Non-Fatal Injury,Driver,55 to 59,Minimal,South, , ,Yes, , , , , , ,Yes, , , ,Etobicoke Centre (4),4,6,Kingsview Village-The Westway (6)
2008,20-09-2008 09:30,Major Arterial,Etobicoke York,43.69704538,-79.54669029,No,Clear,Natural,Dry,Non-Fatal Injury,Driver,45 to 49,Major,South, , ,Yes, , , , , , ,Yes, , , ,Etobicoke Centre (4),4,6,Kingsview Village-The Westway (6)
2008,02-10-2008 09:30,Major Arterial,North York,43.78324538,-79.41639029,No,Clear,Natural,Dry,Fatal,Vehicle Owner,unknown,unknown,Unknown,Yes, ,Yes, , , , , , , , , , ,Willowdale (24),24,50,Newtonbrook East (50)
2008,02-10-2008 09:30,Major Arterial,North York,43.78324538,-79.41639029,No,Clear,Natural,Dry,Fatal,Driver,45 to 49,None,North,Yes, ,Yes, , , , , , , , , , ,Willowdale (24),24,50,Newtonbrook East (50)
2008,02-10-2008 09:30,Major Arterial,North York,43.78324538,-79.41639029,No,Clear,Natural,Dry,Fatal,Pedestrian,85 to 89,Fatal,West,Yes, ,Yes, , , , , , , , , , ,Willowdale (24),24,50,Newtonbrook East (50)
2011,15-01-2011 10:30,Minor Arterial,Etobicoke York,43.66554538,-79.58619029,No,Snow,Natural,Slush/Ice,Non-Fatal Injury,Passenger,15 to 19,Minor,Unknown, , ,Yes, , , , ,Yes,Yes,Yes, , , ,Etobicoke Centre (3),3,11,Eringate-Centennial-West Deane (11)
2011,15-01-2011 10:30,Minor Arterial,Etobicoke York,43.66554538,-79.58619029,No,Snow,Natural,Slush/Ice,Non-Fatal Injury,Driver,45 to 49,Major,East, , ,Yes, , , , ,Yes,Yes,Yes, , , ,Etobicoke Centre (3),3,11,Eringate-Centennial-West Deane (11)
2012,20-03-2012 09:30,Major Arterial,Etobicoke York,43.63294538,-79.47319029,No,"Fog, Mist, Smoke, Dust",Natural,Dry,Non-Fatal Injury,Driver,65 to 69,Major,East, , ,Yes, , , , , ,Yes,Yes, , , ,Etobicoke-Lakeshore (6),6,17,Mimico (includes Humber Bay Shores) (17)
2012,20-03-2012 09:30,Major Arterial,Etobicoke York,43.63294538,-79.47319029,No,"Fog, Mist, Smoke, Dust",Natural,Dry,Non-Fatal Injury,Driver,35 to 39,None,East, , ,Yes, , , , , ,Yes,Yes, , , ,Etobicoke-Lakeshore (6),6,17,Mimico (includes Humber Bay Shores) (17)
2012,09-06-2012 09:30,Major Arterial,North York,43.77924538,-79.50419029,No,Rain,Natural,Wet,Non-Fatal Injury,Driver,60 to 64,None,West,Yes, ,Yes, , , , , , , , , , ,York West (8),8,27,York University Heights (27)
2012,09-06-2012 09:30,Major Arterial,North York,43.77924538,-79.50419029,No,Rain,Natural,Wet,Non-Fatal Injury,Pedestrian,20 to 24,Major,North,Yes, ,Yes, , , , , , , , , , ,York West (8),8,27,York University Heights (27)
2013,27-06-2013 09:30,Major Arterial,Etobicoke York,43.62899359,-79.55492029,Yes,Clear,Natural,Dry,Non-Fatal Injury,Driver,40 to 44,None,West,Yes, ,Yes, , , , , , ,Yes, , , ,Etobicoke-Lakeshore (5),5,14,Islington-City Centre West (14)
2013,27-06-2013 09:30,Major Arterial,Etobicoke York,43.62899359,-79.55492029,Yes,Clear,Natural,Dry,Non-Fatal Injury,Pedestrian,50 to 54,Major,North,Yes, ,Yes, , , , , , ,Yes, , , ,Etobicoke-Lakeshore (5),5,14,Islington-City Centre West (14)
2017,28-05-2017 09:30,Local,North York,43.77166708,-79.52457819,No,Clear,Natural,Dry,Non-Fatal Injury,Driver,85 to 89,Major,West, , ,Yes, , , , , , , , , ,Yes,York West (8),8,24,Black Creek (24)
2012,25-06-2012 09:30,Collector,Toronto East York,43.67804538,-79.37899029,No,Clear,Natural,Dry,Non-Fatal Injury,Other,unknown,None,East, , ,Yes, , , , , , , , , , ,Toronto Centre-Rosedale (27),27,98,Rosedale-Moore Park (98)
2012,25-06-2012 09:30,Collector,Toronto East York,43.67804538,-79.37899029,No,Clear,Natural,Dry,Non-Fatal Injury,Other,unknown,None,East, , ,Yes, , , , , , , , , , ,Toronto Centre-Rosedale (27),27,98,Rosedale-Moore Park (98)
2012,25-06-2012 09:30,Collector,Toronto East York,43.67804538,-79.37899029,No,Clear,Natural,Dry,Non-Fatal Injury,Other,unknown,None,East, , ,Yes, , , , , , , , , , ,Toronto Centre-Rosedale (27),27,98,Rosedale-Moore Park (98)
2012,25-06-2012 09:30,Collector,Toronto East York,43.67804538,-79.37899029,No,Clear,Natural,Dry,Non-Fatal Injury,Driver,60 to 64,Major,West, , ,Yes, , , , , , , , , , ,Toronto Centre-Rosedale (27),27,98,Rosedale-Moore Park (98)
2013,27-07-2013 09:30,Major Arterial,Scarborough,43.83103522,-79.27518854,Yes,Clear,Natural,Dry,Non-Fatal Injury,Driver,50 to 54,None,South,Yes, ,Yes, , , , , , , , , , ,Scarborough-Rouge River (41),41,130,Milliken (130)
2013,27-07-2013 09:30,Major Arterial,Scarborough,43.83103522,-79.27518854,Yes,Clear,Natural,Dry,Non-Fatal Injury,Pedestrian,70 to 74,Major,East,Yes, ,Yes, , , , , , , , , , ,Scarborough-Rouge River (41),41,130,Milliken (130)
2007,07-03-2007 10:30,Major Arterial,Etobicoke York,43.75934538,-79.59689029,No,Clear,Natural,Other,Fatal,Vehicle Owner,unknown,unknown,Unknown, , ,Yes, , , , , ,Yes,Yes, , , ,Etobicoke North (1),1,2,Mount Olive-Silverstone-Jamestown (2)
2007,07-03-2007 10:30,Major Arterial,Etobicoke York,43.75934538,-79.59689029,No,Clear,Natural,Other,Fatal,Driver,35 to 39,Minor,East, , ,Yes, , , , , ,Yes,Yes, , , ,Etobicoke North (1),1,2,Mount Olive-Silverstone-Jamestown (2)
2007,07-03-2007 10:30,Major Arterial,Etobicoke York,43.75934538,-79.59689029,No,Clear,Natural,Other,Fatal,Vehicle Owner,unknown,unknown,Unknown, , ,Yes, , , , , ,Yes,Yes, , , ,Etobicoke North (1),1,2,Mount Olive-Silverstone-Jamestown (2)
2007,07-03-2007 10:30,Major Arterial,Etobicoke York,43.75934538,-79.59689029,No,Clear,Natural,Other,Fatal,Driver,60 to 64,Fatal,West, , ,Yes, , , , , ,Yes,Yes, , , ,Etobicoke North (1),1,2,Mount Olive-Silverstone-Jamestown (2)
2008,03-09-2008 09:30,Major Arterial,Scarborough,43.75434538,-79.31399029,Yes,Clear,Natural,Dry,Non-Fatal Injury,Driver,40 to 44,None,South,Yes, ,Yes, , , , , , ,Yes, , , ,Scarborough Centre (37),37,119,Wexford/Maryvale (119)
2008,03-09-2008 09:30,Major Arterial,Scarborough,43.75434538,-79.31399029,Yes,Clear,Natural,Dry,Non-Fatal Injury,Driver,20 to 24,Minor,South,Yes, ,Yes, , , , , , ,Yes, , , ,Scarborough Centre (37),37,119,Wexford/Maryvale (119)
2008,03-09-2008 09:30,Major Arterial,Scarborough,43.75434538,-79.31399029,Yes,Clear,Natural,Dry,Non-Fatal Injury,Pedestrian,70 to 74,Major,Unknown,Yes, ,Yes, , , , , , ,Yes, , , ,Scarborough Centre (37),37,119,Wexford/Maryvale (119)
2014,30-01-2014 10:30,Major Arterial,Etobicoke York,43.739616,-79.60565577,No,Clear,Natural,Dry,Non-Fatal Injury,Driver,60 to 64,Major,South, , ,Yes, , , , , ,Yes,Yes, , ,Yes,Etobicoke North (1),1,1,West Humber-Clairville (1)
2014,30-01-2014 10:30,Major Arterial,Etobicoke York,43.739616,-79.60565577,No,Clear,Natural,Dry,Non-Fatal Injury,Driver,20 to 24,None,South, , ,Yes, , , , , ,Yes,Yes, , ,Yes,Etobicoke North (1),1,1,West Humber-Clairville (1)
2014,30-01-2014 10:30,Major Arterial,Etobicoke York,43.739616,-79.60565577,No,Clear,Natural,Dry,Non-Fatal Injury,Driver,20 to 24,None,South, , ,Yes, , , , , ,Yes,Yes, , ,Yes,Etobicoke North (1),1,1,West Humber-Clairville (1)
2014,30-01-2014 10:30,Major Arterial,Etobicoke York,43.739616,-79.60565577,No,Clear,Natural,Dry,Non-Fatal Injury,Driver,70 to 74,Minor,South, , ,Yes, , , , , ,Yes,Yes, , ,Yes,Etobicoke North (1),1,1,West Humber-Clairville (1)
2010,25-05-2010 09:30,Minor Arterial,Scarborough,43.76754538,-79.20709029,No,Clear,Natural,Dry,Fatal,Motorcycle Driver,50 to 54,Fatal,North, , ,Yes,Yes, , , , , , , , , ,Scarborough East (43),43,135,Morningside (135)
2010,25-05-2010 09:30,Minor Arterial,Scarborough,43.76754538,-79.20709029,No,Clear,Natural,Dry,Fatal,Driver,40 to 44,None,South, , ,Yes,Yes, , , , , , , , , ,Scarborough East (43),43,135,Morningside (135)
2007,07-06-2007 09:30,Major Arterial,Scarborough,43.78284538,-79.28989029,No,Clear,Natural,Dry,Non-Fatal Injury,Driver,70 to 74,Major,West, , ,Yes, , , , , , , , , ,Yes,Scarborough-Agincourt (40),40,118,Tam O'Shanter-Sullivan (118)
2007,14-06-2007 09:30,Major Arterial,Etobicoke York,43.67694538,-79.44779029,No,Clear,Natural,Dry,Non-Fatal Injury,Motorcycle Driver,55 to 59,Major,East, , ,Yes,Yes, , , , , ,Yes, , , ,Davenport (17),17,92,Corso Italia-Davenport (92)
2007,14-06-2007 09:30,Major Arterial,Etobicoke York,43.67694538,-79.44779029,No,Clear,Natural,Dry,Non-Fatal Injury,Driver,70 to 74,None,East, , ,Yes,Yes, , , , , ,Yes, , , ,Davenport (17),17,92,Corso Italia-Davenport (92)
2007,22-06-2007 09:30,Local,Scarborough,43.70614538,-79.23599029,No,Clear,Natural,Dry,Non-Fatal Injury,Pedestrian,unknown,Major,Unknown,Yes, , , , , , , , , , , , ,Scarborough Southwest (36),36,123,Cliffcrest (123)
2007,22-06-2007 09:30,Local,Scarborough,43.70614538,-79.23599029,No,Clear,Natural,Dry,Non-Fatal Injury,Vehicle Owner,unknown,unknown,Unknown,Yes, , , , , , , , , , , , ,Scarborough Southwest (36),36,123,Cliffcrest (123)
2007,22-06-2007 09:30,Local,Scarborough,43.70614538,-79.23599029,No,Clear,Natural,Dry,Non-Fatal Injury,Driver,45 to 49,None,Unknown,Yes, , , , , , , , , , , , ,Scarborough Southwest (36),36,123,Cliffcrest (123)
2007,08-07-2007 09:30,Minor Arterial,Toronto East York,43.65114538,-79.44529029,Yes,Rain,Natural,Wet,Non-Fatal Injury,Motorcycle Driver,45 to 49,Major,West, , , ,Yes, , , , , , , , , ,Parkdale-High Park (14),14,86,Roncesvalles (86)
2007,20-09-2007 09:30,Major Arterial,Scarborough,43.78734538,-79.25729029,Yes,Clear,Natural,Dry,Non-Fatal Injury,Driver,75 to 79,Major,North, , ,Yes, , , , , , ,Yes,Yes, , ,Scarborough-Rouge River (41),41,128,Agincourt South-Malvern West (128)
2007,20-09-2007 09:30,Major Arterial,Scarborough,43.78734538,-79.25729029,Yes,Clear,Natural,Dry,Non-Fatal Injury,Driver,50 to 54,Major,North, , ,Yes, , , , , , ,Yes,Yes, , ,Scarborough-Rouge River (41),41,128,Agincourt South-Malvern West (128)