YEAR,DATE,ROAD_CLASS,District,LATITUDE,LONGITUDE,TRAFFCTL,VISIBILITY,LIGHT,RDSFCOND,ACCLASS,INVTYPE,INVAGE,INJURY,INITDIR,PEDESTRIAN,CYCLIST,AUTOMOBILE,MOTORCYCLE,TRUCK,TRSN_CITY_VEH,EMERG_VEH,PASSENGER,SPEEDING,AG_DRIV,REDLIGHT,ALCOHOL,DISABILITY,Ward_Name,Ward_ID,Hood_ID,Hood_Name
2010,29-07-2010 09:30,Major Arterial,Toronto East York,43.65084538,-79.38659029,Yes,Clear,Natural,Dry,Non-Fatal Injury,Driver,50 to 54,None,North, ,Yes,Yes, , , , , , ,Yes,Yes, , ,Toronto Centre-Rosedale (28),28,76,Bay Street Corridor (76)
2010,29-07-2010 09:30,Major Arterial,Toronto East York,43.65084538,-79.38659029,Yes,Clear,Natural,Dry,Non-Fatal Injury,Cyclist,35 to 39,Major,West, ,Yes,Yes, , , , , , ,Yes,Yes, , ,Toronto Centre-Rosedale (28),28,76,Bay Street Corridor (76)
2012,13-06-2012 09:30,Major Arterial,Scarborough,43.74454538,-79.29829029,No,Clear,Natural,Dry,Non-Fatal Injury,Vehicle Owner,unknown,unknown,Unknown, , ,Yes, , ,Yes, ,Yes, ,Yes, , , ,Scarborough Centre (37),37,119,Wexford/Maryvale (119)
2012,13-06-2012 09:30,Major Arterial,Scarborough,43.74454538,-79.29829029,No,Clear,Natural,Dry,Non-Fatal Injury,Driver,40 to 44,Major,East, , ,Yes, , ,Yes, ,Yes, ,Yes, , , ,Scarborough Centre (37),37,119,Wexford/Maryvale (119)
2012,13-06-2012 09:30,Major Arterial,Scarborough,43.74454538,-79.29829029,No,Clear,Natural,Dry,Non-Fatal Injury,Passenger,20 to 24,Minor,Unknown, , ,Yes, , ,Yes, ,Yes, ,Yes, , , ,Scarborough Centre (37),37,119,Wexford/Maryvale (119)
2012,13-06-2012 09:30,Major Arterial,Scarborough,43.74454538,-79.29829029,No,Clear,Natural,Dry,Non-Fatal Injury,Vehicle Owner,unknown,unknown,Unknown, , ,Yes, , ,Yes, ,Yes, ,Yes, , , ,Scarborough Centre (37),37,119,Wexford/Maryvale (119)
2012,13-06-2012 09:30,Major Arterial,Scarborough,43.74454538,-79.29829029,No,Clear,Natural,Dry,Non-Fatal Injury,Vehicle Owner,unknown,unknown,Unknown, , ,Yes, , ,Yes, ,Yes, ,Yes, , , ,Scarborough Centre (37),37,119,Wexford/Maryvale (119)
2013,02-02-2013 10:30,Minor Arterial,Scarborough,43.71194418,-79.27019129,No,Snow,Natural,Wet,Fatal,Driver,55 to 59,None,East,Yes, ,Yes, , , , , , ,Yes, , , ,Scarborough Southwest (35),35,120,Clairlea-Birchmount (120)
2013,02-02-2013 10:30,Minor Arterial,Scarborough,43.71194418,-79.27019129,No,Snow,Natural,Wet,Fatal,Pedestrian,65 to 69,Fatal,South,Yes, ,Yes, , , , , , ,Yes, , , ,Scarborough Southwest (35),35,120,Clairlea-Birchmount (120)
2007,14-04-2007 09:30,Major Arterial,Scarborough,43.75664538,-79.31479029,No,Clear,Natural,Dry,Non-Fatal Injury,Vehicle Owner,unknown,None,Unknown, , ,Yes, , , , ,Yes, ,Yes, , , ,Scarborough Centre (37),37,119,Wexford/Maryvale (119)
2007,14-04-2007 09:30,Major Arterial,Scarborough,43.75664538,-79.31479029,No,Clear,Natural,Dry,Non-Fatal Injury,Driver,30 to 34,None,South, , ,Yes, , , , ,Yes, ,Yes, , , ,Scarborough Centre (37),37,119,Wexford/Maryvale (119)
2007,14-04-2007 09:30,Major Arterial,Scarborough,43.75664538,-79.31479029,No,Clear,Natural,Dry,Non-Fatal Injury,Driver,55 to 59,Minimal,South, , ,Yes, , , , ,Yes, ,Yes, , , ,Scarborough Centre (37),37,119,Wexford/Maryvale (119)
2007,14-04-2007 09:30,Major Arterial,Scarborough,43.75664538,-79.31479029,No,Clear,Natural,Dry,Non-Fatal Injury,Passenger,50 to 54,Minor,Unknown, , ,Yes, , , , ,Yes, ,Yes, , , ,Scarborough Centre (37),37,119,Wexford/Maryvale (119)
2007,14-04-2007 09:30,Major Arterial,Scarborough,43.75664538,-79.31479029,No,Clear,Natural,Dry,Non-Fatal Injury,Driver,55 to 59,Major,South, , ,Yes, , , , ,Yes, ,Yes, , , ,Scarborough Centre (37),37,119,Wexford/Maryvale (119)
2009,03-03-2009 10:30,Local,Toronto East York,43.68834538,-79.41389029,Yes,Clear,Natural,Dry,Non-Fatal Injury,Vehicle Owner,unknown,unknown,Unknown,Yes, ,Yes, , , , , , ,Yes, , , ,St. Paul's (21),21,101,Forest Hill South (101)
2009,03-03-2009 10:30,Local,Toronto East York,43.68834538,-79.41389029,Yes,Clear,Natural,Dry,Non-Fatal Injury,Driver,45 to 49,None,South,Yes, ,Yes, , , , , , ,Yes, , , ,St. Paul's (21),21,101,Forest Hill South (101)
2009,03-03-2009 10:30,Local,Toronto East York,43.68834538,-79.41389029,Yes,Clear,Natural,Dry,Non-Fatal Injury,Pedestrian,85 to 89,Major,Unknown,Yes, ,Yes, , , , , , ,Yes, , , ,St. Paul's (21),21,101,Forest Hill South (101)
2012,28-03-2012 09:30,Minor Arterial,Toronto East York,43.65384538,-79.44119029,Yes,Clear,Natural,Dry,Non-Fatal Injury,Vehicle Owner,unknown,unknown,Unknown, , ,Yes, , , , , , ,Yes, , , ,Davenport (18),18,83,Dufferin Grove (83)
2012,28-03-2012 09:30,Minor Arterial,Toronto East York,43.65384538,-79.44119029,Yes,Clear,Natural,Dry,Non-Fatal Injury,Driver,15 to 19,Minor,South, , ,Yes, , , , , , ,Yes, , , ,Davenport (18),18,83,Dufferin Grove (83)
2012,28-03-2012 09:30,Minor Arterial,Toronto East York,43.65384538,-79.44119029,Yes,Clear,Natural,Dry,Non-Fatal Injury,Driver,70 to 74,Major,East, , ,Yes, , , , , , ,Yes, , , ,Davenport (18),18,83,Dufferin Grove (83)
2014,03-02-2014 10:30,Minor Arterial,Etobicoke York,43.68151816,-79.46743403,No,Clear,Natural,Dry,Non-Fatal Injury,Driver,25 to 29,None,South, ,Yes,Yes, , , , , , , , , , ,York South-Weston (12),12,110,Keelesdale-Eglinton West (110)
2014,03-02-2014 10:30,Minor Arterial,Etobicoke York,43.68151816,-79.46743403,No,Clear,Natural,Dry,Non-Fatal Injury,Cyclist,50 to 54,Major,West, ,Yes,Yes, , , , , , , , , , ,York South-Weston (12),12,110,Keelesdale-Eglinton West (110)
2007,20-05-2007 09:30,Major Arterial,Etobicoke York,43.74364538,-79.60389029,Yes,Clear,Natural,Dry,Non-Fatal Injury,Driver,35 to 39,Major,East, , ,Yes, , , , , , , , , , ,Etobicoke North (1),1,1,West Humber-Clairville (1)
2007,20-05-2007 09:30,Major Arterial,Etobicoke York,43.74364538,-79.60389029,Yes,Clear,Natural,Dry,Non-Fatal Injury,Driver,15 to 19,Minimal,West, , ,Yes, , , , , , , , , , ,Etobicoke North (1),1,1,West Humber-Clairville (1)
2007,20-05-2007 09:30,Major Arterial,Etobicoke York,43.74364538,-79.60389029,Yes,Clear,Natural,Dry,Non-Fatal Injury,Vehicle Owner,unknown,None,Unknown, , ,Yes, , , , , , , , , , ,Etobicoke North (1),1,1,West Humber-Clairville (1)
2007,20-05-2007 09:30,Major Arterial,Etobicoke York,43.74364538,-79.60389029,Yes,Clear,Natural,Dry,Non-Fatal Injury,Driver,40 to 44,Minor,East, , ,Yes, , , , , , , , , , ,Etobicoke North (1),1,1,West Humber-Clairville (1)
2012,26-05-2012 09:30,Major Arterial,Toronto East York,43.70794538,-79.42709029,Yes,Clear,Natural,Dry,Non-Fatal Injury,Motorcycle Driver,20 to 24,Major,South, , ,Yes,Yes, , , , , , , , , ,St. Paul's (21),21,102,Forest Hill North (102)
2012,26-05-2012 09:30,Major Arterial,Toronto East York,43.70794538,-79.42709029,Yes,Clear,Natural,Dry,Non-Fatal Injury,Driver,50 to 54,None,South, , ,Yes,Yes, , , , , , , , , ,St. Paul's (21),21,102,Forest Hill North (102)
2012,30-09-2012 09:30,Major Arterial,North York,43.69764538,-79.44089029,No,Clear,Natural,Dry,Non-Fatal Injury,Driver,35 to 39,None,West,Yes, ,Yes, , , , , , , , , , ,Eglinton-Lawrence (15),15,107,Oakwood Village (107)
2012,30-09-2012 09:30,Major Arterial,North York,43.69764538,-79.44089029,No,Clear,Natural,Dry,Non-Fatal Injury,Pedestrian,20 to 24,Major,North,Yes, ,Yes, , , , , , , , , , ,Eglinton-Lawrence (15),15,107,Oakwood Village (107)
2007,06-07-2007 09:30,Minor Arterial,Scarborough,43.84844538,-79.19929029,Yes,Clear,Natural,Dry,Non-Fatal Injury,Driver,25 to 29,Minor,East, , ,Yes, , , , , ,Yes,Yes, , , ,Scarborough-Rouge River (42),42,131,Rouge (131)
2007,06-07-2007 09:30,Minor Arterial,Scarborough,43.84844538,-79.19929029,Yes,Clear,Natural,Dry,Non-Fatal Injury,Driver,25 to 29,Major,West, , ,Yes, , , , , ,Yes,Yes, , , ,Scarborough-Rouge River (42),42,131,Rouge (131)
2009,17-04-2009 09:30,Local,Etobicoke York,43.67404538,-79.46319029,Yes,Clear,Natural,Dry,Fatal,Driver,20 to 24,None,East,Yes, ,Yes, , , , , , , , , , ,Davenport (17),17,91,Weston-Pellam Park (91)
2009,17-04-2009 09:30,Local,Etobicoke York,43.67404538,-79.46319029,Yes,Clear,Natural,Dry,Fatal,Pedestrian,65 to 69,Fatal,North,Yes, ,Yes, , , , , , , , , , ,Davenport (17),17,91,Weston-Pellam Park (91)
2009,02-11-2009 10:30,Minor Arterial,Toronto East York,43.69844538,-79.39609029,No,Clear,Natural,Dry,Non-Fatal Injury,Driver,70 to 74,Major,East, , ,Yes, , , , , ,Yes,Yes, , ,Yes,St. Paul's (22),22,104,Mount Pleasant West (104)
2009,02-11-2009 10:30,Minor Arterial,Toronto East York,43.69844538,-79.39609029,No,Clear,Natural,Dry,Non-Fatal Injury,Vehicle Owner,unknown,unknown,Unknown, , ,Yes, , , , , ,Yes,Yes, , ,Yes,St. Paul's (22),22,104,Mount Pleasant West (104)
2011,15-11-2011 10:30,Major Arterial,Toronto East York,43.65074538,-79.41389029,Yes,Clear,Natural,Dry,Non-Fatal Injury,Driver,75 to 79,None,East,Yes, ,Yes, , , , , , , , , , ,Trinity-Spadina (19),19,81,Trinity-Bellwoods (81)
2011,15-11-2011 10:30,Major Arterial,Toronto East York,43.65074538,-79.41389029,Yes,Clear,Natural,Dry,Non-Fatal Injury,Pedestrian,85 to 89,Major,North,Yes, ,Yes, , , , , , , , , , ,Trinity-Spadina (19),19,81,Trinity-Bellwoods (81)
2013,06-02-2013 10:30,Minor Arterial,Toronto East York,43.64974554,-79.43368922,Yes,Clear,Natural,Dry,Fatal,Vehicle Owner,unknown,unknown,Unknown,Yes, , , ,Yes, , , , , , , , ,Davenport (18),18,84,Little Portugal (84)
2013,06-02-2013 10:30,Minor Arterial,Toronto East York,43.64974554,-79.43368922,Yes,Clear,Natural,Dry,Fatal,Truck Driver,55 to 59,None,East,Yes, , , ,Yes, , , , , , , , ,Davenport (18),18,84,Little Portugal (84)
2013,06-02-2013 10:30,Minor Arterial,Toronto East York,43.64974554,-79.43368922,Yes,Clear,Natural,Dry,Fatal,Other,unknown,None,Unknown,Yes, , , ,Yes, , , , , , , , ,Davenport (18),18,84,Little Portugal (84)
2013,06-02-2013 10:30,Minor Arterial,Toronto East York,43.64974554,-79.43368922,Yes,Clear,Natural,Dry,Fatal,Pedestrian,80 to 84,Fatal,North,Yes, , , ,Yes, , , , , , , , ,Davenport (18),18,84,Little Portugal (84)
2017,21-03-2017 09:30,Major Arterial,Scarborough,43.73662527,-79.24805079,Yes,Clear,Natural,Dry,Non-Fatal Injury,Driver,60 to 64,None,South,Yes, ,Yes, , , , , , ,Yes, , , ,Scarborough Southwest (35),35,124,Kennedy Park (124)
2017,16-07-2017 09:30,Major Arterial,Etobicoke York,43.70180472,-79.5882226,No,Clear,Natural,Dry,Property Damage Only,Motorcycle Driver,35 to 39,Major,North, , , ,Yes, , , , ,Yes,Yes, , , ,Etobicoke North (2),2,1,West Humber-Clairville (1)
2008,26-01-2008 10:30,Major Arterial,Toronto East York,43.69744538,-79.40559029,Yes,Clear,Natural,Wet,Non-Fatal Injury,Vehicle Owner,unknown,unknown,Unknown, , ,Yes, , , , , , ,Yes, , , ,St. Paul's (22),22,97,Yonge-St.Clair (97)
2008,26-01-2008 10:30,Major Arterial,Toronto East York,43.69744538,-79.40559029,Yes,Clear,Natural,Wet,Non-Fatal Injury,Driver,40 to 44,None,North, , ,Yes, , , , , , ,Yes, , , ,St. Paul's (22),22,97,Yonge-St.Clair (97)
2008,26-01-2008 10:30,Major Arterial,Toronto East York,43.69744538,-79.40559029,Yes,Clear,Natural,Wet,Non-Fatal Injury,Vehicle Owner,unknown,unknown,Unknown, , ,Yes, , , , , , ,Yes, , , ,St. Paul's (22),22,97,Yonge-St.Clair (97)
2008,26-01-2008 10:30,Major Arterial,Toronto East York,43.69744538,-79.40559029,Yes,Clear,Natural,Wet,Non-Fatal Injury,Driver,45 to 49,Major,South, , ,Yes, , , , , , ,Yes, , , ,St. Paul's (22),22,97,Yonge-St.Clair (97)
2009,14-10-2009 09:30,Major Arterial,Toronto East York,43.66884538,-79.37949029,Yes,Clear,Natural,Dry,Non-Fatal Injury,Moped Driver,35 to 39,Major,North, ,Yes,Yes, , , , , , , , , , ,Toronto Centre-Rosedale (27),27,75,Church-Yonge Corridor (75)
2009,14-10-2009 09:30,Major Arterial,Toronto East York,43.66884538,-79.37949029,Yes,Clear,Natural,Dry,Non-Fatal Injury,Driver,40 to 44,None,South, ,Yes,Yes, , , , , , , , , , ,Toronto Centre-Rosedale (27),27,75,Church-Yonge Corridor (75)
2011,15-05-2011 09:30,Major Arterial,Toronto East York,43.68944538,-79.34879029,Yes,Rain,Natural,Wet,Non-Fatal Injury,Driver,70 to 74,None,West,Yes, ,Yes, , , , , , ,Yes, , , ,Toronto-Danforth (29),29,58,Old East York (58)
2011,15-05-2011 09:30,Major Arterial,Toronto East York,43.68944538,-79.34879029,Yes,Rain,Natural,Wet,Non-Fatal Injury,Pedestrian,80 to 84,Major,East,Yes, ,Yes, , , , , , ,Yes, , , ,Toronto-Danforth (29),29,58,Old East York (58)
2013,09-09-2013 09:30,Major Arterial,Toronto East York,43.65351446,-79.34077845,Yes,Clear,Natural,Dry,Non-Fatal Injury,Vehicle Owner,unknown,unknown,Unknown, ,Yes,Yes, , , , , , ,Yes, , , ,Toronto-Danforth (30),30,70,South Riverdale (70)
2013,09-09-2013 09:30,Major Arterial,Toronto East York,43.65351446,-79.34077845,Yes,Clear,Natural,Dry,Non-Fatal Injury,Driver,45 to 49,None,South, ,Yes,Yes, , , , , , ,Yes, , , ,Toronto-Danforth (30),30,70,South Riverdale (70)
2013,09-09-2013 09:30,Major Arterial,Toronto East York,43.65351446,-79.34077845,Yes,Clear,Natural,Dry,Non-Fatal Injury,Cyclist,65 to 69,Major,West, ,Yes,Yes, , , , , , ,Yes, , , ,Toronto-Danforth (30),30,70,South Riverdale (70)
2015,09-06-2015 09:30,Major Arterial,Toronto East York,43.6531597,-79.39702235,No,Clear,Natural,Dry,Non-Fatal Injury,Driver,45 to 49,Major,East, , ,Yes, , , , ,Yes, , , , ,Yes,Trinity-Spadina (20),20,78,Kensington-Chinatown (78)
2015,09-06-2015 09:30,Major Arterial,Toronto East York,43.6531597,-79.39702235,No,Clear,Natural,Dry,Non-Fatal Injury,Driver,50 to 54,None,East, , ,Yes, , , , ,Yes, , , , ,Yes,Trinity-Spadina (20),20,78,Kensington-Chinatown (78)
2015,09-06-2015 09:30,Major Arterial,Toronto East York,43.6531597,-79.39702235,No,Clear,Natural,Dry,Non-Fatal Injury,Passenger,45 to 49,None,Unknown, , ,Yes, , , , ,Yes, , , , ,Yes,Trinity-Spadina (20),20,78,Kensington-Chinatown (78)
2015,15-08-2015 09:30,Minor Arterial,Etobicoke York,43.68188437,-79.46767054,Yes,Clear,Natural,Dry,Non-Fatal Injury,Driver,60 to 64,Major,South, , ,Yes, , , , ,Yes, , , , ,Yes,Davenport (17),17,110,Keelesdale-Eglinton West (110)
2015,15-08-2015 09:30,Minor Arterial,Etobicoke York,43.68188437,-79.46767054,Yes,Clear,Natural,Dry,Non-Fatal Injury,Driver,30 to 34,None,North, , ,Yes, , , , ,Yes, , , , ,Yes,Davenport (17),17,110,Keelesdale-Eglinton West (110)
2015,15-08-2015 09:30,Minor Arterial,Etobicoke York,43.68188437,-79.46767054,Yes,Clear,Natural,Dry,Non-Fatal Injury,Passenger,60 to 64,None,Unknown, , ,Yes, , , , ,Yes, , , , ,Yes,Davenport (17),17,110,Keelesdale-Eglinton West (110)
2015,15-08-2015 09:30,Minor Arterial,Etobicoke York,43.68188437,-79.46767054,Yes,Clear,Natural,Dry,Non-Fatal Injury,Passenger,30 to 34,None,Unknown, , ,Yes, , , , ,Yes, , , , ,Yes,Davenport (17),17,110,Keelesdale-Eglinton West (110)
2016,16-09-2016 09:30,Major Arterial,Scarborough,43.77797278,-79.31116114,No,Clear,Natural,Dry,Non-Fatal Injury,Cyclist,40 to 44,Major,East, ,Yes, , ,Yes, , , , , , , , ,Scarborough-Agincourt (40),40,118,Tam O'Shanter-Sullivan (118)
2016,16-09-2016 09:30,Major Arterial,Scarborough,43.77797278,-79.31116114,No,Clear,Natural,Dry,Non-Fatal Injury,Truck Driver,50 to 54,None,West, ,Yes, , ,Yes, , , , , , , , ,Scarborough-Agincourt (40),40,118,Tam O'Shanter-Sullivan (118)
2017,02-11-2017 09:30,Minor Arterial,Toronto East York,43.64509538,-79.42969129,No,Clear,Natural,Wet,Non-Fatal Injury,Truck Driver,55 to 59,None,South,Yes, , , ,Yes, , , , , , , , ,Davenport (18),18,84,Little Portugal (84)
2017,02-11-2017 09:30,Minor Arterial,Toronto East York,43.64509538,-79.42969129,No,Clear,Natural,Wet,Non-Fatal Injury,Pedestrian,60 to 64,Major,Unknown,Yes, , , ,Yes, , , , , , , , ,Davenport (18),18,84,Little Portugal (84)
2012,11-04-2012 09:30,Major Arterial,North York,43.69304538,-79.46219029,Yes,Clear,Natural,Dry,Non-Fatal Injury,Truck Driver,25 to 29,None,East,Yes, , , ,Yes, , , , ,Yes, , , ,Davenport (17),17,108,Briar Hill-Belgravia (108)
2012,11-04-2012 09:30,Major Arterial,North York,43.69304538,-79.46219029,Yes,Clear,Natural,Dry,Non-Fatal Injury,Vehicle Owner,unknown,unknown,Unknown,Yes, , , ,Yes, , , , ,Yes, , , ,Davenport (17),17,108,Briar Hill-Belgravia (108)
2012,11-04-2012 09:30,Major Arterial,North York,43.69304538,-79.46219029,Yes,Clear,Natural,Dry,Non-Fatal Injury,Wheelchair,75 to 79,Major,North,Yes, , , ,Yes, , , , ,Yes, , , ,Davenport (17),17,108,Briar Hill-Belgravia (108)
2016,08-06-2016 09:30,Expressway,Toronto East York,43.68452414,-79.36124049,No,Clear,Natural,Dry,Non-Fatal Injury,Motorcycle Driver,25 to 29,Major,North, , , ,Yes, , , , ,Yes,Yes, , , ,Toronto-Danforth (29),29,57,Broadview North (57)
2008,30-01-2008 10:30,Major Arterial,Toronto East York,43.65524538,-79.43359029,Yes,Clear,Natural,Dry,Non-Fatal Injury,Driver,25 to 29,None,North,Yes, ,Yes, , , , , , , , , , ,Davenport (18),18,83,Dufferin Grove (83)
2008,30-01-2008 10:30,Major Arterial,Toronto East York,43.65524538,-79.43359029,Yes,Clear,Natural,Dry,Non-Fatal Injury,Pedestrian,25 to 29,Major,West,Yes, ,Yes, , , , , , , , , , ,Davenport (18),18,83,Dufferin Grove (83)
2007,08-05-2007 09:30,Major Arterial,North York,43.79264538,-79.35469029,Yes,Clear,Natural,Dry,Non-Fatal Injury,Driver,75 to 79,None,North,Yes, ,Yes, , , , , , , , , , ,Don Valley East (33),33,47,Don Valley Village (47)
2007,08-05-2007 09:30,Major Arterial,North York,43.79264538,-79.35469029,Yes,Clear,Natural,Dry,Non-Fatal Injury,Pedestrian,20 to 24,Major,West,Yes, ,Yes, , , , , , , , , , ,Don Valley East (33),33,47,Don Valley Village (47)
2007,10-11-2007 10:30,Major Arterial,Etobicoke York,43.65074538,-79.47819029,No,Clear,Natural,Dry,Non-Fatal Injury,Driver,40 to 44,None,East,Yes, ,Yes, , , , , , , , , , ,Parkdale-High Park (13),13,89,Runnymede-Bloor West Village (89)
2007,10-11-2007 10:30,Major Arterial,Etobicoke York,43.65074538,-79.47819029,No,Clear,Natural,Dry,Non-Fatal Injury,Pedestrian,70 to 74,Major,East,Yes, ,Yes, , , , , , , , , , ,Parkdale-High Park (13),13,89,Runnymede-Bloor West Village (89)
2007,16-11-2007 10:30,Major Arterial,Scarborough,43.78824538,-79.26899029,No,Clear,Natural,Dry,Non-Fatal Injury,Driver,50 to 54,Major,East, , ,Yes, , , , , , , , , , ,Scarborough-Rouge River (41),41,128,Agincourt South-Malvern West (128)
2007,16-11-2007 10:30,Major Arterial,Scarborough,43.78824538,-79.26899029,No,Clear,Natural,Dry,Non-Fatal Injury,Vehicle Owner,unknown,unknown,Unknown, , ,Yes, , , , , , , , , , ,Scarborough-Rouge River (41),41,128,Agincourt South-Malvern West (128)
2007,16-11-2007 10:30,Major Arterial,Scarborough,43.78824538,-79.26899029,No,Clear,Natural,Dry,Non-Fatal Injury,Driver,25 to 29,None,South, , ,Yes, , , , , , , , , , ,Scarborough-Rouge River (41),41,128,Agincourt South-Malvern West (128)
2009,20-07-2009 09:30,Major Arterial,Toronto East York,43.66474538,-79.41309029,No,Clear,Natural,Dry,Non-Fatal Injury,Driver,45 to 49,None,East, ,Yes,Yes, , , , , , , , , , ,Trinity-Spadina (19),19,95,Annex (95)
2009,20-07-2009 09:30,Major Arterial,Toronto East York,43.66474538,-79.41309029,No,Clear,Natural,Dry,Non-Fatal Injury,Cyclist,35 to 39,Major,East, ,Yes,Yes, , , , , , , , , , ,Trinity-Spadina (19),19,95,Annex (95)
2009,18-11-2009 10:30,Major Arterial,Toronto East York,43.65884538,-79.39529029,No,Clear,Natural,Dry,Non-Fatal Injury,Driver,30 to 34,None,East, ,Yes,Yes, , , , , , ,Yes, , , ,Trinity-Spadina (20),20,79,University (79)
2009,18-11-2009 10:30,Major Arterial,Toronto East York,43.65884538,-79.39529029,No,Clear,Natural,Dry,Non-Fatal Injury,Cyclist,30 to 34,Major,East, ,Yes,Yes, , , , , , ,Yes, , , ,Trinity-Spadina (20),20,79,University (79)
2010,25-05-2010 09:30,Collector,Toronto East York,43.64234538,-79.43269029,No,Clear,Natural,Dry,Non-Fatal Injury,Driver,35 to 39,None,South,Yes, ,Yes, , , , , , ,Yes, , , ,Parkdale-High Park (14),14,86,Roncesvalles (86)
2010,25-05-2010 09:30,Collector,Toronto East York,43.64234538,-79.43269029,No,Clear,Natural,Dry,Non-Fatal Injury,Pedestrian,40 to 44,Major,Unknown,Yes, ,Yes, , , , , , ,Yes, , , ,Parkdale-High Park (14),14,86,Roncesvalles (86)
2010,03-11-2010 09:30,Minor Arterial,Scarborough,43.73224538,-79.25709029,No,Clear,Natural,Dry,Non-Fatal Injury,Vehicle Owner,unknown,unknown,Unknown, , ,Yes, , , , , , , , , , ,Scarborough Southwest (35),35,124,Kennedy Park (124)
2010,03-11-2010 09:30,Minor Arterial,Scarborough,43.73224538,-79.25709029,No,Clear,Natural,Dry,Non-Fatal Injury,Driver,70 to 74,Minor,North, , ,Yes, , , , , , , , , , ,Scarborough Southwest (35),35,124,Kennedy Park (124)
2010,03-11-2010 09:30,Minor Arterial,Scarborough,43.73224538,-79.25709029,No,Clear,Natural,Dry,Non-Fatal Injury,Driver,20 to 24,Major,North, , ,Yes, , , , , , , , , , ,Scarborough Southwest (35),35,124,Kennedy Park (124)
2011,27-04-2011 09:30,Major Arterial,North York,43.74114538,-79.31929029,Yes,Clear,Natural,Dry,Non-Fatal Injury,Driver,70 to 74,Major,West, , ,Yes, , , , , , ,Yes,Yes, , ,Don Valley East (34),34,43,Victoria Village (43)
2011,27-04-2011 09:30,Major Arterial,North York,43.74114538,-79.31929029,Yes,Clear,Natural,Dry,Non-Fatal Injury,Driver,20 to 24,None,East, , ,Yes, , , , , , ,Yes,Yes, , ,Don Valley East (34),34,43,Victoria Village (43)
2011,23-08-2011 09:30,Major Arterial,Scarborough,43.77214538,-79.25149029,Yes,Clear,Natural,Dry,Non-Fatal Injury,Passenger,75 to 79,Minimal,Unknown, , ,Yes, , , , ,Yes, ,Yes,Yes, ,Yes,Scarborough Centre (38),38,137,Woburn (137)
2011,23-08-2011 09:30,Major Arterial,Scarborough,43.77214538,-79.25149029,Yes,Clear,Natural,Dry,Non-Fatal Injury,Driver,45 to 49,Minimal,West, , ,Yes, , , , ,Yes, ,Yes,Yes, ,Yes,Scarborough Centre (38),38,137,Woburn (137)
2011,23-08-2011 09:30,Major Arterial,Scarborough,43.77214538,-79.25149029,Yes,Clear,Natural,Dry,Non-Fatal Injury,Driver,75 to 79,Major,South, , ,Yes, , , , ,Yes, ,Yes,Yes, ,Yes,Scarborough Centre (38),38,137,Woburn (137)
2011,23-08-2011 09:30,Major Arterial,Scarborough,43.77214538,-79.25149029,Yes,Clear,Natural,Dry,Non-Fatal Injury,Driver,60 to 64,Minimal,East, , ,Yes, , , , ,Yes, ,Yes,Yes, ,Yes,Scarborough Centre (38),38,137,Woburn (137)
2011,23-08-2011 09:30,Major Arterial,Scarborough,43.77214538,-79.25149029,Yes,Clear,Natural,Dry,Non-Fatal Injury,Driver,60 to 64,Minimal,West, , ,Yes, , , , ,Yes, ,Yes,Yes, ,Yes,Scarborough Centre (38),38,137,Woburn (137)
2012,08-07-2012 09:30,Major Arterial,Toronto East York,43.65084538,-79.38659029,Yes,Clear,Natural,Dry,Non-Fatal Injury,Driver,30 to 34,None,East, , ,Yes, , , , ,Yes, ,Yes,Yes, , ,Toronto Centre-Rosedale (28),28,76,Bay Street Corridor (76)
2012,08-07-2012 09:30,Major Arterial,Toronto East York,43.65084538,-79.38659029,Yes,Clear,Natural,Dry,Non-Fatal Injury,Passenger,30 to 34,Minor,Unknown, , ,Yes, , , , ,Yes, ,Yes,Yes, , ,Toronto Centre-Rosedale (28),28,76,Bay Street Corridor (76)
2012,08-07-2012 09:30,Major Arterial,Toronto East York,43.65084538,-79.38659029,Yes,Clear,Natural,Dry,Non-Fatal Injury,Driver,40 to 44,Minor,North, , ,Yes, , , , ,Yes, ,Yes,Yes, , ,Toronto Centre-Rosedale (28),28,76,Bay Street Corridor (76)
2012,08-07-2012 09:30,Major Arterial,Toronto East York,43.65084538,-79.38659029,Yes,Clear,Natural,Dry,Non-Fatal Injury,Vehicle Owner,unknown,unknown,Unknown, , ,Yes, , , , ,Yes, ,Yes,Yes, , ,Toronto Centre-Rosedale (28),28,76,Bay Street Corridor (76)
2012,08-07-2012 09:30,Major Arterial,Toronto East York,43.65084538,-79.38659029,Yes,Clear,Natural,Dry,Non-Fatal Injury,Passenger,25 to 29,Minor,Unknown, , ,Yes, , , , ,Yes, ,Yes,Yes, , ,Toronto Centre-Rosedale (28),28,76,Bay Street Corridor (76)
2012,08-07-2012 09:30,Major Arterial,Toronto East York,43.65084538,-79.38659029,Yes,Clear,Natural,Dry,Non-Fatal Injury,Driver,45 to 49,Major,North, , ,Yes, , , , ,Yes, ,Yes,Yes, , ,Toronto Centre-Rosedale (28),28,76,Bay Street Corridor (76)
2013,26-09-2013 09:30,Minor Arterial,Toronto East York,43.66245611,-79.35135279,Yes,Clear,Natural,Dry,Fatal,Driver,60 to 64,None,South,Yes, ,Yes, , , , , , ,Yes, , , ,Toronto-Danforth (30),30,70,South Riverdale (70)