YEAR,DATE,ROAD_CLASS,District,LATITUDE,LONGITUDE,TRAFFCTL,VISIBILITY,LIGHT,RDSFCOND,ACCLASS,INVTYPE,INVAGE,INJURY,INITDIR,PEDESTRIAN,CYCLIST,AUTOMOBILE,MOTORCYCLE,TRUCK,TRSN_CITY_VEH,EMERG_VEH,PASSENGER,SPEEDING,AG_DRIV,REDLIGHT,ALCOHOL,DISABILITY,Ward_Name,Ward_ID,Hood_ID,Hood_Name
2011,25-11-2011 10:30,Major Arterial,Toronto East York,43.65164538,-79.37899029,Yes,Clear,Natural,Dry,Non-Fatal Injury,Cyclist,30 to 34,Major,West, ,Yes,Yes, ,Yes, , , , , , , , ,Toronto Centre-Rosedale (28),28,76,Bay Street Corridor (76)
2012,06-07-2012 09:30,Major Arterial,Scarborough,43.82134538,-79.31689029,Yes,Clear,Natural,Dry,Non-Fatal Injury,Vehicle Owner,unknown,unknown,Unknown, ,Yes,Yes, , , , , , ,Yes, , , ,Scarborough-Agincourt (39),39,116,Steeles (116)
2012,06-07-2012 09:30,Major Arterial,Scarborough,43.82134538,-79.31689029,Yes,Clear,Natural,Dry,Non-Fatal Injury,Driver,55 to 59,None,West, ,Yes,Yes, , , , , , ,Yes, , , ,Scarborough-Agincourt (39),39,116,Steeles (116)
2012,06-07-2012 09:30,Major Arterial,Scarborough,43.82134538,-79.31689029,Yes,Clear,Natural,Dry,Non-Fatal Injury,Cyclist,75 to 79,Major,West, ,Yes,Yes, , , , , , ,Yes, , , ,Scarborough-Agincourt (39),39,116,Steeles (116)
2012,26-11-2012 10:30,Expressway,Etobicoke York,43.62074538,-79.51159029,No,Clear,Natural,Dry,Non-Fatal Injury,Driver,20 to 24,None,West, , ,Yes, ,Yes, , ,Yes, , , , , ,Etobicoke-Lakeshore (6),6,17,Mimico (includes Humber Bay Shores) (17)
2012,26-11-2012 10:30,Expressway,Etobicoke York,43.62074538,-79.51159029,No,Clear,Natural,Dry,Non-Fatal Injury,Truck Driver,50 to 54,None,West, , ,Yes, ,Yes, , ,Yes, , , , , ,Etobicoke-Lakeshore (6),6,17,Mimico (includes Humber Bay Shores) (17)
2012,26-11-2012 10:30,Expressway,Etobicoke York,43.62074538,-79.51159029,No,Clear,Natural,Dry,Non-Fatal Injury,Driver,55 to 59,Minor,West, , ,Yes, ,Yes, , ,Yes, , , , , ,Etobicoke-Lakeshore (6),6,17,Mimico (includes Humber Bay Shores) (17)
2012,26-11-2012 10:30,Expressway,Etobicoke York,43.62074538,-79.51159029,No,Clear,Natural,Dry,Non-Fatal Injury,Driver,20 to 24,Minimal,West, , ,Yes, ,Yes, , ,Yes, , , , , ,Etobicoke-Lakeshore (6),6,17,Mimico (includes Humber Bay Shores) (17)
2012,26-11-2012 10:30,Expressway,Etobicoke York,43.62074538,-79.51159029,No,Clear,Natural,Dry,Non-Fatal Injury,Passenger,20 to 24,Major,Unknown, , ,Yes, ,Yes, , ,Yes, , , , , ,Etobicoke-Lakeshore (6),6,17,Mimico (includes Humber Bay Shores) (17)
2017,23-08-2017 09:30,Minor Arterial,Toronto East York,43.68394438,-79.30012129,Yes,Clear,Natural,Dry,Non-Fatal Injury,Cyclist,25 to 29,Major,South, ,Yes,Yes, , , , , , , , , , ,Beaches-East York (32),32,62,East End-Danforth (62)
2017,23-08-2017 09:30,Minor Arterial,Toronto East York,43.68394438,-79.30012129,Yes,Clear,Natural,Dry,Non-Fatal Injury,Driver,45 to 49,None,East, ,Yes,Yes, , , , , , , , , , ,Beaches-East York (32),32,62,East End-Danforth (62)
2009,29-06-2009 09:30,Major Arterial,North York,43.75454538,-79.44319029,No,Clear,Natural,Dry,Non-Fatal Injury,Vehicle Owner,unknown,unknown,Unknown,Yes, ,Yes, , , , , , , , , , ,York Centre (10),10,33,Clanton Park (33)
2009,29-06-2009 09:30,Major Arterial,North York,43.75454538,-79.44319029,No,Clear,Natural,Dry,Non-Fatal Injury,Driver,20 to 24,None,East,Yes, ,Yes, , , , , , , , , , ,York Centre (10),10,33,Clanton Park (33)
2009,29-06-2009 09:30,Major Arterial,North York,43.75454538,-79.44319029,No,Clear,Natural,Dry,Non-Fatal Injury,Pedestrian,80 to 84,Major,North,Yes, ,Yes, , , , , , , , , , ,York Centre (10),10,33,Clanton Park (33)
2010,16-07-2010 09:30,Major Arterial,Toronto East York,43.65434607,-79.398594,Yes,Clear,Natural,Dry,Non-Fatal Injury,Pedestrian,50 to 54,Major,West,Yes, , , , ,Yes, , , , , , , ,Trinity-Spadina (20),20,78,Kensington-Chinatown (78)
2010,16-07-2010 09:30,Major Arterial,Toronto East York,43.65434607,-79.398594,Yes,Clear,Natural,Dry,Non-Fatal Injury,Vehicle Owner,unknown,unknown,Unknown,Yes, , , , ,Yes, , , , , , , ,Trinity-Spadina (20),20,78,Kensington-Chinatown (78)
2010,16-07-2010 09:30,Major Arterial,Toronto East York,43.65434607,-79.398594,Yes,Clear,Natural,Dry,Non-Fatal Injury,Driver,40 to 44,None,South,Yes, , , , ,Yes, , , , , , , ,Trinity-Spadina (20),20,78,Kensington-Chinatown (78)
2012,04-07-2012 09:30,Major Arterial,Toronto East York,43.66524538,-79.37789029,Yes,Clear,Natural,Dry,Non-Fatal Injury,Vehicle Owner,unknown,unknown,Unknown,Yes, ,Yes, , , , , , , , , , ,Toronto Centre-Rosedale (27),27,71,Cabbagetown-South St.James Town (71)
2012,04-07-2012 09:30,Major Arterial,Toronto East York,43.66524538,-79.37789029,Yes,Clear,Natural,Dry,Non-Fatal Injury,Driver,25 to 29,None,West,Yes, ,Yes, , , , , , , , , , ,Toronto Centre-Rosedale (27),27,71,Cabbagetown-South St.James Town (71)
2012,04-07-2012 09:30,Major Arterial,Toronto East York,43.66524538,-79.37789029,Yes,Clear,Natural,Dry,Non-Fatal Injury,Pedestrian,50 to 54,Major,West,Yes, ,Yes, , , , , , , , , , ,Toronto Centre-Rosedale (27),27,71,Cabbagetown-South St.James Town (71)
2007,02-02-2007 10:30,Expressway Ramp,Etobicoke York,43.62894538,-79.55489029,Yes,Clear,Natural,Dry,Non-Fatal Injury,Vehicle Owner,unknown,None,Unknown, , ,Yes, , , , , ,Yes,Yes,Yes, , ,Etobicoke-Lakeshore (5),5,14,Islington-City Centre West (14)
2007,02-02-2007 10:30,Expressway Ramp,Etobicoke York,43.62894538,-79.55489029,Yes,Clear,Natural,Dry,Non-Fatal Injury,Driver,60 to 64,Minor,West, , ,Yes, , , , , ,Yes,Yes,Yes, , ,Etobicoke-Lakeshore (5),5,14,Islington-City Centre West (14)
2007,02-02-2007 10:30,Expressway Ramp,Etobicoke York,43.62894538,-79.55489029,Yes,Clear,Natural,Dry,Non-Fatal Injury,Driver,75 to 79,Major,East, , ,Yes, , , , , ,Yes,Yes,Yes, , ,Etobicoke-Lakeshore (5),5,14,Islington-City Centre West (14)
2010,09-01-2010 10:30,Major Arterial,Toronto East York,43.68934538,-79.29679029,Yes,Clear,Natural,Dry,Non-Fatal Injury,Vehicle Owner,unknown,unknown,Unknown,Yes, ,Yes, , , , , , ,Yes, , , ,Beaches-East York (31),31,62,East End-Danforth (62)
2010,09-01-2010 10:30,Major Arterial,Toronto East York,43.68934538,-79.29679029,Yes,Clear,Natural,Dry,Non-Fatal Injury,Driver,55 to 59,None,South,Yes, ,Yes, , , , , , ,Yes, , , ,Beaches-East York (31),31,62,East End-Danforth (62)
2010,09-01-2010 10:30,Major Arterial,Toronto East York,43.68934538,-79.29679029,Yes,Clear,Natural,Dry,Non-Fatal Injury,Pedestrian,80 to 84,Major,North,Yes, ,Yes, , , , , , ,Yes, , , ,Beaches-East York (31),31,62,East End-Danforth (62)
2008,10-10-2008 09:30,Major Arterial,Etobicoke York,43.69424538,-79.55859029,Yes,Clear,Natural,Dry,Non-Fatal Injury,Driver,60 to 64,Major,North, , ,Yes, , , , , ,Yes,Yes, , , ,Etobicoke Centre (4),4,6,Kingsview Village-The Westway (6)
2008,10-10-2008 09:30,Major Arterial,Etobicoke York,43.69424538,-79.55859029,Yes,Clear,Natural,Dry,Non-Fatal Injury,Vehicle Owner,unknown,unknown,Unknown, , ,Yes, , , , , ,Yes,Yes, , , ,Etobicoke Centre (4),4,6,Kingsview Village-The Westway (6)
2008,10-10-2008 09:30,Major Arterial,Etobicoke York,43.69424538,-79.55859029,Yes,Clear,Natural,Dry,Non-Fatal Injury,Driver,50 to 54,None,West, , ,Yes, , , , , ,Yes,Yes, , , ,Etobicoke Centre (4),4,6,Kingsview Village-The Westway (6)
2010,21-04-2010 09:30,Major Arterial,Toronto East York,43.67454538,-79.38019029,Yes,Clear,Natural,Dry,Non-Fatal Injury,Motorcycle Driver,20 to 24,Major,South, , ,Yes,Yes, , , , , , , , , ,Toronto Centre-Rosedale (27),27,98,Rosedale-Moore Park (98)
2010,21-04-2010 09:30,Major Arterial,Toronto East York,43.67454538,-79.38019029,Yes,Clear,Natural,Dry,Non-Fatal Injury,Driver,55 to 59,None,South, , ,Yes,Yes, , , , , , , , , ,Toronto Centre-Rosedale (27),27,98,Rosedale-Moore Park (98)
2016,09-03-2016 10:30,Major Arterial,Etobicoke York,43.7320133,-79.58940516,Yes,Clear,Natural,Dry,Non-Fatal Injury,Driver,65 to 69,None,West,Yes, ,Yes, , , , , , ,Yes, , , ,Etobicoke North (1),1,2,Mount Olive-Silverstone-Jamestown (2)
2016,09-03-2016 10:30,Major Arterial,Etobicoke York,43.7320133,-79.58940516,Yes,Clear,Natural,Dry,Non-Fatal Injury,Pedestrian,65 to 69,Major,South,Yes, ,Yes, , , , , , ,Yes, , , ,Etobicoke North (1),1,2,Mount Olive-Silverstone-Jamestown (2)
2007,16-08-2007 09:30,Major Arterial,Scarborough,43.79704538,-79.14919029,Yes,Clear,Natural,Dry,Non-Fatal Injury,Driver,unknown,None,East, ,Yes,Yes, , , , , , , , , , ,Scarborough East (44),44,131,Rouge (131)
2007,16-08-2007 09:30,Major Arterial,Scarborough,43.79704538,-79.14919029,Yes,Clear,Natural,Dry,Non-Fatal Injury,Cyclist,55 to 59,Major,East, ,Yes,Yes, , , , , , , , , , ,Scarborough East (44),44,131,Rouge (131)
2007,04-09-2007 09:30,Major Arterial,Etobicoke York,43.65104538,-79.60369029,No,Clear,Natural,Dry,Non-Fatal Injury,Driver,40 to 44,None,East, , ,Yes, , , , , , , , , ,Yes,Etobicoke Centre (3),3,11,Eringate-Centennial-West Deane (11)
2007,04-09-2007 09:30,Major Arterial,Etobicoke York,43.65104538,-79.60369029,No,Clear,Natural,Dry,Non-Fatal Injury,Vehicle Owner,unknown,None,Unknown, , ,Yes, , , , , , , , , ,Yes,Etobicoke Centre (3),3,11,Eringate-Centennial-West Deane (11)
2007,04-09-2007 09:30,Major Arterial,Etobicoke York,43.65104538,-79.60369029,No,Clear,Natural,Dry,Non-Fatal Injury,Driver,50 to 54,Major,West, , ,Yes, , , , , , , , , ,Yes,Etobicoke Centre (3),3,11,Eringate-Centennial-West Deane (11)
2008,27-01-2008 10:30,Major Arterial,Scarborough,43.75104538,-79.26719029,Yes,Clear,Natural,Wet,Non-Fatal Injury,Driver,25 to 29,None,North,Yes, ,Yes, , , , , , ,Yes, , , ,Scarborough Centre (37),37,126,Dorset Park (126)
2008,27-01-2008 10:30,Major Arterial,Scarborough,43.75104538,-79.26719029,Yes,Clear,Natural,Wet,Non-Fatal Injury,Pedestrian,65 to 69,Major,East,Yes, ,Yes, , , , , , ,Yes, , , ,Scarborough Centre (37),37,126,Dorset Park (126)
2010,16-08-2010 09:30,Major Arterial,Toronto East York,43.65274538,-79.39889029,No,Clear,Natural,Other,Non-Fatal Injury,Driver,75 to 79,None,North,Yes, ,Yes, , , , , , ,Yes, , , ,Trinity-Spadina (20),20,78,Kensington-Chinatown (78)
2010,16-08-2010 09:30,Major Arterial,Toronto East York,43.65274538,-79.39889029,No,Clear,Natural,Other,Non-Fatal Injury,Driver,65 to 69,None,East,Yes, ,Yes, , , , , , ,Yes, , , ,Trinity-Spadina (20),20,78,Kensington-Chinatown (78)
2010,16-08-2010 09:30,Major Arterial,Toronto East York,43.65274538,-79.39889029,No,Clear,Natural,Other,Non-Fatal Injury,Pedestrian,30 to 34,Major,Unknown,Yes, ,Yes, , , , , , ,Yes, , , ,Trinity-Spadina (20),20,78,Kensington-Chinatown (78)
2012,10-05-2012 09:30,Major Arterial,Toronto East York,43.65084538,-79.41339029,No,Clear,Natural,Dry,Non-Fatal Injury,Vehicle Owner,unknown,unknown,Unknown, ,Yes,Yes, , , , , , ,Yes, , , ,Trinity-Spadina (19),19,81,Trinity-Bellwoods (81)
2012,10-05-2012 09:30,Major Arterial,Toronto East York,43.65084538,-79.41339029,No,Clear,Natural,Dry,Non-Fatal Injury,Driver,25 to 29,None,East, ,Yes,Yes, , , , , , ,Yes, , , ,Trinity-Spadina (19),19,81,Trinity-Bellwoods (81)
2012,10-05-2012 09:30,Major Arterial,Toronto East York,43.65084538,-79.41339029,No,Clear,Natural,Dry,Non-Fatal Injury,Cyclist,65 to 69,Major,East, ,Yes,Yes, , , , , , ,Yes, , , ,Trinity-Spadina (19),19,81,Trinity-Bellwoods (81)
2013,23-06-2013 09:30,Major Arterial,Toronto East York,43.6359516,-79.44291315,Yes,Clear,Natural,Dry,Non-Fatal Injury,Driver,40 to 44,None,North, ,Yes,Yes, , , , , , ,Yes, , , ,Parkdale-High Park (14),14,85,South Parkdale (85)
2013,23-06-2013 09:30,Major Arterial,Toronto East York,43.6359516,-79.44291315,Yes,Clear,Natural,Dry,Non-Fatal Injury,Cyclist,25 to 29,Major,West, ,Yes,Yes, , , , , , ,Yes, , , ,Parkdale-High Park (14),14,85,South Parkdale (85)
2014,02-11-2014 09:30,Collector,North York,43.71748694,-79.44896326,Yes,Clear,Artificial,Dry,Non-Fatal Injury,Driver,65 to 69,None,East,Yes, ,Yes, , , , , , ,Yes, , , ,Eglinton-Lawrence (15),15,31,Yorkdale-Glen Park (31)
2014,02-11-2014 09:30,Collector,North York,43.71748694,-79.44896326,Yes,Clear,Artificial,Dry,Non-Fatal Injury,Pedestrian,60 to 64,Major,East,Yes, ,Yes, , , , , , ,Yes, , , ,Eglinton-Lawrence (15),15,31,Yorkdale-Glen Park (31)
2015,20-07-2015 09:30,Major Arterial,Etobicoke York,43.63639029,-79.47229395,No,Clear,Natural,Dry,Non-Fatal Injury,Truck Driver,35 to 39,None,East,Yes, , , ,Yes, , , , , , , , ,Parkdale-High Park (13),13,87,High Park-Swansea (87)
2015,20-07-2015 09:30,Major Arterial,Etobicoke York,43.63639029,-79.47229395,No,Clear,Natural,Dry,Non-Fatal Injury,Pedestrian,55 to 59,Major,Unknown,Yes, , , ,Yes, , , , , , , , ,Parkdale-High Park (13),13,87,High Park-Swansea (87)
2012,07-02-2012 10:30,Major Arterial,Toronto East York,43.70794638,-79.398594,Yes,Clear,Natural,Dry,Non-Fatal Injury,Driver,30 to 34,None,West,Yes, ,Yes, , , , , , , , , , ,St. Paul's (22),22,104,Mount Pleasant West (104)
2012,07-02-2012 10:30,Major Arterial,Toronto East York,43.70794638,-79.398594,Yes,Clear,Natural,Dry,Non-Fatal Injury,Pedestrian,70 to 74,Major,West,Yes, ,Yes, , , , , , , , , , ,St. Paul's (22),22,104,Mount Pleasant West (104)
2013,31-05-2013 09:30,Major Arterial,North York,43.79309042,-79.35225306,Yes,Clear,Natural,Dry,Non-Fatal Injury,Driver,90 to 94,None,South,Yes, ,Yes, , , , , , , , , ,Yes,Don Valley East (33),33,47,Don Valley Village (47)
2013,31-05-2013 09:30,Major Arterial,North York,43.79309042,-79.35225306,Yes,Clear,Natural,Dry,Non-Fatal Injury,Pedestrian,75 to 79,Major,North,Yes, ,Yes, , , , , , , , , ,Yes,Don Valley East (33),33,47,Don Valley Village (47)
2017,14-02-2017 10:30,Major Arterial,Etobicoke York,43.67976721,-79.53897486,Yes,Clear,Natural,Dry,Non-Fatal Injury,Driver,55 to 59,Major,South, , ,Yes, , , , , , , , , , ,Etobicoke Centre (4),4,9,Edenbridge-Humber Valley (9)
2017,14-02-2017 10:30,Major Arterial,Etobicoke York,43.67976721,-79.53897486,Yes,Clear,Natural,Dry,Non-Fatal Injury,Driver,15 to 19,Minimal,North, , ,Yes, , , , , , , , , , ,Etobicoke Centre (4),4,9,Edenbridge-Humber Valley (9)
2009,03-10-2009 09:30,Major Arterial,Scarborough,43.82984538,-79.28039029,Yes,Rain,Natural,Wet,Non-Fatal Injury,Driver,45 to 49,None,East,Yes, ,Yes, , , , , , ,Yes, , , ,Scarborough-Rouge River (41),41,130,Milliken (130)
2009,03-10-2009 09:30,Major Arterial,Scarborough,43.82984538,-79.28039029,Yes,Rain,Natural,Wet,Non-Fatal Injury,Pedestrian,60 to 64,Major,North,Yes, ,Yes, , , , , , ,Yes, , , ,Scarborough-Rouge River (41),41,130,Milliken (130)
2013,09-10-2013 09:30,Minor Arterial,Etobicoke York,43.67449911,-79.43258295,No,Clear,Natural,Dry,Non-Fatal Injury,Vehicle Owner,unknown,unknown,Unknown, ,Yes,Yes, , , , , , , , , , ,Davenport (17),17,94,Wychwood (94)
2013,09-10-2013 09:30,Minor Arterial,Etobicoke York,43.67449911,-79.43258295,No,Clear,Natural,Dry,Non-Fatal Injury,Driver,45 to 49,None,West, ,Yes,Yes, , , , , , , , , , ,Davenport (17),17,94,Wychwood (94)
2013,09-10-2013 09:30,Minor Arterial,Etobicoke York,43.67449911,-79.43258295,No,Clear,Natural,Dry,Non-Fatal Injury,Cyclist,50 to 54,Major,West, ,Yes,Yes, , , , , , , , , , ,Davenport (17),17,94,Wychwood (94)
2013,24-11-2013 10:30,Major Arterial,Scarborough,43.73741873,-79.24470148,No,Clear,Natural,Dry,Fatal,Driver,40 to 44,None,West, , ,Yes, , , , ,Yes,Yes,Yes, , , ,Scarborough Southwest (35),35,138,Eglinton East (138)
2013,24-11-2013 10:30,Major Arterial,Scarborough,43.73741873,-79.24470148,No,Clear,Natural,Dry,Fatal,Driver,45 to 49,Minor,East, , ,Yes, , , , ,Yes,Yes,Yes, , , ,Scarborough Southwest (35),35,138,Eglinton East (138)
2013,24-11-2013 10:30,Major Arterial,Scarborough,43.73741873,-79.24470148,No,Clear,Natural,Dry,Fatal,Passenger,30 to 34,None,Unknown, , ,Yes, , , , ,Yes,Yes,Yes, , , ,Scarborough Southwest (35),35,138,Eglinton East (138)
2013,24-11-2013 10:30,Major Arterial,Scarborough,43.73741873,-79.24470148,No,Clear,Natural,Dry,Fatal,Passenger,30 to 34,Fatal,Unknown, , ,Yes, , , , ,Yes,Yes,Yes, , , ,Scarborough Southwest (35),35,138,Eglinton East (138)
2013,24-11-2013 10:30,Major Arterial,Scarborough,43.73741873,-79.24470148,No,Clear,Natural,Dry,Fatal,Passenger,35 to 39,Minor,Unknown, , ,Yes, , , , ,Yes,Yes,Yes, , , ,Scarborough Southwest (35),35,138,Eglinton East (138)
2013,24-11-2013 10:30,Major Arterial,Scarborough,43.73741873,-79.24470148,No,Clear,Natural,Dry,Fatal,Passenger,35 to 39,Minor,West, , ,Yes, , , , ,Yes,Yes,Yes, , , ,Scarborough Southwest (35),35,138,Eglinton East (138)
2015,23-04-2015 09:30,Major Arterial,Toronto East York,43.7087055,-79.29594813,Yes,Clear,Natural,Dry,Non-Fatal Injury,Driver,85 to 89,None,South,Yes, ,Yes, , , , , , , , , , ,Scarborough Southwest (35),35,120,Clairlea-Birchmount (120)
2015,23-04-2015 09:30,Major Arterial,Toronto East York,43.7087055,-79.29594813,Yes,Clear,Natural,Dry,Non-Fatal Injury,Pedestrian,70 to 74,Major,East,Yes, ,Yes, , , , , , , , , , ,Scarborough Southwest (35),35,120,Clairlea-Birchmount (120)
2016,13-02-2016 10:30,Major Arterial,North York,43.76023825,-79.50360499,No,Clear,Natural,Dry,Fatal,Driver,75 to 79,None,West,Yes, ,Yes, , , , ,Yes, , , , , ,York West (8),8,27,York University Heights (27)
2016,13-02-2016 10:30,Major Arterial,North York,43.76023825,-79.50360499,No,Clear,Natural,Dry,Fatal,Pedestrian,70 to 74,Fatal,South,Yes, ,Yes, , , , ,Yes, , , , , ,York West (8),8,27,York University Heights (27)
2016,13-02-2016 10:30,Major Arterial,North York,43.76023825,-79.50360499,No,Clear,Natural,Dry,Fatal,Passenger,60 to 64,None,Unknown,Yes, ,Yes, , , , ,Yes, , , , , ,York West (8),8,27,York University Heights (27)
2016,13-02-2016 10:30,Major Arterial,North York,43.76023825,-79.50360499,No,Clear,Natural,Dry,Fatal,Passenger,45 to 49,None,Unknown,Yes, ,Yes, , , , ,Yes, , , , , ,York West (8),8,27,York University Heights (27)
2010,05-07-2010 09:30,Major Arterial,Toronto East York,43.69644538,-79.31739029,Yes,Clear,Natural,Dry,Non-Fatal Injury,Driver,45 to 49,None,West, ,Yes,Yes, , , , , , , , , , ,Beaches-East York (31),31,60,Woodbine-Lumsden (60)
2010,05-07-2010 09:30,Major Arterial,Toronto East York,43.69644538,-79.31739029,Yes,Clear,Natural,Dry,Non-Fatal Injury,Cyclist,45 to 49,Major,East, ,Yes,Yes, , , , , , , , , , ,Beaches-East York (31),31,60,Woodbine-Lumsden (60)
2012,30-08-2012 09:30,Minor Arterial,Etobicoke York,43.65494538,-79.56429029,Yes,Clear,Natural,Other,Non-Fatal Injury,Driver,55 to 59,None,South,Yes, ,Yes, , , , , , ,Yes, , , ,Etobicoke Centre (3),3,11,Eringate-Centennial-West Deane (11)
2012,30-08-2012 09:30,Minor Arterial,Etobicoke York,43.65494538,-79.56429029,Yes,Clear,Natural,Other,Non-Fatal Injury,Pedestrian,85 to 89,Major,North,Yes, ,Yes, , , , , , ,Yes, , , ,Etobicoke Centre (3),3,11,Eringate-Centennial-West Deane (11)
2007,22-10-2007 09:30,Major Arterial,North York,43.78254538,-79.49009029,Yes,Clear,Natural,Dry,Non-Fatal Injury,Driver,45 to 49,Major,North, , ,Yes, , , , , , ,Yes,Yes, , ,York West (8),8,27,York University Heights (27)
2007,22-10-2007 09:30,Major Arterial,North York,43.78254538,-79.49009029,Yes,Clear,Natural,Dry,Non-Fatal Injury,Driver,70 to 74,None,East, , ,Yes, , , , , , ,Yes,Yes, , ,York West (8),8,27,York University Heights (27)
2008,15-11-2008 10:30,Major Arterial,Toronto East York,43.67514538,-79.40599029,No,Rain,Natural,Wet,Non-Fatal Injury,Vehicle Owner,unknown,unknown,Unknown, , ,Yes, , , , ,Yes, ,Yes, , , ,Trinity-Spadina (20),20,95,Annex (95)
2008,15-11-2008 10:30,Major Arterial,Toronto East York,43.67514538,-79.40599029,No,Rain,Natural,Wet,Non-Fatal Injury,Driver,25 to 29,None,West, , ,Yes, , , , ,Yes, ,Yes, , , ,Trinity-Spadina (20),20,95,Annex (95)
2008,15-11-2008 10:30,Major Arterial,Toronto East York,43.67514538,-79.40599029,No,Rain,Natural,Wet,Non-Fatal Injury,Driver,50 to 54,None,West, , ,Yes, , , , ,Yes, ,Yes, , , ,Trinity-Spadina (20),20,95,Annex (95)
2008,15-11-2008 10:30,Major Arterial,Toronto East York,43.67514538,-79.40599029,No,Rain,Natural,Wet,Non-Fatal Injury,Passenger,55 to 59,Major,Unknown, , ,Yes, , , , ,Yes, ,Yes, , , ,Trinity-Spadina (20),20,95,Annex (95)
2008,15-11-2008 10:30,Major Arterial,Toronto East York,43.67514538,-79.40599029,No,Rain,Natural,Wet,Non-Fatal Injury,Driver,55 to 59,Major,West, , ,Yes, , , , ,Yes, ,Yes, , , ,Trinity-Spadina (20),20,95,Annex (95)
2011,05-04-2011 09:30,Major Arterial,Toronto East York,43.66624538,-79.37829029,Yes,Clear,Natural,Dry,Non-Fatal Injury,Driver,65 to 69,None,South, ,Yes,Yes, , , , , , , , , , ,Toronto Centre-Rosedale (27),27,71,Cabbagetown-South St.James Town (71)
2011,05-04-2011 09:30,Major Arterial,Toronto East York,43.66624538,-79.37829029,Yes,Clear,Natural,Dry,Non-Fatal Injury,Cyclist,65 to 69,Major,South, ,Yes,Yes, , , , , , , , , , ,Toronto Centre-Rosedale (27),27,71,Cabbagetown-South St.James Town (71)
2012,18-01-2012 10:30,Minor Arterial,Toronto East York,43.67754538,-79.35869029,No,Clear,Natural,Dry,Non-Fatal Injury,Driver,85 to 89,Minor,South,Yes, ,Yes, , , , , , ,Yes, , , ,Toronto-Danforth (29),29,67,Playter Estates-Danforth (67)
2012,18-01-2012 10:30,Minor Arterial,Toronto East York,43.67754538,-79.35869029,No,Clear,Natural,Dry,Non-Fatal Injury,Pedestrian,50 to 54,Major,North,Yes, ,Yes, , , , , , ,Yes, , , ,Toronto-Danforth (29),29,67,Playter Estates-Danforth (67)
2012,17-03-2012 09:30,Major Arterial,Toronto East York,43.67014538,-79.36019029,Yes,Clear,Natural,Wet,Non-Fatal Injury,Vehicle Owner,unknown,unknown,Unknown, , ,Yes, , , , , , ,Yes, , , ,Toronto Centre-Rosedale (28),28,71,Cabbagetown-South St.James Town (71)
2012,17-03-2012 09:30,Major Arterial,Toronto East York,43.67014538,-79.36019029,Yes,Clear,Natural,Wet,Non-Fatal Injury,Driver,30 to 34,None,East, , ,Yes, , , , , , ,Yes, , , ,Toronto Centre-Rosedale (28),28,71,Cabbagetown-South St.James Town (71)
2012,17-03-2012 09:30,Major Arterial,Toronto East York,43.67014538,-79.36019029,Yes,Clear,Natural,Wet,Non-Fatal Injury,Driver,40 to 44,Major,East, , ,Yes, , , , , , ,Yes, , , ,Toronto Centre-Rosedale (28),28,71,Cabbagetown-South St.James Town (71)
2013,25-05-2013 09:30,Collector,Scarborough,43.80174538,-79.30019029,No,Clear,Natural,Dry,Non-Fatal Injury,Driver,25 to 29,None,East,Yes, ,Yes, , , , , , , , , , ,Scarborough-Agincourt (39),39,117,L'Amoreaux (117)
2013,25-05-2013 09:30,Collector,Scarborough,43.80174538,-79.30019029,No,Clear,Natural,Dry,Non-Fatal Injury,Pedestrian,80 to 84,Major,West,Yes, ,Yes, , , , , , , , , , ,Scarborough-Agincourt (39),39,117,L'Amoreaux (117)
2013,30-10-2013 09:30,Major Arterial,Toronto East York,43.70051916,-79.42775355,Yes,Clear,Natural,Dry,Fatal, ,unknown,unknown,Unknown,Yes, ,Yes, , , , , , ,Yes, , , ,St. Paul's (21),21,106,Humewood-Cedarvale (106)
2013,30-10-2013 09:30,Major Arterial,Toronto East York,43.70051916,-79.42775355,Yes,Clear,Natural,Dry,Fatal,Driver,55 to 59,None,South,Yes, ,Yes, , , , , , ,Yes, , , ,St. Paul's (21),21,106,Humewood-Cedarvale (106)
2013,30-10-2013 09:30,Major Arterial,Toronto East York,43.70051916,-79.42775355,Yes,Clear,Natural,Dry,Fatal,Pedestrian,Over 95,Fatal,West,Yes, ,Yes, , , , , , ,Yes, , , ,St. Paul's (21),21,106,Humewood-Cedarvale (106)
2017,23-02-2017 10:30,Major Arterial,Toronto East York,43.64982184,-79.38077174,Yes,Clear,Artificial,Dry,Fatal,Pedestrian,75 to 79,Fatal,East,Yes, ,Yes, , , , , , ,Yes, , , ,Toronto Centre-Rosedale (28),28,76,Bay Street Corridor (76)
2017,23-02-2017 10:30,Major Arterial,Toronto East York,43.64982184,-79.38077174,Yes,Clear,Artificial,Dry,Fatal,Driver,20 to 24,None,East,Yes, ,Yes, , , , , , ,Yes, , , ,Toronto Centre-Rosedale (28),28,76,Bay Street Corridor (76)
2011,11-01-2011 10:30,Major Arterial,Toronto East York,43.64724538,-79.40389029,No,Clear,Natural,Wet,Fatal,Pedestrian,unknown,Fatal,North,Yes, , , , ,Yes, , , , , , , ,Trinity-Spadina (20),20,78,Kensington-Chinatown (78)
2009,02-06-2009 09:30,Major Arterial,Toronto East York,43.65084538,-79.38659029,Yes,Clear,Natural,Dry,Non-Fatal Injury,Vehicle Owner,unknown,unknown,Unknown,Yes, ,Yes, , , , ,Yes, ,Yes,Yes, , ,Toronto Centre-Rosedale (28),28,76,Bay Street Corridor (76)