YEAR,DATE,ROAD_CLASS,District,LATITUDE,LONGITUDE,TRAFFCTL,VISIBILITY,LIGHT,RDSFCOND,ACCLASS,INVTYPE,INVAGE,INJURY,INITDIR,PEDESTRIAN,CYCLIST,AUTOMOBILE,MOTORCYCLE,TRUCK,TRSN_CITY_VEH,EMERG_VEH,PASSENGER,SPEEDING,AG_DRIV,REDLIGHT,ALCOHOL,DISABILITY,Ward_Name,Ward_ID,Hood_ID,Hood_Name
2016,03-04-2016 09:30,Major Arterial,North York,43.79287298,-79.33548365,No,Snow,Natural,Slush/Ice,Non-Fatal Injury,Driver,40 to 44,Minor,West, , ,Yes, , , , ,Yes,Yes,Yes, , , ,Don Valley East (33),33,46,Pleasant View (46)
2016,26-06-2016 09:30,Major Arterial,Toronto East York,43.64097555,-79.45463953,Yes,Clear,Natural,Dry,Non-Fatal Injury,Pedestrian,15 to 19,Major,East,Yes, ,Yes, , , , , , , , , , ,Parkdale-High Park (14),14,87,High Park-Swansea (87)
2016,22-07-2016 09:30,Minor Arterial,Etobicoke York,43.66137655,-79.51758204,No,Clear,Natural,Dry,Fatal,Motorcycle Driver,30 to 34,Fatal,South, , ,Yes,Yes, , , ,Yes,Yes,Yes, , , ,Etobicoke Centre (4),4,9,Edenbridge-Humber Valley (9)
2016,22-07-2016 09:30,Minor Arterial,Etobicoke York,43.66137655,-79.51758204,No,Clear,Natural,Dry,Fatal,Driver,15 to 19,Minor,North, , ,Yes,Yes, , , ,Yes,Yes,Yes, , , ,Etobicoke Centre (4),4,9,Edenbridge-Humber Valley (9)
2016,22-07-2016 09:30,Minor Arterial,Etobicoke York,43.66137655,-79.51758204,No,Clear,Natural,Dry,Fatal,Passenger,20 to 24,Major,Unknown, , ,Yes,Yes, , , ,Yes,Yes,Yes, , , ,Etobicoke Centre (4),4,9,Edenbridge-Humber Valley (9)
2016,19-08-2016 09:30,Collector,Scarborough,43.79985769,-79.18824396,No,Clear,Natural,Dry,Non-Fatal Injury,Motorcycle Driver,20 to 24,Major,North, , ,Yes,Yes, , , , ,Yes,Yes, , , ,Scarborough-Rouge River (42),42,131,Rouge (131)
2016,19-08-2016 09:30,Collector,Scarborough,43.79985769,-79.18824396,No,Clear,Natural,Dry,Non-Fatal Injury,Driver,60 to 64,None,North, , ,Yes,Yes, , , , ,Yes,Yes, , , ,Scarborough-Rouge River (42),42,131,Rouge (131)
2016,02-11-2016 09:30,Major Arterial,Toronto East York,43.65609701,-79.40948878,No,Rain,Artificial,Wet,Fatal,Pedestrian,65 to 69,Fatal,North,Yes, ,Yes, , , , , , , , , , ,Trinity-Spadina (19),19,81,Trinity-Bellwoods (81)
2016,02-11-2016 09:30,Major Arterial,Toronto East York,43.65609701,-79.40948878,No,Rain,Artificial,Wet,Fatal,Driver,30 to 34,None,East,Yes, ,Yes, , , , , , , , , , ,Trinity-Spadina (19),19,81,Trinity-Bellwoods (81)
2016,03-04-2016 09:30,Major Arterial,North York,43.79287298,-79.33548365,No,Snow,Natural,Slush/Ice,Non-Fatal Injury,Passenger,50 to 54,Major,Unknown, , ,Yes, , , , ,Yes,Yes,Yes, , , ,Don Valley East (33),33,46,Pleasant View (46)
2016,03-04-2016 09:30,Major Arterial,North York,43.79287298,-79.33548365,No,Snow,Natural,Slush/Ice,Non-Fatal Injury,Passenger,65 to 69,Minor,Unknown, , ,Yes, , , , ,Yes,Yes,Yes, , , ,Don Valley East (33),33,46,Pleasant View (46)
2016,03-04-2016 09:30,Major Arterial,North York,43.79287298,-79.33548365,No,Snow,Natural,Slush/Ice,Non-Fatal Injury,Passenger,70 to 74,Minor,Unknown, , ,Yes, , , , ,Yes,Yes,Yes, , , ,Don Valley East (33),33,46,Pleasant View (46)
2016,02-11-2016 09:30,Major Arterial,Toronto East York,43.65609701,-79.40948878,No,Rain,Artificial,Wet,Fatal,Pedestrian,60 to 64,Minor,North,Yes, ,Yes, , , , , , , , , , ,Trinity-Spadina (19),19,81,Trinity-Bellwoods (81)
2016,03-04-2016 09:30,Major Arterial,North York,43.79287298,-79.33548365,No,Snow,Natural,Slush/Ice,Non-Fatal Injury,Passenger,35 to 39,Minor,Unknown, , ,Yes, , , , ,Yes,Yes,Yes, , , ,Don Valley East (33),33,46,Pleasant View (46)
2013,27-03-2013 09:30,Major Arterial,Toronto East York,43.68994538,-79.29379029,No,Rain,Natural,Wet,Non-Fatal Injury,Passenger,5 to 9,Major,Unknown, , ,Yes, , , , ,Yes, , , , , ,Beaches-East York (32),32,62,East End-Danforth (62)
2011,25-09-2011 09:30,Major Arterial,Scarborough,43.75524538,-79.24679029,No,Clear,Natural,Dry,Non-Fatal Injury,Driver,50 to 54,None,East,Yes, ,Yes, , , , , , , , , , ,Scarborough Centre (38),38,127,Bendale (127)
2016,02-11-2016 09:30,Major Arterial,Toronto East York,43.65609701,-79.40948878,No,Rain,Artificial,Wet,Fatal,Driver,45 to 49,None,West,Yes, ,Yes, , , , , , , , , , ,Trinity-Spadina (19),19,81,Trinity-Bellwoods (81)
2007,08-12-2007 10:30,Major Arterial,Scarborough,43.74154538,-79.29319029,No,Clear,Natural,Wet,Non-Fatal Injury,Driver,60 to 64,Major,North, , ,Yes, , , , , , , , ,Yes, ,Scarborough Centre (37),37,119,Wexford/Maryvale (119)
2007,08-12-2007 10:30,Major Arterial,Scarborough,43.74154538,-79.29319029,No,Clear,Natural,Wet,Non-Fatal Injury,Driver,60 to 64,None,North, , ,Yes, , , , , , , , ,Yes, ,Scarborough Centre (37),37,119,Wexford/Maryvale (119)
2016,23-06-2016 09:30,Major Arterial,Etobicoke York,43.63210638,-79.54468928,Yes,Clear,Natural,Dry,Non-Fatal Injury,Truck Driver,35 to 39,None,North,Yes, , , ,Yes, , , , ,Yes, , , ,Etobicoke-Lakeshore (5),5,14,Islington-City Centre West (14)
2016,23-06-2016 09:30,Major Arterial,Etobicoke York,43.63210638,-79.54468928,Yes,Clear,Natural,Dry,Non-Fatal Injury,Pedestrian,65 to 69,Major,South,Yes, , , ,Yes, , , , ,Yes, , , ,Etobicoke-Lakeshore (5),5,14,Islington-City Centre West (14)
2009,30-10-2009 09:30,Minor Arterial,Scarborough,43.72744538,-79.25509029,No,Clear,Natural,Dry,Non-Fatal Injury,Pedestrian,15 to 19,Major,Unknown,Yes, ,Yes, , , , , , , , , , ,Scarborough Southwest (35),35,124,Kennedy Park (124)
2009,30-10-2009 09:30,Minor Arterial,Scarborough,43.72744538,-79.25509029,No,Clear,Natural,Dry,Non-Fatal Injury,Vehicle Owner,unknown,unknown,Unknown,Yes, ,Yes, , , , , , , , , , ,Scarborough Southwest (35),35,124,Kennedy Park (124)
2009,30-10-2009 09:30,Minor Arterial,Scarborough,43.72744538,-79.25509029,No,Clear,Natural,Dry,Non-Fatal Injury,Driver,50 to 54,None,East,Yes, ,Yes, , , , , , , , , , ,Scarborough Southwest (35),35,124,Kennedy Park (124)
2009,30-10-2009 09:30,Minor Arterial,Scarborough,43.72744538,-79.25509029,No,Clear,Natural,Dry,Non-Fatal Injury,Other Property Owner,unknown,unknown,Unknown,Yes, ,Yes, , , , , , , , , , ,Scarborough Southwest (35),35,124,Kennedy Park (124)
2009,17-12-2009 10:30,Major Arterial,Toronto East York,43.67294538,-79.36929029,No,Clear,Natural,Dry,Fatal,Driver,35 to 39,None,West,Yes, ,Yes, , , , , , , , , , ,Toronto Centre-Rosedale (27),27,71,Cabbagetown-South St.James Town (71)
2010,24-10-2010 09:30,Major Arterial,North York,43.76734538,-79.49199029,Yes,Rain,Natural,Wet,Non-Fatal Injury,Driver,20 to 24,Major,North, , ,Yes, , , , , , ,Yes,Yes, , ,York West (8),8,27,York University Heights (27)
2011,16-01-2011 10:30,Major Arterial,Etobicoke York,43.67174538,-79.47109029,Yes,Clear,Natural,Dry,Non-Fatal Injury,Driver,55 to 59,None,West, , ,Yes, , , , , ,Yes,Yes, , , ,York South-Weston (11),11,90,Junction Area (90)
2016,13-07-2016 09:30,Major Arterial,North York,43.7138439,-79.37761317,Yes,Clear,Natural,Dry,Non-Fatal Injury,Driver,50 to 54,Major,East, , ,Yes, , , , ,Yes, ,Yes, , , ,Don Valley West (26),26,56,Leaside-Bennington (56)
2007,09-09-2007 09:30,Major Arterial,Toronto East York,43.70214538,-79.33599029,Yes,Clear,Natural,Dry,Non-Fatal Injury,Driver,25 to 29,Minor,North, , ,Yes, , , , ,Yes, ,Yes, , , ,Toronto-Danforth (29),29,58,Old East York (58)
2013,11-07-2013 09:30,Minor Arterial,Toronto East York,43.67654538,-79.35889029,No,Clear,Natural,Dry,Non-Fatal Injury,Cyclist,35 to 39,Major,South,Yes,Yes,Yes, , , , , , , , , , ,Toronto-Danforth (29),29,67,Playter Estates-Danforth (67)
2009,17-12-2009 10:30,Major Arterial,Toronto East York,43.67294538,-79.36929029,No,Clear,Natural,Dry,Fatal,Pedestrian,60 to 64,Fatal,North,Yes, ,Yes, , , , , , , , , , ,Toronto Centre-Rosedale (27),27,71,Cabbagetown-South St.James Town (71)
2011,08-11-2011 10:30,Major Arterial,Toronto East York,43.64944538,-79.39659029,No,Clear,Artificial,Dry,Non-Fatal Injury,Driver,70 to 74,None,South,Yes, ,Yes, , , , , , , , , , ,Trinity-Spadina (20),20,78,Kensington-Chinatown (78)
2011,08-11-2011 10:30,Major Arterial,Toronto East York,43.64944538,-79.39659029,No,Clear,Artificial,Dry,Non-Fatal Injury,Pedestrian,85 to 89,Major,West,Yes, ,Yes, , , , , , , , , , ,Trinity-Spadina (20),20,78,Kensington-Chinatown (78)
2015,27-03-2015 09:30,Major Arterial,Scarborough,43.72564276,-79.29750452,No,Clear,Artificial,Dry,Non-Fatal Injury,Driver,55 to 59,None,East, , , , , ,Yes, ,Yes, , , , , ,Scarborough Southwest (35),35,120,Clairlea-Birchmount (120)
2015,27-03-2015 09:30,Major Arterial,Scarborough,43.72564276,-79.29750452,No,Clear,Artificial,Dry,Non-Fatal Injury,Passenger,50 to 54,Major,Unknown, , , , , ,Yes, ,Yes, , , , , ,Scarborough Southwest (35),35,120,Clairlea-Birchmount (120)
2011,05-01-2011 10:30,Major Arterial,Scarborough,43.79694538,-79.31499029,No,Clear,Natural,Wet,Non-Fatal Injury,Driver,70 to 74,None,West, , ,Yes, , , , , , ,Yes, , , ,Scarborough-Agincourt (40),40,117,L'Amoreaux (117)
2011,05-01-2011 10:30,Major Arterial,Scarborough,43.79694538,-79.31499029,No,Clear,Natural,Wet,Non-Fatal Injury,Driver,40 to 44,Major,West, , ,Yes, , , , , , ,Yes, , , ,Scarborough-Agincourt (40),40,117,L'Amoreaux (117)
2012,01-03-2012 10:30,Major Arterial,Scarborough,43.78234538,-79.29249029,No,Clear,Natural,Dry,Non-Fatal Injury,Driver,35 to 39,None,West,Yes, ,Yes, , , , , , , , , , ,Scarborough-Agincourt (40),40,118,Tam O'Shanter-Sullivan (118)
2012,01-03-2012 10:30,Major Arterial,Scarborough,43.78234538,-79.29249029,No,Clear,Natural,Dry,Non-Fatal Injury,Pedestrian,35 to 39,Major,Unknown,Yes, ,Yes, , , , , , , , , , ,Scarborough-Agincourt (40),40,118,Tam O'Shanter-Sullivan (118)
2015,02-04-2015 09:30,Major Arterial,North York,43.77711828,-79.34788904,Yes,Rain,Artificial,Wet,Non-Fatal Injury,Driver,20 to 24,None,North,Yes, ,Yes, , , , ,Yes, ,Yes,Yes, , ,Don Valley East (33),33,47,Don Valley Village (47)
2015,02-04-2015 09:30,Major Arterial,North York,43.77711828,-79.34788904,Yes,Rain,Artificial,Wet,Non-Fatal Injury,Passenger,20 to 24,None,Unknown,Yes, ,Yes, , , , ,Yes, ,Yes,Yes, , ,Don Valley East (33),33,47,Don Valley Village (47)
2015,02-04-2015 09:30,Major Arterial,North York,43.77711828,-79.34788904,Yes,Rain,Artificial,Wet,Non-Fatal Injury,Pedestrian,50 to 54,Major,West,Yes, ,Yes, , , , ,Yes, ,Yes,Yes, , ,Don Valley East (33),33,47,Don Valley Village (47)
2010,15-09-2010 09:30,Major Arterial,Toronto East York,43.64884538,-79.39579029,No,Clear,Natural,Dry,Non-Fatal Injury,Driver,35 to 39,None,West,Yes, ,Yes, , , , , , , , , , ,Trinity-Spadina (20),20,77,Waterfront Communities-The Island (77)
2010,15-09-2010 09:30,Major Arterial,Toronto East York,43.64884538,-79.39579029,No,Clear,Natural,Dry,Non-Fatal Injury,Pedestrian,30 to 34,Major,South,Yes, ,Yes, , , , , , , , , , ,Trinity-Spadina (20),20,77,Waterfront Communities-The Island (77)
2011,26-10-2011 09:30,Major Arterial,Toronto East York,43.66674538,-79.39329029,No,Rain,Natural,Wet,Non-Fatal Injury,Passenger,unknown,None,Unknown,Yes, ,Yes, , , , ,Yes, , , , , ,Toronto Centre-Rosedale (27),27,76,Bay Street Corridor (76)
2011,26-10-2011 09:30,Major Arterial,Toronto East York,43.66674538,-79.39329029,No,Rain,Natural,Wet,Non-Fatal Injury,Vehicle Owner,unknown,unknown,Unknown,Yes, ,Yes, , , , ,Yes, , , , , ,Toronto Centre-Rosedale (27),27,76,Bay Street Corridor (76)
2011,26-10-2011 09:30,Major Arterial,Toronto East York,43.66674538,-79.39329029,No,Rain,Natural,Wet,Non-Fatal Injury,Driver,20 to 24,None,South,Yes, ,Yes, , , , ,Yes, , , , , ,Toronto Centre-Rosedale (27),27,76,Bay Street Corridor (76)
2011,26-10-2011 09:30,Major Arterial,Toronto East York,43.66674538,-79.39329029,No,Rain,Natural,Wet,Non-Fatal Injury,Pedestrian,70 to 74,Major,West,Yes, ,Yes, , , , ,Yes, , , , , ,Toronto Centre-Rosedale (27),27,76,Bay Street Corridor (76)
2011,20-03-2011 09:30,Minor Arterial,Scarborough,43.74574538,-79.23069029,No,Clear,Natural,Dry,Non-Fatal Injury,Driver,40 to 44,Major,North, , ,Yes, , , , ,Yes, , , , , ,Scarborough Centre (38),38,137,Woburn (137)
2011,20-03-2011 09:30,Minor Arterial,Scarborough,43.74574538,-79.23069029,No,Clear,Natural,Dry,Non-Fatal Injury,Passenger,30 to 34,Major,Unknown, , ,Yes, , , , ,Yes, , , , , ,Scarborough Centre (38),38,137,Woburn (137)
2016,27-05-2016 09:30,Major Arterial,Scarborough,43.75101431,-79.2222558,Yes,Clear,Natural,Dry,Non-Fatal Injury,Driver,35 to 39,Minor,South,Yes, ,Yes, , ,Yes, , , , , , , ,Scarborough Centre (38),38,137,Woburn (137)
2016,27-05-2016 09:30,Major Arterial,Scarborough,43.75101431,-79.2222558,Yes,Clear,Natural,Dry,Non-Fatal Injury,Driver,40 to 44,None,North,Yes, ,Yes, , ,Yes, , , , , , , ,Scarborough Centre (38),38,137,Woburn (137)
2016,27-05-2016 09:30,Major Arterial,Scarborough,43.75101431,-79.2222558,Yes,Clear,Natural,Dry,Non-Fatal Injury,Pedestrian,40 to 44,Major,Unknown,Yes, ,Yes, , ,Yes, , , , , , , ,Scarborough Centre (38),38,137,Woburn (137)
2017,20-09-2017 09:30,Minor Arterial,Toronto East York,43.6828533,-79.35718165,No,Clear,Natural,Dry,Fatal,Pedestrian,85 to 89,Fatal,West,Yes, ,Yes, , , , , , , , , , ,Toronto-Danforth (29),29,57,Broadview North (57)
2017,20-09-2017 09:30,Minor Arterial,Toronto East York,43.6828533,-79.35718165,No,Clear,Natural,Dry,Fatal,Driver,50 to 54,None,North,Yes, ,Yes, , , , , , , , , , ,Toronto-Danforth (29),29,57,Broadview North (57)
2011,08-12-2011 10:30,Major Arterial,Scarborough,43.77524538,-79.32299029,Yes,Clear,Natural,Dry,Non-Fatal Injury,Vehicle Owner,unknown,unknown,Unknown,Yes, , , , ,Yes, , , , , , , ,Scarborough-Agincourt (40),40,118,Tam O'Shanter-Sullivan (118)
2011,08-12-2011 10:30,Major Arterial,Scarborough,43.77524538,-79.32299029,Yes,Clear,Natural,Dry,Non-Fatal Injury,Driver,55 to 59,None,South,Yes, , , , ,Yes, , , , , , , ,Scarborough-Agincourt (40),40,118,Tam O'Shanter-Sullivan (118)
2011,08-12-2011 10:30,Major Arterial,Scarborough,43.77524538,-79.32299029,Yes,Clear,Natural,Dry,Non-Fatal Injury,Pedestrian,20 to 24,Major,South,Yes, , , , ,Yes, , , , , , , ,Scarborough-Agincourt (40),40,118,Tam O'Shanter-Sullivan (118)
2014,24-05-2014 09:30,Major Arterial,Scarborough,43.74924048,-79.24446497,No,Clear,Natural,Dry,Non-Fatal Injury,Driver,35 to 39,None,East, , ,Yes,Yes, , , , ,Yes,Yes, , , ,Scarborough Centre (38),38,127,Bendale (127)
2014,24-05-2014 09:30,Major Arterial,Scarborough,43.74924048,-79.24446497,No,Clear,Natural,Dry,Non-Fatal Injury,Motorcycle Driver,20 to 24,Major,South, , ,Yes,Yes, , , , ,Yes,Yes, , , ,Scarborough Centre (38),38,127,Bendale (127)
2007,10-10-2007 09:30,Major Arterial,Toronto East York,43.64834538,-79.40449029,No,Clear,Natural,Dry,Non-Fatal Injury,Vehicle Owner,unknown,unknown,Unknown, , ,Yes, , , , ,Yes,Yes,Yes, , , ,Trinity-Spadina (19),19,81,Trinity-Bellwoods (81)
2007,10-10-2007 09:30,Major Arterial,Toronto East York,43.64834538,-79.40449029,No,Clear,Natural,Dry,Non-Fatal Injury,Driver,25 to 29,None,South, , ,Yes, , , , ,Yes,Yes,Yes, , , ,Trinity-Spadina (19),19,81,Trinity-Bellwoods (81)
2007,10-10-2007 09:30,Major Arterial,Toronto East York,43.64834538,-79.40449029,No,Clear,Natural,Dry,Non-Fatal Injury,Driver,50 to 54,Major,North, , ,Yes, , , , ,Yes,Yes,Yes, , , ,Trinity-Spadina (19),19,81,Trinity-Bellwoods (81)
2007,10-10-2007 09:30,Major Arterial,Toronto East York,43.64834538,-79.40449029,No,Clear,Natural,Dry,Non-Fatal Injury,Passenger,50 to 54,Major,Unknown, , ,Yes, , , , ,Yes,Yes,Yes, , , ,Trinity-Spadina (19),19,81,Trinity-Bellwoods (81)
2007,10-10-2007 09:30,Major Arterial,Toronto East York,43.64834538,-79.40449029,No,Clear,Natural,Dry,Non-Fatal Injury,Other Property Owner,unknown,unknown,Unknown, , ,Yes, , , , ,Yes,Yes,Yes, , , ,Trinity-Spadina (19),19,81,Trinity-Bellwoods (81)
2007,10-10-2007 09:30,Major Arterial,Toronto East York,43.64834538,-79.40449029,No,Clear,Natural,Dry,Non-Fatal Injury,Other Property Owner,unknown,unknown,Unknown, , ,Yes, , , , ,Yes,Yes,Yes, , , ,Trinity-Spadina (19),19,81,Trinity-Bellwoods (81)
2008,29-01-2008 10:30,Minor Arterial,Toronto East York,43.66524538,-79.35349029,No,Rain,Natural,Wet,Non-Fatal Injury,Driver,20 to 24,None,West,Yes, ,Yes, , , , , , ,Yes, , , ,Toronto-Danforth (30),30,70,South Riverdale (70)
2008,29-01-2008 10:30,Minor Arterial,Toronto East York,43.66524538,-79.35349029,No,Rain,Natural,Wet,Non-Fatal Injury,Pedestrian,65 to 69,Major,West,Yes, ,Yes, , , , , , ,Yes, , , ,Toronto-Danforth (30),30,70,South Riverdale (70)
2011,19-09-2011 09:30,Major Arterial,Etobicoke York,43.69464538,-79.48609029,Yes,Rain,Natural,Wet,Non-Fatal Injury,Driver,40 to 44,None,West,Yes, ,Yes, , , , , , ,Yes, , , ,York South-Weston (12),12,112,Beechborough-Greenbrook (112)
2011,19-09-2011 09:30,Major Arterial,Etobicoke York,43.69464538,-79.48609029,Yes,Rain,Natural,Wet,Non-Fatal Injury,Pedestrian,35 to 39,Major,West,Yes, ,Yes, , , , , , ,Yes, , , ,York South-Weston (12),12,112,Beechborough-Greenbrook (112)
2011,26-11-2011 10:30,Major Arterial,North York,43.75694538,-79.51939029,No,Clear,Artificial,Dry,Non-Fatal Injury,Motorcycle Driver,35 to 39,Major,East, , ,Yes,Yes, , , , , ,Yes, , , ,York West (7),7,25,Glenfield-Jane Heights (25)
2011,26-11-2011 10:30,Major Arterial,North York,43.75694538,-79.51939029,No,Clear,Artificial,Dry,Non-Fatal Injury,Driver,35 to 39,None,West, , ,Yes,Yes, , , , , ,Yes, , , ,York West (7),7,25,Glenfield-Jane Heights (25)
2014,08-04-2014 09:30,Minor Arterial,Toronto East York,43.66304358,-79.40209589,No,Other,Natural,Dry,Non-Fatal Injury,Driver,20 to 24,None,East, ,Yes,Yes, , , , ,Yes, , , , , ,Trinity-Spadina (20),20,79,University (79)
2014,08-04-2014 09:30,Minor Arterial,Toronto East York,43.66304358,-79.40209589,No,Other,Natural,Dry,Non-Fatal Injury,Cyclist,20 to 24,Major,East, ,Yes,Yes, , , , ,Yes, , , , , ,Trinity-Spadina (20),20,79,University (79)
2014,08-04-2014 09:30,Minor Arterial,Toronto East York,43.66304358,-79.40209589,No,Other,Natural,Dry,Non-Fatal Injury,Passenger,50 to 54,None,Unknown, ,Yes,Yes, , , , ,Yes, , , , , ,Trinity-Spadina (20),20,79,University (79)
2016,16-09-2016 09:30,Local,Etobicoke York,43.59922751,-79.54411707,Yes,Clear,Natural,Dry,Non-Fatal Injury,Driver,20 to 24,None,North,Yes, ,Yes, , , , ,Yes, , , , , ,Etobicoke-Lakeshore (6),6,20,Alderwood (20)
2016,16-09-2016 09:30,Local,Etobicoke York,43.59922751,-79.54411707,Yes,Clear,Natural,Dry,Non-Fatal Injury,Pedestrian,10 to 14,Major,East,Yes, ,Yes, , , , ,Yes, , , , , ,Etobicoke-Lakeshore (6),6,20,Alderwood (20)
2016,16-09-2016 09:30,Local,Etobicoke York,43.59922751,-79.54411707,Yes,Clear,Natural,Dry,Non-Fatal Injury,Passenger,20 to 24,None,Unknown,Yes, ,Yes, , , , ,Yes, , , , , ,Etobicoke-Lakeshore (6),6,20,Alderwood (20)
2016,16-09-2016 09:30,Major Arterial,Toronto East York,43.71088751,-79.3085824,No,Clear,Artificial,Dry,Non-Fatal Injury,Driver,20 to 24,Minor,North, , ,Yes, , , , , ,Yes,Yes, , , ,Beaches-East York (31),31,54,O'Connor-Parkview (54)
2016,16-09-2016 09:30,Major Arterial,Toronto East York,43.71088751,-79.3085824,No,Clear,Artificial,Dry,Non-Fatal Injury,Driver,55 to 59,Major,North, , ,Yes, , , , , ,Yes,Yes, , , ,Beaches-East York (31),31,54,O'Connor-Parkview (54)
2008,09-05-2008 09:30,Major Arterial,Toronto East York,43.68309363,-79.41826258,Yes,Clear,Natural,Dry,Non-Fatal Injury,Vehicle Owner,unknown,unknown,Unknown,Yes, , , , ,Yes, , , ,Yes, , , ,St. Paul's (21),21,96,Casa Loma (96)
2008,09-05-2008 09:30,Major Arterial,Toronto East York,43.68309363,-79.41826258,Yes,Clear,Natural,Dry,Non-Fatal Injury,Driver,40 to 44,None,West,Yes, , , , ,Yes, , , ,Yes, , , ,St. Paul's (21),21,96,Casa Loma (96)
2008,09-05-2008 09:30,Major Arterial,Toronto East York,43.68309363,-79.41826258,Yes,Clear,Natural,Dry,Non-Fatal Injury,Pedestrian,60 to 64,Major,South,Yes, , , , ,Yes, , , ,Yes, , , ,St. Paul's (21),21,96,Casa Loma (96)
2008,17-10-2008 09:30,Major Arterial,North York,43.72854538,-79.48249029,No,Clear,Natural,Dry,Non-Fatal Injury,Pedestrian,40 to 44,Major,Unknown,Yes, ,Yes, , , , , , , , , , ,York Centre (9),9,26,Downsview-Roding-CFB (26)
2008,17-10-2008 09:30,Major Arterial,North York,43.72854538,-79.48249029,No,Clear,Natural,Dry,Non-Fatal Injury,Driver,25 to 29,None,North,Yes, ,Yes, , , , , , , , , , ,York Centre (9),9,26,Downsview-Roding-CFB (26)
2011,11-01-2011 10:30,Major Arterial,Toronto East York,43.64754538,-79.40219029,No,Snow,Natural,Snow,Non-Fatal Injury,Truck Driver,40 to 44,None,West,Yes, , , ,Yes, , , , , , ,Yes, ,Trinity-Spadina (20),20,77,Waterfront Communities-The Island (77)
2011,11-01-2011 10:30,Major Arterial,Toronto East York,43.64754538,-79.40219029,No,Snow,Natural,Snow,Non-Fatal Injury,Vehicle Owner,unknown,unknown,Unknown,Yes, , , ,Yes, , , , , , ,Yes, ,Trinity-Spadina (20),20,77,Waterfront Communities-The Island (77)
2011,11-01-2011 10:30,Major Arterial,Toronto East York,43.64754538,-79.40219029,No,Snow,Natural,Snow,Non-Fatal Injury,Pedestrian,55 to 59,Major,Unknown,Yes, , , ,Yes, , , , , , ,Yes, ,Trinity-Spadina (20),20,77,Waterfront Communities-The Island (77)
2014,24-04-2014 09:30,Major Arterial,Etobicoke York,43.66541632,-79.46587763,No,Clear,Artificial,Dry,Non-Fatal Injury,Driver,65 to 69,None,East, ,Yes,Yes, , , , , , , , , , ,Parkdale-High Park (13),13,90,Junction Area (90)
2014,24-04-2014 09:30,Major Arterial,Etobicoke York,43.66541632,-79.46587763,No,Clear,Artificial,Dry,Non-Fatal Injury,Cyclist,35 to 39,Major,East, ,Yes,Yes, , , , , , , , , , ,Parkdale-High Park (13),13,90,Junction Area (90)
2007,07-03-2007 10:30,Major Arterial,North York,43.69724538,-79.44279029,Yes,Clear,Natural,Dry,Non-Fatal Injury,Driver,35 to 39,None,West,Yes, ,Yes, , , , , , , , , , ,Eglinton-Lawrence (15),15,107,Oakwood Village (107)
2007,07-03-2007 10:30,Major Arterial,North York,43.69724538,-79.44279029,Yes,Clear,Natural,Dry,Non-Fatal Injury,Pedestrian,35 to 39,Major,North,Yes, ,Yes, , , , , , , , , , ,Eglinton-Lawrence (15),15,107,Oakwood Village (107)
2008,17-01-2008 10:30,Expressway,Toronto East York,43.68184538,-79.36239029,No,Clear,Natural,Wet,Non-Fatal Injury,Driver,50 to 54,Major,North, , ,Yes, , , , , ,Yes,Yes, , , ,Toronto-Danforth (29),29,57,Broadview North (57)
2008,17-01-2008 10:30,Expressway,Toronto East York,43.68184538,-79.36239029,No,Clear,Natural,Wet,Non-Fatal Injury,Driver,20 to 24,None,North, , ,Yes, , , , , ,Yes,Yes, , , ,Toronto-Danforth (29),29,57,Broadview North (57)
2008,17-01-2008 10:30,Expressway,Toronto East York,43.68184538,-79.36239029,No,Clear,Natural,Wet,Non-Fatal Injury,Driver,30 to 34,Minimal,North, , ,Yes, , , , , ,Yes,Yes, , , ,Toronto-Danforth (29),29,57,Broadview North (57)
2008,15-08-2008 09:30,Major Arterial,Toronto East York,43.67174538,-79.42089029,No,Rain,Natural,Wet,Non-Fatal Injury,Driver,35 to 39,None,West, , ,Yes, , , , , , , , , , ,Trinity-Spadina (20),20,95,Annex (95)
2008,15-08-2008 09:30,Major Arterial,Toronto East York,43.67174538,-79.42089029,No,Rain,Natural,Wet,Non-Fatal Injury,Driver,60 to 64,None,West, , ,Yes, , , , , , , , , , ,Trinity-Spadina (20),20,95,Annex (95)
2008,15-08-2008 09:30,Major Arterial,Toronto East York,43.67174538,-79.42089029,No,Rain,Natural,Wet,Non-Fatal Injury,Driver,40 to 44,None,West, , ,Yes, , , , , , , , , , ,Trinity-Spadina (20),20,95,Annex (95)
2008,15-08-2008 09:30,Major Arterial,Toronto East York,43.67174538,-79.42089029,No,Rain,Natural,Wet,Non-Fatal Injury,Vehicle Owner,unknown,unknown,Unknown, , ,Yes, , , , , , , , , , ,Trinity-Spadina (20),20,95,Annex (95)
2008,15-08-2008 09:30,Major Arterial,Toronto East York,43.67174538,-79.42089029,No,Rain,Natural,Wet,Non-Fatal Injury,Driver,15 to 19,None,West, , ,Yes, , , , , , , , , , ,Trinity-Spadina (20),20,95,Annex (95)
2008,15-08-2008 09:30,Major Arterial,Toronto East York,43.67174538,-79.42089029,No,Rain,Natural,Wet,Non-Fatal Injury,Driver,30 to 34,Minimal,West, , ,Yes, , , , , , , , , , ,Trinity-Spadina (20),20,95,Annex (95)