YEAR,DATE,ROAD_CLASS,District,LATITUDE,LONGITUDE,TRAFFCTL,VISIBILITY,LIGHT,RDSFCOND,ACCLASS,INVTYPE,INVAGE,INJURY,INITDIR,PEDESTRIAN,CYCLIST,AUTOMOBILE,MOTORCYCLE,TRUCK,TRSN_CITY_VEH,EMERG_VEH,PASSENGER,SPEEDING,AG_DRIV,REDLIGHT,ALCOHOL,DISABILITY,Ward_Name,Ward_ID,Hood_ID,Hood_Name
2010,02-06-2010 09:30,Major Arterial,North York,43.76464538,-79.48549029,Yes,Rain,Natural,Wet,Non-Fatal Injury,Pedestrian,15 to 19,Major,East,Yes, ,Yes, , , , , , ,Yes, , , ,York West (8),8,27,York University Heights (27)
2008,26-02-2008 10:30,Major Arterial,Etobicoke York,43.73044538,-79.60159029,Yes,Snow,Natural,Wet,Non-Fatal Injury,Passenger,20 to 24,Major,Unknown, , ,Yes, , , , ,Yes,Yes,Yes, , , ,Etobicoke North (1),1,1,West Humber-Clairville (1)
2008,26-02-2008 10:30,Major Arterial,Etobicoke York,43.73044538,-79.60159029,Yes,Snow,Natural,Wet,Non-Fatal Injury,Driver,20 to 24,Minor,East, , ,Yes, , , , ,Yes,Yes,Yes, , , ,Etobicoke North (1),1,1,West Humber-Clairville (1)
2008,26-02-2008 10:30,Major Arterial,Etobicoke York,43.73044538,-79.60159029,Yes,Snow,Natural,Wet,Non-Fatal Injury,Driver,30 to 34,None,East, , ,Yes, , , , ,Yes,Yes,Yes, , , ,Etobicoke North (1),1,1,West Humber-Clairville (1)
2008,25-06-2008 09:30,Local,Etobicoke York,43.72824538,-79.51259029,No,Clear,Natural,Dry,Non-Fatal Injury,Passenger,35 to 39,None,Unknown, ,Yes,Yes, , , , ,Yes, , , , , ,York West (7),7,26,Downsview-Roding-CFB (26)
2008,25-06-2008 09:30,Local,Etobicoke York,43.72824538,-79.51259029,No,Clear,Natural,Dry,Non-Fatal Injury,Driver,35 to 39,None,North, ,Yes,Yes, , , , ,Yes, , , , , ,York West (7),7,26,Downsview-Roding-CFB (26)
2008,25-06-2008 09:30,Local,Etobicoke York,43.72824538,-79.51259029,No,Clear,Natural,Dry,Non-Fatal Injury,Cyclist,5 to 9,Major,South, ,Yes,Yes, , , , ,Yes, , , , , ,York West (7),7,26,Downsview-Roding-CFB (26)
2009,11-04-2009 09:30,Minor Arterial,Toronto East York,43.68764538,-79.34029029,Yes,Clear,Natural,Dry,Non-Fatal Injury,Driver,70 to 74,None,South,Yes, ,Yes, , , , , , , , , , ,Toronto-Danforth (29),29,59,Danforth East York (59)
2009,11-04-2009 09:30,Minor Arterial,Toronto East York,43.68764538,-79.34029029,Yes,Clear,Natural,Dry,Non-Fatal Injury,Pedestrian,10 to 14,Major,Unknown,Yes, ,Yes, , , , , , , , , , ,Toronto-Danforth (29),29,59,Danforth East York (59)
2009,16-08-2009 09:30,Major Arterial,Scarborough,43.77544538,-79.17509029,No,Clear,Natural,Dry,Non-Fatal Injury,Driver,unknown,None,South, ,Yes,Yes, , , , , , ,Yes, , , ,Scarborough East (44),44,136,West Hill (136)
2009,16-08-2009 09:30,Major Arterial,Scarborough,43.77544538,-79.17509029,No,Clear,Natural,Dry,Non-Fatal Injury,Cyclist,55 to 59,Major,East, ,Yes,Yes, , , , , , ,Yes, , , ,Scarborough East (44),44,136,West Hill (136)
2011,07-04-2011 09:30,Minor Arterial,North York,43.78574538,-79.40909029,No,Clear,Natural,Dry,Non-Fatal Injury,Vehicle Owner,unknown,unknown,Unknown, , ,Yes, , , , , ,Yes,Yes, , ,Yes,Willowdale (24),24,50,Newtonbrook East (50)
2011,07-04-2011 09:30,Minor Arterial,North York,43.78574538,-79.40909029,No,Clear,Natural,Dry,Non-Fatal Injury,Driver,55 to 59,Minor,North, , ,Yes, , , , , ,Yes,Yes, , ,Yes,Willowdale (24),24,50,Newtonbrook East (50)
2011,07-04-2011 09:30,Minor Arterial,North York,43.78574538,-79.40909029,No,Clear,Natural,Dry,Non-Fatal Injury,Driver,75 to 79,Major,North, , ,Yes, , , , , ,Yes,Yes, , ,Yes,Willowdale (24),24,50,Newtonbrook East (50)
2011,04-10-2011 09:30,Major Arterial,Scarborough,43.77524538,-79.26319029,Yes,Clear,Natural,Dry,Non-Fatal Injury,Passenger,20 to 24,Minor,Unknown, , ,Yes, , , , ,Yes, ,Yes, , , ,Scarborough Centre (37),37,127,Bendale (127)
2011,04-10-2011 09:30,Major Arterial,Scarborough,43.77524538,-79.26319029,Yes,Clear,Natural,Dry,Non-Fatal Injury,Driver,20 to 24,Minimal,South, , ,Yes, , , , ,Yes, ,Yes, , , ,Scarborough Centre (37),37,127,Bendale (127)
2011,04-10-2011 09:30,Major Arterial,Scarborough,43.77524538,-79.26319029,Yes,Clear,Natural,Dry,Non-Fatal Injury,Vehicle Owner,unknown,unknown,Unknown, , ,Yes, , , , ,Yes, ,Yes, , , ,Scarborough Centre (37),37,127,Bendale (127)
2011,04-10-2011 09:30,Major Arterial,Scarborough,43.77524538,-79.26319029,Yes,Clear,Natural,Dry,Non-Fatal Injury,Driver,45 to 49,Major,North, , ,Yes, , , , ,Yes, ,Yes, , , ,Scarborough Centre (37),37,127,Bendale (127)
2012,25-02-2012 10:30,Major Arterial,Scarborough,43.73454626,-79.25809107,Yes,Clear,Natural,Dry,Non-Fatal Injury,Driver,unknown,None,North,Yes, ,Yes, , , , , , , , , , ,Scarborough Centre (37),37,138,Eglinton East (138)
2012,25-02-2012 10:30,Major Arterial,Scarborough,43.73454626,-79.25809107,Yes,Clear,Natural,Dry,Non-Fatal Injury,Pedestrian,unknown,Minor,Unknown,Yes, ,Yes, , , , , , , , , , ,Scarborough Centre (37),37,138,Eglinton East (138)
2012,25-02-2012 10:30,Major Arterial,Scarborough,43.73454626,-79.25809107,Yes,Clear,Natural,Dry,Non-Fatal Injury,Pedestrian,unknown,Major,Unknown,Yes, ,Yes, , , , , , , , , , ,Scarborough Centre (37),37,138,Eglinton East (138)
2012,07-09-2012 09:30,Major Arterial,North York,43.77694538,-79.41319029,Yes,Clear,Artificial,Dry,Non-Fatal Injury,Vehicle Owner,unknown,unknown,Unknown,Yes, ,Yes, , , , , , ,Yes, , , ,Willowdale (23),23,51,Willowdale East (51)
2012,07-09-2012 09:30,Major Arterial,North York,43.77694538,-79.41319029,Yes,Clear,Artificial,Dry,Non-Fatal Injury,Driver,60 to 64,None,East,Yes, ,Yes, , , , , , ,Yes, , , ,Willowdale (23),23,51,Willowdale East (51)
2012,07-09-2012 09:30,Major Arterial,North York,43.77694538,-79.41319029,Yes,Clear,Artificial,Dry,Non-Fatal Injury,Pedestrian,55 to 59,Major,East,Yes, ,Yes, , , , , , ,Yes, , , ,Willowdale (23),23,51,Willowdale East (51)
2016,06-09-2016 09:30,Minor Arterial,Toronto East York,43.66903647,-79.33601771,No,Clear,Artificial,Dry,Non-Fatal Injury,Driver,40 to 44,None,East,Yes, ,Yes, , , , , , , , , , ,Toronto-Danforth (30),30,70,South Riverdale (70)
2016,06-09-2016 09:30,Minor Arterial,Toronto East York,43.66903647,-79.33601771,No,Clear,Artificial,Dry,Non-Fatal Injury,Pedestrian,60 to 64,Major,South,Yes, ,Yes, , , , , , , , , , ,Toronto-Danforth (30),30,70,South Riverdale (70)
2016,22-11-2016 10:30,Local,Etobicoke York,43.6187168,-79.50637446,No,Clear,Artificial,Dry,Non-Fatal Injury,Driver,25 to 29,None,East,Yes, ,Yes, , , , , , ,Yes, , , ,Etobicoke-Lakeshore (6),6,17,Mimico (includes Humber Bay Shores) (17)
2016,22-11-2016 10:30,Local,Etobicoke York,43.6187168,-79.50637446,No,Clear,Artificial,Dry,Non-Fatal Injury,Pedestrian,85 to 89,Major,East,Yes, ,Yes, , , , , , ,Yes, , , ,Etobicoke-Lakeshore (6),6,17,Mimico (includes Humber Bay Shores) (17)
2017,06-09-2017 09:30,Minor Arterial,Toronto East York,43.68532904,-79.29340754,No,Clear,Artificial,Dry,Non-Fatal Injury,Driver,55 to 59,None,West, ,Yes,Yes, , , , , , , , , , ,Beaches-East York (32),32,62,East End-Danforth (62)
2017,06-09-2017 09:30,Minor Arterial,Toronto East York,43.68532904,-79.29340754,No,Clear,Artificial,Dry,Non-Fatal Injury,Cyclist,30 to 34,Major,East, ,Yes,Yes, , , , , , , , , , ,Beaches-East York (32),32,62,East End-Danforth (62)
2010,18-11-2010 10:30,Minor Arterial,Toronto East York,43.65154538,-79.36269029,Yes,Clear,Natural,Dry,Non-Fatal Injury,Driver,75 to 79,Minor,East, , ,Yes, , , , ,Yes, ,Yes,Yes, , ,Toronto Centre-Rosedale (28),28,77,Waterfront Communities-The Island (77)
2010,18-11-2010 10:30,Minor Arterial,Toronto East York,43.65154538,-79.36269029,Yes,Clear,Natural,Dry,Non-Fatal Injury,Passenger,unknown,Minimal,Unknown, , ,Yes, , , , ,Yes, ,Yes,Yes, , ,Toronto Centre-Rosedale (28),28,77,Waterfront Communities-The Island (77)
2010,18-11-2010 10:30,Minor Arterial,Toronto East York,43.65154538,-79.36269029,Yes,Clear,Natural,Dry,Non-Fatal Injury,Passenger,unknown,Major,Unknown, , ,Yes, , , , ,Yes, ,Yes,Yes, , ,Toronto Centre-Rosedale (28),28,77,Waterfront Communities-The Island (77)
2010,18-11-2010 10:30,Minor Arterial,Toronto East York,43.65154538,-79.36269029,Yes,Clear,Natural,Dry,Non-Fatal Injury,Driver,25 to 29,Minor,North, , ,Yes, , , , ,Yes, ,Yes,Yes, , ,Toronto Centre-Rosedale (28),28,77,Waterfront Communities-The Island (77)
2013,18-01-2013 10:30,Major Arterial,North York,43.74474538,-79.48639029,Yes,Clear,Artificial,Wet,Non-Fatal Injury,Driver,55 to 59,Minimal,East,Yes, ,Yes, , , , , , ,Yes, , , ,York Centre (9),9,26,Downsview-Roding-CFB (26)
2013,18-01-2013 10:30,Major Arterial,North York,43.74474538,-79.48639029,Yes,Clear,Artificial,Wet,Non-Fatal Injury,Pedestrian,40 to 44,Major,East,Yes, ,Yes, , , , , , ,Yes, , , ,York Centre (9),9,26,Downsview-Roding-CFB (26)
2014,14-03-2014 09:30,Major Arterial,Scarborough,43.73990591,-79.24553309,Yes,Clear,Artificial,Dry,Non-Fatal Injury,Driver,40 to 44,None,North,Yes, ,Yes, , , , ,Yes, ,Yes, , , ,Scarborough Centre (38),38,138,Eglinton East (138)
2014,14-03-2014 09:30,Major Arterial,Scarborough,43.73990591,-79.24553309,Yes,Clear,Artificial,Dry,Non-Fatal Injury,Driver,30 to 34,None,West,Yes, ,Yes, , , , ,Yes, ,Yes, , , ,Scarborough Centre (38),38,138,Eglinton East (138)
2014,14-03-2014 09:30,Major Arterial,Scarborough,43.73990591,-79.24553309,Yes,Clear,Artificial,Dry,Non-Fatal Injury,Driver,15 to 19,None,South,Yes, ,Yes, , , , ,Yes, ,Yes, , , ,Scarborough Centre (38),38,138,Eglinton East (138)
2014,14-03-2014 09:30,Major Arterial,Scarborough,43.73990591,-79.24553309,Yes,Clear,Artificial,Dry,Non-Fatal Injury,Passenger,25 to 29,None,Unknown,Yes, ,Yes, , , , ,Yes, ,Yes, , , ,Scarborough Centre (38),38,138,Eglinton East (138)
2014,14-03-2014 09:30,Major Arterial,Scarborough,43.73990591,-79.24553309,Yes,Clear,Artificial,Dry,Non-Fatal Injury,Passenger,0 to 4,None,Unknown,Yes, ,Yes, , , , ,Yes, ,Yes, , , ,Scarborough Centre (38),38,138,Eglinton East (138)
2014,14-03-2014 09:30,Major Arterial,Scarborough,43.73990591,-79.24553309,Yes,Clear,Artificial,Dry,Non-Fatal Injury,Pedestrian,50 to 54,Major,Unknown,Yes, ,Yes, , , , ,Yes, ,Yes, , , ,Scarborough Centre (38),38,138,Eglinton East (138)
2007,02-07-2007 09:30,Minor Arterial,Scarborough,43.78654538,-79.18829029,Yes,Clear,Natural,Dry,Non-Fatal Injury,Driver,35 to 39,Major,West, , ,Yes, , , , ,Yes,Yes,Yes,Yes, , ,Scarborough East (44),44,134,Highland Creek (134)
2007,02-07-2007 09:30,Minor Arterial,Scarborough,43.78654538,-79.18829029,Yes,Clear,Natural,Dry,Non-Fatal Injury,Passenger,15 to 19,Minor,Unknown, , ,Yes, , , , ,Yes,Yes,Yes,Yes, , ,Scarborough East (44),44,134,Highland Creek (134)
2007,02-07-2007 09:30,Minor Arterial,Scarborough,43.78654538,-79.18829029,Yes,Clear,Natural,Dry,Non-Fatal Injury,Vehicle Owner,unknown,unknown,Unknown, , ,Yes, , , , ,Yes,Yes,Yes,Yes, , ,Scarborough East (44),44,134,Highland Creek (134)
2007,02-07-2007 09:30,Minor Arterial,Scarborough,43.78654538,-79.18829029,Yes,Clear,Natural,Dry,Non-Fatal Injury,Driver,15 to 19,Minor,South, , ,Yes, , , , ,Yes,Yes,Yes,Yes, , ,Scarborough East (44),44,134,Highland Creek (134)
2012,07-04-2012 09:30,Major Arterial,Scarborough,43.68943365,-79.26826868,No,Clear,Artificial,Dry,Non-Fatal Injury,Motorcycle Driver,30 to 34,Major,East, , ,Yes,Yes, , , , , ,Yes, ,Yes, ,Scarborough Southwest (36),36,122,Birchcliffe-Cliffside (122)
2012,07-04-2012 09:30,Major Arterial,Scarborough,43.68943365,-79.26826868,No,Clear,Artificial,Dry,Non-Fatal Injury,Driver,50 to 54,None,West, , ,Yes,Yes, , , , , ,Yes, ,Yes, ,Scarborough Southwest (36),36,122,Birchcliffe-Cliffside (122)
2010,05-01-2010 10:30,Major Arterial,Toronto East York,43.69034538,-79.38329029,No,Clear,Natural,Wet,Non-Fatal Injury,Driver,55 to 59,Major,East, , ,Yes, , , , , , , , , ,Yes,Toronto Centre-Rosedale (27),27,98,Rosedale-Moore Park (98)
2010,05-01-2010 10:30,Major Arterial,Toronto East York,43.69034538,-79.38329029,No,Clear,Natural,Wet,Non-Fatal Injury,Driver,50 to 54,None,North, , ,Yes, , , , , , , , , ,Yes,Toronto Centre-Rosedale (27),27,98,Rosedale-Moore Park (98)
2010,07-10-2010 09:30,Collector,North York,43.76574538,-79.40909029,Yes,Clear,Natural,Dry,Fatal,Driver,40 to 44,None,South,Yes, ,Yes, , , , , , ,Yes, , , ,Willowdale (23),23,51,Willowdale East (51)
2010,07-10-2010 09:30,Collector,North York,43.76574538,-79.40909029,Yes,Clear,Natural,Dry,Fatal,Pedestrian,40 to 44,Fatal,West,Yes, ,Yes, , , , , , ,Yes, , , ,Willowdale (23),23,51,Willowdale East (51)
2007,27-03-2007 09:30,Local,Toronto East York,43.66144538,-79.40069029,No,Clear,Natural,Dry,Non-Fatal Injury,Driver,40 to 44,None,West, ,Yes,Yes, , , , , , , , , , ,Trinity-Spadina (20),20,79,University (79)
2007,27-03-2007 09:30,Local,Toronto East York,43.66144538,-79.40069029,No,Clear,Natural,Dry,Non-Fatal Injury,Cyclist,65 to 69,Major,East, ,Yes,Yes, , , , , , , , , , ,Trinity-Spadina (20),20,79,University (79)
2007,25-11-2007 10:30,Minor Arterial,Toronto East York,43.64324538,-79.39199029,No,Clear,Natural,Dry,Non-Fatal Injury,Driver,55 to 59,None,West,Yes, ,Yes, , , , , , , , , , ,Trinity-Spadina (20),20,77,Waterfront Communities-The Island (77)
2007,25-11-2007 10:30,Minor Arterial,Toronto East York,43.64324538,-79.39199029,No,Clear,Natural,Dry,Non-Fatal Injury,Pedestrian,40 to 44,Major,North,Yes, ,Yes, , , , , , , , , , ,Trinity-Spadina (20),20,77,Waterfront Communities-The Island (77)
2008,14-08-2008 09:30,Major Arterial,Etobicoke York,43.67364538,-79.46249029,No,Clear,Natural,Dry,Non-Fatal Injury,Motorcycle Driver,25 to 29,Major,East, , ,Yes,Yes, , , , , , , , , ,Davenport (17),17,91,Weston-Pellam Park (91)
2008,14-08-2008 09:30,Major Arterial,Etobicoke York,43.67364538,-79.46249029,No,Clear,Natural,Dry,Non-Fatal Injury,Driver,unknown,None,East, , ,Yes,Yes, , , , , , , , , ,Davenport (17),17,91,Weston-Pellam Park (91)
2012,05-06-2012 09:30,Major Arterial,Toronto East York,43.65984538,-79.43539029,Yes,Clear,Natural,Dry,Non-Fatal Injury,Driver,25 to 29,None,North, ,Yes,Yes, , , , ,Yes, , , , , ,Davenport (18),18,83,Dufferin Grove (83)
2012,05-06-2012 09:30,Major Arterial,Toronto East York,43.65984538,-79.43539029,Yes,Clear,Natural,Dry,Non-Fatal Injury,Passenger,30 to 34,None,Unknown, ,Yes,Yes, , , , ,Yes, , , , , ,Davenport (18),18,83,Dufferin Grove (83)
2012,05-06-2012 09:30,Major Arterial,Toronto East York,43.65984538,-79.43539029,Yes,Clear,Natural,Dry,Non-Fatal Injury,Passenger,20 to 24,None,Unknown, ,Yes,Yes, , , , ,Yes, , , , , ,Davenport (18),18,83,Dufferin Grove (83)
2012,05-06-2012 09:30,Major Arterial,Toronto East York,43.65984538,-79.43539029,Yes,Clear,Natural,Dry,Non-Fatal Injury,Cyclist,20 to 24,Major,West, ,Yes,Yes, , , , ,Yes, , , , , ,Davenport (18),18,83,Dufferin Grove (83)
2013,31-10-2013 09:30,Major Arterial,Toronto East York,43.68843802,-79.30054102,No,Rain,Artificial,Wet,Non-Fatal Injury,Driver,30 to 34,None,East,Yes, ,Yes, , , , , , , , , , ,Beaches-East York (32),32,62,East End-Danforth (62)
2013,31-10-2013 09:30,Major Arterial,Toronto East York,43.68843802,-79.30054102,No,Rain,Artificial,Wet,Non-Fatal Injury,Vehicle Owner,unknown,unknown,Unknown,Yes, ,Yes, , , , , , , , , , ,Beaches-East York (32),32,62,East End-Danforth (62)
2013,31-10-2013 09:30,Major Arterial,Toronto East York,43.68843802,-79.30054102,No,Rain,Artificial,Wet,Non-Fatal Injury,Pedestrian,5 to 9,Major,South,Yes, ,Yes, , , , , , , , , , ,Beaches-East York (32),32,62,East End-Danforth (62)
2017,19-04-2017 09:30,Major Arterial,Scarborough,43.734737,-79.2568017,No,Clear,Artificial,Dry,Non-Fatal Injury,Driver,65 to 69,None,West,Yes, ,Yes, , , , , , , , , , ,Scarborough Southwest (35),35,124,Kennedy Park (124)
2017,19-04-2017 09:30,Major Arterial,Scarborough,43.734737,-79.2568017,No,Clear,Artificial,Dry,Non-Fatal Injury,Pedestrian,45 to 49,Major,South,Yes, ,Yes, , , , , , , , , , ,Scarborough Southwest (35),35,124,Kennedy Park (124)
2016,19-10-2016 09:30,Collector,Toronto East York,43.65105398,-79.43605433,No,Clear,Artificial,Dry,Non-Fatal Injury,Driver,20 to 24,None,North, ,Yes,Yes, , , , , , , , , , ,Davenport (18),18,84,Little Portugal (84)
2014,05-08-2014 09:30,Minor Arterial,Scarborough,43.80778082,-79.21560297,Yes,Clear,Natural,Dry,Non-Fatal Injury,Driver,35 to 39,None,North,Yes, ,Yes, , , , ,Yes, ,Yes, , , ,Scarborough-Rouge River (42),42,132,Malvern (132)
2012,01-07-2012 09:30,Major Arterial,Etobicoke York,43.73674538,-79.59169029,Yes,Clear,Natural,Dry,Non-Fatal Injury,Pedestrian,65 to 69,Major,North,Yes, ,Yes, , , , , , ,Yes, , , ,Etobicoke North (1),1,1,West Humber-Clairville (1)
2017,15-12-2017 10:30,Major Arterial,Toronto East York,43.64918438,-79.38406729,Yes,Clear,Artificial,Wet,Non-Fatal Injury,Driver,40 to 44,None,East,Yes, ,Yes, , , , , , , , , , ,Toronto Centre-Rosedale (28),28,76,Bay Street Corridor (76)
2014,05-08-2014 09:30,Minor Arterial,Scarborough,43.80778082,-79.21560297,Yes,Clear,Natural,Dry,Non-Fatal Injury,Passenger,10 to 14,None,Unknown,Yes, ,Yes, , , , ,Yes, ,Yes, , , ,Scarborough-Rouge River (42),42,132,Malvern (132)
2016,31-12-2016 10:30,Major Arterial,North York,43.72595175,-79.3134881,Yes,Clear,Artificial,Wet,Non-Fatal Injury,Driver,25 to 29,None,West, , ,Yes, , , , ,Yes, , , , , ,Don Valley East (34),34,43,Victoria Village (43)
2014,05-08-2014 09:30,Minor Arterial,Scarborough,43.80778082,-79.21560297,Yes,Clear,Natural,Dry,Non-Fatal Injury,Pedestrian,25 to 29,Major,South,Yes, ,Yes, , , , ,Yes, ,Yes, , , ,Scarborough-Rouge River (42),42,132,Malvern (132)
2014,11-06-2014 09:30,Expressway,Toronto East York,43.70253714,-79.33308039,No,Clear,Natural,Dry,Non-Fatal Injury,Driver,35 to 39,None,South, , ,Yes, , , , ,Yes,Yes,Yes, , , ,Toronto-Danforth (29),29,58,Old East York (58)
2008,13-05-2008 09:30,Major Arterial,North York,43.72594538,-79.31939029,No,Clear,Natural,Dry,Fatal,Driver,30 to 34,Minor,East, , ,Yes, , , , ,Yes,Yes,Yes, , , ,Don Valley East (34),34,43,Victoria Village (43)
2017,18-03-2017 09:30,Major Arterial,Toronto East York,43.66763647,-79.3788949,No,Rain,Artificial,Wet,Fatal,Pedestrian,60 to 64,Fatal,East,Yes, ,Yes, , , , , , , , , , ,Toronto Centre-Rosedale (27),27,74,North St.James Town (74)
2017,15-12-2017 10:30,Major Arterial,Toronto East York,43.64918438,-79.38406729,Yes,Clear,Artificial,Wet,Non-Fatal Injury,Pedestrian,55 to 59,Major,Unknown,Yes, ,Yes, , , , , , , , , , ,Toronto Centre-Rosedale (28),28,76,Bay Street Corridor (76)
2016,31-12-2016 10:30,Major Arterial,North York,43.72595175,-79.3134881,Yes,Clear,Artificial,Wet,Non-Fatal Injury,Driver,50 to 54,None,East, , ,Yes, , , , ,Yes, , , , , ,Don Valley East (34),34,43,Victoria Village (43)
2008,13-05-2008 09:30,Major Arterial,North York,43.72594538,-79.31939029,No,Clear,Natural,Dry,Fatal,Vehicle Owner,unknown,unknown,Unknown, , ,Yes, , , , ,Yes,Yes,Yes, , , ,Don Valley East (34),34,43,Victoria Village (43)
2017,18-03-2017 09:30,Major Arterial,Toronto East York,43.66763647,-79.3788949,No,Rain,Artificial,Wet,Fatal,Driver,65 to 69,None,South,Yes, ,Yes, , , , , , , , , , ,Toronto Centre-Rosedale (27),27,74,North St.James Town (74)
2008,02-08-2008 09:30,Minor Arterial,North York,43.70934538,-79.46609029,Yes,Clear,Natural,Dry,Non-Fatal Injury,Vehicle Owner,unknown,unknown,Unknown, , ,Yes,Yes, , , , , ,Yes, , , ,Eglinton-Lawrence (15),15,31,Yorkdale-Glen Park (31)
2009,06-07-2009 09:30,Expressway,North York,43.71874538,-79.32799029,No,Clear,Natural,Dry,Fatal,Passenger,20 to 24,Minor,Unknown, , ,Yes, , , , ,Yes,Yes,Yes, , , ,Don Valley West (26),26,44,Flemingdon Park (44)
2016,31-12-2016 10:30,Major Arterial,North York,43.72595175,-79.3134881,Yes,Clear,Artificial,Wet,Non-Fatal Injury,Passenger,25 to 29,None,Unknown, , ,Yes, , , , ,Yes, , , , , ,Don Valley East (34),34,43,Victoria Village (43)
2008,02-08-2008 09:30,Minor Arterial,North York,43.70934538,-79.46609029,Yes,Clear,Natural,Dry,Non-Fatal Injury,Motorcycle Driver,35 to 39,Major,North, , ,Yes,Yes, , , , , ,Yes, , , ,Eglinton-Lawrence (15),15,31,Yorkdale-Glen Park (31)
2009,06-07-2009 09:30,Expressway,North York,43.71874538,-79.32799029,No,Clear,Natural,Dry,Fatal,Passenger,20 to 24,Fatal,Unknown, , ,Yes, , , , ,Yes,Yes,Yes, , , ,Don Valley West (26),26,44,Flemingdon Park (44)
2014,11-06-2014 09:30,Expressway,Toronto East York,43.70253714,-79.33308039,No,Clear,Natural,Dry,Non-Fatal Injury,Driver,45 to 49,Minor,South, , ,Yes, , , , ,Yes,Yes,Yes, , , ,Toronto-Danforth (29),29,58,Old East York (58)
2009,21-12-2009 10:30,Collector,Scarborough,43.74624538,-79.19879029,No,Clear,Natural,Dry,Non-Fatal Injury,Driver,70 to 74,None,South,Yes, ,Yes, , , , , , ,Yes, ,Yes, ,Scarborough East (43),43,140,Guildwood (140)
2009,06-07-2009 09:30,Expressway,North York,43.71874538,-79.32799029,No,Clear,Natural,Dry,Fatal,Vehicle Owner,unknown,unknown,Unknown, , ,Yes, , , , ,Yes,Yes,Yes, , , ,Don Valley West (26),26,44,Flemingdon Park (44)
2014,11-06-2014 09:30,Expressway,Toronto East York,43.70253714,-79.33308039,No,Clear,Natural,Dry,Non-Fatal Injury,Passenger,45 to 49,Major,Unknown, , ,Yes, , , , ,Yes,Yes,Yes, , , ,Toronto-Danforth (29),29,58,Old East York (58)
2008,02-08-2008 09:30,Minor Arterial,North York,43.70934538,-79.46609029,Yes,Clear,Natural,Dry,Non-Fatal Injury,Driver,35 to 39,None,West, , ,Yes,Yes, , , , , ,Yes, , , ,Eglinton-Lawrence (15),15,31,Yorkdale-Glen Park (31)
2009,21-12-2009 10:30,Collector,Scarborough,43.74624538,-79.19879029,No,Clear,Natural,Dry,Non-Fatal Injury,Pedestrian,65 to 69,Major,South,Yes, ,Yes, , , , , , ,Yes, ,Yes, ,Scarborough East (43),43,140,Guildwood (140)
2009,06-07-2009 09:30,Expressway,North York,43.71874538,-79.32799029,No,Clear,Natural,Dry,Fatal,Driver,20 to 24,Fatal,North, , ,Yes, , , , ,Yes,Yes,Yes, , , ,Don Valley West (26),26,44,Flemingdon Park (44)
2016,31-12-2016 10:30,Major Arterial,North York,43.72595175,-79.3134881,Yes,Clear,Artificial,Wet,Non-Fatal Injury,Passenger,20 to 24,Minor,Unknown, , ,Yes, , , , ,Yes, , , , , ,Don Valley East (34),34,43,Victoria Village (43)
2015,16-09-2015 09:30,Major Arterial,Scarborough,43.80890234,-79.3004571,No,Clear,Artificial,Dry,Non-Fatal Injury,Driver,20 to 24,None,South,Yes, ,Yes, , , , , , , , , , ,Scarborough-Agincourt (39),39,130,Milliken (130)
2009,06-07-2009 09:30,Major Arterial,North York,43.77024538,-79.46069029,Yes,Clear,Natural,Dry,Non-Fatal Injury,Driver,75 to 79,None,West, , ,Yes,Yes, , , , ,Yes,Yes,Yes, , ,York Centre (10),10,34,Bathurst Manor (34)
2017,08-07-2017 09:30,Major Arterial,Toronto East York,43.68099554,-79.36806116,No,Clear,Natural,Dry,Fatal,Motorcycle Driver,35 to 39,Fatal,North, , ,Yes,Yes, , , , , , , , , ,Toronto Centre-Rosedale (27),27,98,Rosedale-Moore Park (98)
2012,02-11-2012 09:30,Major Arterial,North York,43.71256598,-79.36964808,Yes,Clear,Artificial,Dry,Non-Fatal Injury,Vehicle Owner,unknown,unknown,Unknown, , ,Yes, , , , , , ,Yes,Yes, , ,Don Valley West (26),26,56,Leaside-Bennington (56)
2017,08-07-2017 09:30,Major Arterial,Toronto East York,43.68099554,-79.36806116,No,Clear,Natural,Dry,Fatal,Driver,35 to 39,Minimal,North, , ,Yes,Yes, , , , , , , , , ,Toronto Centre-Rosedale (27),27,98,Rosedale-Moore Park (98)
2015,16-09-2015 09:30,Major Arterial,Scarborough,43.80890234,-79.3004571,No,Clear,Artificial,Dry,Non-Fatal Injury,Pedestrian,80 to 84,Major,Unknown,Yes, ,Yes, , , , , , , , , , ,Scarborough-Agincourt (39),39,130,Milliken (130)
2009,06-07-2009 09:30,Major Arterial,North York,43.77024538,-79.46069029,Yes,Clear,Natural,Dry,Non-Fatal Injury,Motorcycle Driver,20 to 24,Major,East, , ,Yes,Yes, , , , ,Yes,Yes,Yes, , ,York Centre (10),10,34,Bathurst Manor (34)
2012,02-11-2012 09:30,Major Arterial,North York,43.71256598,-79.36964808,Yes,Clear,Artificial,Dry,Non-Fatal Injury,Driver,50 to 54,None,South, , ,Yes, , , , , , ,Yes,Yes, , ,Don Valley West (26),26,56,Leaside-Bennington (56)
2017,08-07-2017 09:30,Major Arterial,Toronto East York,43.68099554,-79.36806116,No,Clear,Natural,Dry,Fatal,Motorcycle Driver,45 to 49,Minimal,North, , ,Yes,Yes, , , , , , , , , ,Toronto Centre-Rosedale (27),27,98,Rosedale-Moore Park (98)