YEAR,DATE,ROAD_CLASS,District,LATITUDE,LONGITUDE,TRAFFCTL,VISIBILITY,LIGHT,RDSFCOND,ACCLASS,INVTYPE,INVAGE,INJURY,INITDIR,PEDESTRIAN,CYCLIST,AUTOMOBILE,MOTORCYCLE,TRUCK,TRSN_CITY_VEH,EMERG_VEH,PASSENGER,SPEEDING,AG_DRIV,REDLIGHT,ALCOHOL,DISABILITY,Ward_Name,Ward_ID,Hood_ID,Hood_Name
2007,10-10-2007 09:30,Major Arterial,Scarborough,43.79604538,-79.31849029,No,Rain,Natural,Wet,Fatal,Pedestrian,50 to 54,Fatal,South,Yes, ,Yes, , , , , , , , , , ,Scarborough-Agincourt (40),40,117,L'Amoreaux (117)
2011,19-10-2011 09:30,Major Arterial,Scarborough,43.77424538,-79.29509029,Yes,Rain,Natural,Wet,Non-Fatal Injury,Driver,55 to 59,None,North,Yes, ,Yes, , , , , , ,Yes, , , ,Scarborough-Agincourt (40),40,118,Tam O'Shanter-Sullivan (118)
2011,19-10-2011 09:30,Major Arterial,Scarborough,43.77424538,-79.29509029,Yes,Rain,Natural,Wet,Non-Fatal Injury,Pedestrian,40 to 44,Major,Unknown,Yes, ,Yes, , , , , , ,Yes, , , ,Scarborough-Agincourt (40),40,118,Tam O'Shanter-Sullivan (118)
2011,19-10-2011 09:30,Major Arterial,Scarborough,43.77424538,-79.29509029,Yes,Rain,Natural,Wet,Non-Fatal Injury,Pedestrian,45 to 49,Major,Unknown,Yes, ,Yes, , , , , , ,Yes, , , ,Scarborough-Agincourt (40),40,118,Tam O'Shanter-Sullivan (118)
2007,23-11-2007 10:30,Minor Arterial,Scarborough,43.72064538,-79.24259029,No,Clear,Natural,Other,Fatal,Other,unknown,None,West, , ,Yes, , , , ,Yes, , , , , ,Scarborough Southwest (36),36,123,Cliffcrest (123)
2007,23-11-2007 10:30,Minor Arterial,Scarborough,43.72064538,-79.24259029,No,Clear,Natural,Other,Fatal,Passenger,20 to 24,Fatal,Unknown, , ,Yes, , , , ,Yes, , , , , ,Scarborough Southwest (36),36,123,Cliffcrest (123)
2007,23-11-2007 10:30,Minor Arterial,Scarborough,43.72064538,-79.24259029,No,Clear,Natural,Other,Fatal,Driver,25 to 29,None,West, , ,Yes, , , , ,Yes, , , , , ,Scarborough Southwest (36),36,123,Cliffcrest (123)
2009,31-12-2009 10:30,Major Arterial,Etobicoke York,43.69124538,-79.50089029,Yes,Rain,Natural,Wet,Non-Fatal Injury,Vehicle Owner,unknown,unknown,Unknown,Yes, ,Yes, , , , , , ,Yes, , , ,York South-Weston (11),11,115,Mount Dennis (115)
2009,31-12-2009 10:30,Major Arterial,Etobicoke York,43.69124538,-79.50089029,Yes,Rain,Natural,Wet,Non-Fatal Injury,Driver,40 to 44,None,North,Yes, ,Yes, , , , , , ,Yes, , , ,York South-Weston (11),11,115,Mount Dennis (115)
2009,31-12-2009 10:30,Major Arterial,Etobicoke York,43.69124538,-79.50089029,Yes,Rain,Natural,Wet,Non-Fatal Injury,Pedestrian,40 to 44,Major,North,Yes, ,Yes, , , , , , ,Yes, , , ,York South-Weston (11),11,115,Mount Dennis (115)
2010,26-07-2010 09:30,Major Arterial,Toronto East York,43.65634538,-79.38089029,Yes,Clear,Natural,Dry,Non-Fatal Injury,Driver,30 to 34,Major,North, ,Yes, , , , , , , , , , , ,Toronto Centre-Rosedale (27),27,75,Church-Yonge Corridor (75)
2010,26-07-2010 09:30,Major Arterial,Toronto East York,43.65634538,-79.38089029,Yes,Clear,Natural,Dry,Non-Fatal Injury,Vehicle Owner,unknown,unknown,Unknown, ,Yes, , , , , , , , , , , ,Toronto Centre-Rosedale (27),27,75,Church-Yonge Corridor (75)
2010,26-07-2010 09:30,Major Arterial,Toronto East York,43.65634538,-79.38089029,Yes,Clear,Natural,Dry,Non-Fatal Injury,Cyclist,40 to 44,None,North, ,Yes, , , , , , , , , , , ,Toronto Centre-Rosedale (27),27,75,Church-Yonge Corridor (75)
2013,30-08-2013 09:30,Major Arterial,Scarborough,43.77416571,-79.29501734,Yes,Rain,Artificial,Wet,Non-Fatal Injury,Vehicle Owner,unknown,unknown,Unknown,Yes, ,Yes, , , , , , ,Yes, , , ,Scarborough-Agincourt (40),40,118,Tam O'Shanter-Sullivan (118)
2013,30-08-2013 09:30,Major Arterial,Scarborough,43.77416571,-79.29501734,Yes,Rain,Artificial,Wet,Non-Fatal Injury,Driver,65 to 69,None,East,Yes, ,Yes, , , , , , ,Yes, , , ,Scarborough-Agincourt (40),40,118,Tam O'Shanter-Sullivan (118)
2013,30-08-2013 09:30,Major Arterial,Scarborough,43.77416571,-79.29501734,Yes,Rain,Artificial,Wet,Non-Fatal Injury,Pedestrian,70 to 74,Major,East,Yes, ,Yes, , , , , , ,Yes, , , ,Scarborough-Agincourt (40),40,118,Tam O'Shanter-Sullivan (118)
2012,17-12-2012 10:30,Major Arterial,North York,43.80104538,-79.40619029,Yes,Clear,Natural,Dry,Non-Fatal Injury,Driver,55 to 59,None,South,Yes, ,Yes, , , , , , , , , , ,Willowdale (24),24,50,Newtonbrook East (50)
2012,17-12-2012 10:30,Major Arterial,North York,43.80104538,-79.40619029,Yes,Clear,Natural,Dry,Non-Fatal Injury,Pedestrian,25 to 29,Major,North,Yes, ,Yes, , , , , , , , , , ,Willowdale (24),24,50,Newtonbrook East (50)
2014,12-04-2014 09:30,Minor Arterial,Toronto East York,43.6796604,-79.33162318,Yes,Clear,Artificial,Dry,Non-Fatal Injury,Motorcycle Driver,35 to 39,Major,South, , ,Yes,Yes, , , , ,Yes,Yes, , , ,Toronto-Danforth (30),30,65,Greenwood-Coxwell (65)
2014,12-04-2014 09:30,Minor Arterial,Toronto East York,43.6796604,-79.33162318,Yes,Clear,Artificial,Dry,Non-Fatal Injury,Driver,25 to 29,None,East, , ,Yes,Yes, , , , ,Yes,Yes, , , ,Toronto-Danforth (30),30,65,Greenwood-Coxwell (65)
2014,12-04-2014 09:30,Minor Arterial,Toronto East York,43.6796604,-79.33162318,Yes,Clear,Artificial,Dry,Non-Fatal Injury,Driver,20 to 24,None,Unknown, , ,Yes,Yes, , , , ,Yes,Yes, , , ,Toronto-Danforth (30),30,65,Greenwood-Coxwell (65)
2014,17-04-2014 09:30,Major Arterial,Etobicoke York,43.6354595,-79.47348414,No,Clear,Artificial,Dry,Non-Fatal Injury,Driver,35 to 39,Major,East, , ,Yes, , , , ,Yes,Yes,Yes, , , ,Parkdale-High Park (13),13,87,High Park-Swansea (87)
2014,17-04-2014 09:30,Major Arterial,Etobicoke York,43.6354595,-79.47348414,No,Clear,Artificial,Dry,Non-Fatal Injury,Driver,60 to 64,None,East, , ,Yes, , , , ,Yes,Yes,Yes, , , ,Parkdale-High Park (13),13,87,High Park-Swansea (87)
2014,17-04-2014 09:30,Major Arterial,Etobicoke York,43.6354595,-79.47348414,No,Clear,Artificial,Dry,Non-Fatal Injury,Passenger,40 to 44,None,Unknown, , ,Yes, , , , ,Yes,Yes,Yes, , , ,Parkdale-High Park (13),13,87,High Park-Swansea (87)
2015,15-07-2015 09:30,Major Arterial,Scarborough,43.69280585,-79.28110895,Yes,Clear,Natural,Dry,Non-Fatal Injury,Driver,60 to 64,None,North, , ,Yes,Yes, , , ,Yes, , , , , ,Scarborough Southwest (35),35,121,Oakridge (121)
2015,15-07-2015 09:30,Major Arterial,Scarborough,43.69280585,-79.28110895,Yes,Clear,Natural,Dry,Non-Fatal Injury,Motorcycle Driver,50 to 54,Major,West, , ,Yes,Yes, , , ,Yes, , , , , ,Scarborough Southwest (35),35,121,Oakridge (121)
2015,15-07-2015 09:30,Major Arterial,Scarborough,43.69280585,-79.28110895,Yes,Clear,Natural,Dry,Non-Fatal Injury,Passenger,45 to 49,None,Unknown, , ,Yes,Yes, , , ,Yes, , , , , ,Scarborough Southwest (35),35,121,Oakridge (121)
2015,15-07-2015 09:30,Major Arterial,Scarborough,43.69280585,-79.28110895,Yes,Clear,Natural,Dry,Non-Fatal Injury,Passenger,10 to 14,None,Unknown, , ,Yes,Yes, , , ,Yes, , , , , ,Scarborough Southwest (35),35,121,Oakridge (121)
2016,21-06-2016 09:30,Major Arterial,North York,43.74119147,-79.50281916,No,Clear,Natural,Dry,Non-Fatal Injury,Driver,20 to 24,Major,East, , ,Yes, , , , , , ,Yes, , , ,York Centre (9),9,25,Glenfield-Jane Heights (25)
2016,21-06-2016 09:30,Major Arterial,North York,43.74119147,-79.50281916,No,Clear,Natural,Dry,Non-Fatal Injury,Driver,65 to 69,Minor,East, , ,Yes, , , , , , ,Yes, , , ,York Centre (9),9,25,Glenfield-Jane Heights (25)
2016,24-07-2016 09:30,Minor Arterial,Scarborough,43.69748648,-79.26246271,No,Clear,Natural,Dry,Non-Fatal Injury,Driver,20 to 24,None,West, , ,Yes, , , , ,Yes,Yes,Yes, , , ,Scarborough Southwest (36),36,122,Birchcliffe-Cliffside (122)
2016,24-07-2016 09:30,Minor Arterial,Scarborough,43.69748648,-79.26246271,No,Clear,Natural,Dry,Non-Fatal Injury,Passenger,20 to 24,Major,Unknown, , ,Yes, , , , ,Yes,Yes,Yes, , , ,Scarborough Southwest (36),36,122,Birchcliffe-Cliffside (122)
2016,21-12-2016 10:30,Major Arterial,Scarborough,43.79325827,-79.3034936,Yes,Clear,Artificial,Wet,Non-Fatal Injury,Driver,60 to 64,None,South,Yes, ,Yes, , , , , , , , , , ,Scarborough-Agincourt (40),40,117,L'Amoreaux (117)
2016,21-12-2016 10:30,Major Arterial,Scarborough,43.79325827,-79.3034936,Yes,Clear,Artificial,Wet,Non-Fatal Injury,Pedestrian,55 to 59,Major,West,Yes, ,Yes, , , , , , , , , , ,Scarborough-Agincourt (40),40,117,L'Amoreaux (117)
2010,24-01-2010 10:30,Major Arterial,Scarborough,43.81164538,-79.26919029,Yes,Rain,Natural,Wet,Non-Fatal Injury,Passenger,35 to 39,Minor,Unknown, , ,Yes, , , , ,Yes, ,Yes,Yes, , ,Scarborough-Rouge River (41),41,129,Agincourt North (129)
2010,24-01-2010 10:30,Major Arterial,Scarborough,43.81164538,-79.26919029,Yes,Rain,Natural,Wet,Non-Fatal Injury,Driver,30 to 34,Minor,North, , ,Yes, , , , ,Yes, ,Yes,Yes, , ,Scarborough-Rouge River (41),41,129,Agincourt North (129)
2010,24-01-2010 10:30,Major Arterial,Scarborough,43.81164538,-79.26919029,Yes,Rain,Natural,Wet,Non-Fatal Injury,Vehicle Owner,unknown,unknown,Unknown, , ,Yes, , , , ,Yes, ,Yes,Yes, , ,Scarborough-Rouge River (41),41,129,Agincourt North (129)
2010,24-01-2010 10:30,Major Arterial,Scarborough,43.81164538,-79.26919029,Yes,Rain,Natural,Wet,Non-Fatal Injury,Driver,20 to 24,Minimal,South, , ,Yes, , , , ,Yes, ,Yes,Yes, , ,Scarborough-Rouge River (41),41,129,Agincourt North (129)
2010,24-01-2010 10:30,Major Arterial,Scarborough,43.81164538,-79.26919029,Yes,Rain,Natural,Wet,Non-Fatal Injury,Vehicle Owner,unknown,unknown,Unknown, , ,Yes, , , , ,Yes, ,Yes,Yes, , ,Scarborough-Rouge River (41),41,129,Agincourt North (129)
2010,24-01-2010 10:30,Major Arterial,Scarborough,43.81164538,-79.26919029,Yes,Rain,Natural,Wet,Non-Fatal Injury,Driver,30 to 34,Minimal,North, , ,Yes, , , , ,Yes, ,Yes,Yes, , ,Scarborough-Rouge River (41),41,129,Agincourt North (129)
2010,24-01-2010 10:30,Major Arterial,Scarborough,43.81164538,-79.26919029,Yes,Rain,Natural,Wet,Non-Fatal Injury,Vehicle Owner,unknown,unknown,Unknown, , ,Yes, , , , ,Yes, ,Yes,Yes, , ,Scarborough-Rouge River (41),41,129,Agincourt North (129)
2010,24-01-2010 10:30,Major Arterial,Scarborough,43.81164538,-79.26919029,Yes,Rain,Natural,Wet,Non-Fatal Injury,Driver,40 to 44,Major,East, , ,Yes, , , , ,Yes, ,Yes,Yes, , ,Scarborough-Rouge River (41),41,129,Agincourt North (129)
2017,27-10-2017 09:30,Major Arterial,Etobicoke York,43.74326238,-79.58207329,Yes,Clear,Natural,Dry,Non-Fatal Injury,Driver,45 to 49,Major,South, ,Yes,Yes, , , , , , , , , , ,Etobicoke North (1),1,3,Thistletown-Beaumond Heights (3)
2017,27-10-2017 09:30,Major Arterial,Etobicoke York,43.74326238,-79.58207329,Yes,Clear,Natural,Dry,Non-Fatal Injury,Cyclist,30 to 34,Minor,West, ,Yes,Yes, , , , , , , , , , ,Etobicoke North (1),1,3,Thistletown-Beaumond Heights (3)
2012,12-06-2012 09:30,Minor Arterial,Toronto East York,43.67474538,-79.43099029,Yes,Clear,Artificial,Dry,Non-Fatal Injury,Vehicle Owner,unknown,unknown,Unknown,Yes, , , , ,Yes, , , ,Yes, , , ,Davenport (17),17,94,Wychwood (94)
2012,12-06-2012 09:30,Minor Arterial,Toronto East York,43.67474538,-79.43099029,Yes,Clear,Artificial,Dry,Non-Fatal Injury,Driver,20 to 24,None,North,Yes, , , , ,Yes, , , ,Yes, , , ,Davenport (17),17,94,Wychwood (94)
2012,12-06-2012 09:30,Minor Arterial,Toronto East York,43.67474538,-79.43099029,Yes,Clear,Artificial,Dry,Non-Fatal Injury,Pedestrian,80 to 84,Major,North,Yes, , , , ,Yes, , , ,Yes, , , ,Davenport (17),17,94,Wychwood (94)
2013,14-03-2013 09:30,Minor Arterial,Toronto East York,43.66334538,-79.34109029,No,Clear,Artificial,Dry,Non-Fatal Injury,Passenger,20 to 24,None,Unknown,Yes, ,Yes, , , , ,Yes, , , , , ,Toronto-Danforth (30),30,70,South Riverdale (70)
2013,14-03-2013 09:30,Minor Arterial,Toronto East York,43.66334538,-79.34109029,No,Clear,Artificial,Dry,Non-Fatal Injury,Passenger,30 to 34,None,Unknown,Yes, ,Yes, , , , ,Yes, , , , , ,Toronto-Danforth (30),30,70,South Riverdale (70)
2013,14-03-2013 09:30,Minor Arterial,Toronto East York,43.66334538,-79.34109029,No,Clear,Artificial,Dry,Non-Fatal Injury,Vehicle Owner,unknown,unknown,Unknown,Yes, ,Yes, , , , ,Yes, , , , , ,Toronto-Danforth (30),30,70,South Riverdale (70)
2013,14-03-2013 09:30,Minor Arterial,Toronto East York,43.66334538,-79.34109029,No,Clear,Artificial,Dry,Non-Fatal Injury,Driver,45 to 49,None,West,Yes, ,Yes, , , , ,Yes, , , , , ,Toronto-Danforth (30),30,70,South Riverdale (70)
2013,14-03-2013 09:30,Minor Arterial,Toronto East York,43.66334538,-79.34109029,No,Clear,Artificial,Dry,Non-Fatal Injury,Pedestrian,60 to 64,Major,East,Yes, ,Yes, , , , ,Yes, , , , , ,Toronto-Danforth (30),30,70,South Riverdale (70)
2007,28-09-2007 09:30,Major Arterial,Scarborough,43.80874538,-79.26319029,No,Clear,Natural,Dry,Non-Fatal Injury,Driver,25 to 29,None,West,Yes, ,Yes, , , , , , , , , , ,Scarborough-Rouge River (41),41,129,Agincourt North (129)
2007,28-09-2007 09:30,Major Arterial,Scarborough,43.80874538,-79.26319029,No,Clear,Natural,Dry,Non-Fatal Injury,Pedestrian,45 to 49,Major,South,Yes, ,Yes, , , , , , , , , , ,Scarborough-Rouge River (41),41,129,Agincourt North (129)
2016,01-05-2016 09:30,Major Arterial,North York,43.73446234,-79.41976557,No,Rain,Artificial,Wet,Fatal,Pedestrian,90 to 94,Fatal,West,Yes, ,Yes, , , , , , , , , , ,Eglinton-Lawrence (16),16,39,Bedford Park-Nortown (39)
2016,01-05-2016 09:30,Major Arterial,North York,43.73446234,-79.41976557,No,Rain,Artificial,Wet,Fatal,Driver,30 to 34,None,South,Yes, ,Yes, , , , , , , , , , ,Eglinton-Lawrence (16),16,39,Bedford Park-Nortown (39)
2017,16-07-2017 09:30,Collector,Etobicoke York,43.69688038,-79.46812029,No,Clear,Natural,Dry,Non-Fatal Injury,Motorcycle Driver,0 to 4,None,West, , , ,Yes, , , , ,Yes,Yes, , , ,York South-Weston (12),12,112,Beechborough-Greenbrook (112)
2017,16-07-2017 09:30,Collector,Etobicoke York,43.69688038,-79.46812029,No,Clear,Natural,Dry,Non-Fatal Injury,Motorcycle Driver,25 to 29,Major,West, , , ,Yes, , , , ,Yes,Yes, , , ,York South-Weston (12),12,112,Beechborough-Greenbrook (112)
2007,11-04-2007 09:30,Major Arterial,Etobicoke York,43.76034538,-79.58349029,No,Rain,Natural,Wet,Fatal,Driver,45 to 49,Fatal,East, , ,Yes, , , , , , , , ,Yes, ,Etobicoke North (1),1,2,Mount Olive-Silverstone-Jamestown (2)
2007,11-04-2007 09:30,Major Arterial,Etobicoke York,43.76034538,-79.58349029,No,Rain,Natural,Wet,Fatal,Driver,45 to 49,Minor,West, , ,Yes, , , , , , , , ,Yes, ,Etobicoke North (1),1,2,Mount Olive-Silverstone-Jamestown (2)
2009,20-08-2009 09:30,Major Arterial,Scarborough,43.80404538,-79.33629029,Yes,Rain,Natural,Wet,Non-Fatal Injury,Driver,45 to 49,None,East, , ,Yes, , , , , , ,Yes, , , ,Scarborough-Agincourt (39),39,116,Steeles (116)
2009,20-08-2009 09:30,Major Arterial,Scarborough,43.80404538,-79.33629029,Yes,Rain,Natural,Wet,Non-Fatal Injury,Driver,40 to 44,Major,North, , ,Yes, , , , , , ,Yes, , , ,Scarborough-Agincourt (39),39,116,Steeles (116)
2010,05-01-2010 10:30,Major Arterial,Toronto East York,43.68794538,-79.39459029,No,Clear,Natural,Wet,Non-Fatal Injury,Driver,55 to 59,Major,East, , ,Yes, , , , , , , , , ,Yes,St. Paul's (22),22,97,Yonge-St.Clair (97)
2010,05-01-2010 10:30,Major Arterial,Toronto East York,43.68794538,-79.39459029,No,Clear,Natural,Wet,Non-Fatal Injury,Other,unknown,None,East, , ,Yes, , , , , , , , , ,Yes,St. Paul's (22),22,97,Yonge-St.Clair (97)
2008,24-09-2008 09:30,Major Arterial,Etobicoke York,43.59914538,-79.51739029,No,Clear,Natural,Dry,Non-Fatal Injury,Driver,25 to 29,Major,South, , ,Yes, , , , , ,Yes,Yes, , ,Yes,Etobicoke-Lakeshore (6),6,18,New Toronto (18)
2008,24-09-2008 09:30,Major Arterial,Etobicoke York,43.59914538,-79.51739029,No,Clear,Natural,Dry,Non-Fatal Injury,Other Property Owner,unknown,unknown,Unknown, , ,Yes, , , , , ,Yes,Yes, , ,Yes,Etobicoke-Lakeshore (6),6,18,New Toronto (18)
2010,13-07-2010 09:30,Major Arterial,Etobicoke York,43.70484538,-79.56349029,Yes,Clear,Natural,Dry,Fatal,Truck Driver,40 to 44,None,West, , ,Yes, ,Yes, , , , ,Yes,Yes, , ,Etobicoke North (2),2,1,West Humber-Clairville (1)
2010,13-07-2010 09:30,Major Arterial,Etobicoke York,43.70484538,-79.56349029,Yes,Clear,Natural,Dry,Fatal,Vehicle Owner,unknown,unknown,Unknown, , ,Yes, ,Yes, , , , ,Yes,Yes, , ,Etobicoke North (2),2,1,West Humber-Clairville (1)
2010,13-07-2010 09:30,Major Arterial,Etobicoke York,43.70484538,-79.56349029,Yes,Clear,Natural,Dry,Fatal,Driver,65 to 69,Fatal,South, , ,Yes, ,Yes, , , , ,Yes,Yes, , ,Etobicoke North (2),2,1,West Humber-Clairville (1)
2010,13-07-2010 09:30,Major Arterial,Etobicoke York,43.70484538,-79.56349029,Yes,Clear,Natural,Dry,Fatal,Other Property Owner,unknown,unknown,Unknown, , ,Yes, ,Yes, , , , ,Yes,Yes, , ,Etobicoke North (2),2,1,West Humber-Clairville (1)
2010,15-08-2010 09:30,Major Arterial,Scarborough,43.80374538,-79.28629029,Yes,Rain,Natural,Wet,Non-Fatal Injury,Driver,35 to 39,Major,West, , ,Yes, , , , , , ,Yes, , , ,Scarborough-Rouge River (41),41,129,Agincourt North (129)
2010,15-08-2010 09:30,Major Arterial,Scarborough,43.80374538,-79.28629029,Yes,Rain,Natural,Wet,Non-Fatal Injury,Vehicle Owner,unknown,unknown,Unknown, , ,Yes, , , , , , ,Yes, , , ,Scarborough-Rouge River (41),41,129,Agincourt North (129)
2010,15-08-2010 09:30,Major Arterial,Scarborough,43.80374538,-79.28629029,Yes,Rain,Natural,Wet,Non-Fatal Injury,Driver,20 to 24,None,East, , ,Yes, , , , , , ,Yes, , , ,Scarborough-Rouge River (41),41,129,Agincourt North (129)
2011,01-09-2011 09:30,Local,Etobicoke York,43.66484538,-79.57319029,No,Clear,Natural,Dry,Non-Fatal Injury,Driver,55 to 59,None,North,Yes, ,Yes, , , , , , ,Yes, , , ,Etobicoke Centre (3),3,11,Eringate-Centennial-West Deane (11)
2011,01-09-2011 09:30,Local,Etobicoke York,43.66484538,-79.57319029,No,Clear,Natural,Dry,Non-Fatal Injury,Pedestrian,15 to 19,Major,North,Yes, ,Yes, , , , , , ,Yes, , , ,Etobicoke Centre (3),3,11,Eringate-Centennial-West Deane (11)
2011,01-09-2011 09:30,Local,Etobicoke York,43.66484538,-79.57319029,No,Clear,Natural,Dry,Non-Fatal Injury,Pedestrian,20 to 24,Minor,North,Yes, ,Yes, , , , , , ,Yes, , , ,Etobicoke Centre (3),3,11,Eringate-Centennial-West Deane (11)
2013,05-06-2013 09:30,Major Arterial,North York,43.7702442,-79.46071253,Yes,Clear,Natural,Dry,Non-Fatal Injury,Vehicle Owner,unknown,unknown,Unknown, , ,Yes,Yes, , , , , ,Yes,Yes, , ,York Centre (10),10,34,Bathurst Manor (34)
2013,05-06-2013 09:30,Major Arterial,North York,43.7702442,-79.46071253,Yes,Clear,Natural,Dry,Non-Fatal Injury,Driver,25 to 29,None,West, , ,Yes,Yes, , , , , ,Yes,Yes, , ,York Centre (10),10,34,Bathurst Manor (34)
2013,05-06-2013 09:30,Major Arterial,North York,43.7702442,-79.46071253,Yes,Clear,Natural,Dry,Non-Fatal Injury,Motorcycle Driver,40 to 44,Major,East, , ,Yes,Yes, , , , , ,Yes,Yes, , ,York Centre (10),10,34,Bathurst Manor (34)
2013,18-11-2013 10:30,Major Arterial,North York,43.71680029,-79.42921076,No,Clear,Artificial,Dry,Non-Fatal Injury,Driver,20 to 24,Minimal,South, , ,Yes, , , , ,Yes, , , ,Yes, ,Eglinton-Lawrence (16),16,39,Bedford Park-Nortown (39)
2015,16-10-2015 09:30,Major Arterial,Toronto East York,43.64701422,-79.3874856,No,Clear,Natural,Dry,Non-Fatal Injury,Driver,20 to 24,None,West,Yes, ,Yes, , , , , , , , , , ,Trinity-Spadina (20),20,77,Waterfront Communities-The Island (77)
2015,16-10-2015 09:30,Major Arterial,Toronto East York,43.64701422,-79.3874856,No,Clear,Natural,Dry,Non-Fatal Injury,Pedestrian,65 to 69,Major,North,Yes, ,Yes, , , , , , , , , , ,Trinity-Spadina (20),20,77,Waterfront Communities-The Island (77)
2009,02-03-2009 10:30,Collector,Etobicoke York,43.76576956,-79.40910731,Yes,Clear,Natural,Dry,Non-Fatal Injury,Driver,45 to 49,None,South,Yes, ,Yes, , , , , , ,Yes, , , ,Willowdale (23),23,51,Willowdale East (51)
2009,02-03-2009 10:30,Collector,Etobicoke York,43.76576956,-79.40910731,Yes,Clear,Natural,Dry,Non-Fatal Injury,Pedestrian,35 to 39,Major,East,Yes, ,Yes, , , , , , ,Yes, , , ,Willowdale (23),23,51,Willowdale East (51)
2011,08-04-2011 09:30,Major Arterial,Toronto East York,43.70344538,-79.41389029,Yes,Clear,Natural,Dry,Non-Fatal Injury,Driver,70 to 74,Minor,West, , ,Yes, , , , , , ,Yes,Yes, , ,St. Paul's (22),22,101,Forest Hill South (101)
2011,08-04-2011 09:30,Major Arterial,Toronto East York,43.70344538,-79.41389029,Yes,Clear,Natural,Dry,Non-Fatal Injury,Driver,65 to 69,Major,West, , ,Yes, , , , , , ,Yes,Yes, , ,St. Paul's (22),22,101,Forest Hill South (101)
2011,08-04-2011 09:30,Major Arterial,Toronto East York,43.70344538,-79.41389029,Yes,Clear,Natural,Dry,Non-Fatal Injury,Vehicle Owner,unknown,unknown,Unknown, , ,Yes, , , , , , ,Yes,Yes, , ,St. Paul's (22),22,101,Forest Hill South (101)
2011,08-04-2011 09:30,Major Arterial,Toronto East York,43.70344538,-79.41389029,Yes,Clear,Natural,Dry,Non-Fatal Injury,Driver,35 to 39,Minor,West, , ,Yes, , , , , , ,Yes,Yes, , ,St. Paul's (22),22,101,Forest Hill South (101)
2016,05-01-2016 10:30,Major Arterial,Scarborough,43.72621878,-79.29469691,No,Clear,Natural,Dry,Non-Fatal Injury,Driver,25 to 29,None,West,Yes, ,Yes, , , , , , , , , , ,Scarborough Southwest (35),35,120,Clairlea-Birchmount (120)
2016,05-01-2016 10:30,Major Arterial,Scarborough,43.72621878,-79.29469691,No,Clear,Natural,Dry,Non-Fatal Injury,Pedestrian,10 to 14,Major,North,Yes, ,Yes, , , , , , , , , , ,Scarborough Southwest (35),35,120,Clairlea-Birchmount (120)
2017,09-10-2017 09:30,Major Arterial,Toronto East York,43.67322838,-79.38800429,No,Clear,Natural,Dry,Non-Fatal Injury,Driver,60 to 64,Major,North, , ,Yes, , , , , , , , , , ,Toronto Centre-Rosedale (27),27,98,Rosedale-Moore Park (98)
2017,09-10-2017 09:30,Major Arterial,Toronto East York,43.67322838,-79.38800429,No,Clear,Natural,Dry,Non-Fatal Injury,Driver,30 to 34,None,North, , ,Yes, , , , , , , , , , ,Toronto Centre-Rosedale (27),27,98,Rosedale-Moore Park (98)
2010,30-01-2010 10:30,Major Arterial,Toronto East York,43.66434538,-79.41489029,Yes,Clear,Natural,Dry,Non-Fatal Injury,Driver,unknown,None,North,Yes, ,Yes, , , , , , , , , , ,Trinity-Spadina (20),20,95,Annex (95)
2010,04-08-2010 09:30,Major Arterial,North York,43.78374538,-79.41659029,No,Clear,Natural,Dry,Non-Fatal Injury,Motorcycle Driver,20 to 24,Major,North, , ,Yes,Yes, , , , , , , , , ,Willowdale (23),23,36,Newtonbrook West (36)
2010,30-01-2010 10:30,Major Arterial,Toronto East York,43.66434538,-79.41489029,Yes,Clear,Natural,Dry,Non-Fatal Injury,Pedestrian,65 to 69,Major,Unknown,Yes, ,Yes, , , , , , , , , , ,Trinity-Spadina (20),20,95,Annex (95)
2016,25-09-2016 09:30,Major Arterial,North York,43.781509,-79.49446497,Yes,Clear,Natural,Dry,Non-Fatal Injury,Driver,65 to 69,Major,West, , ,Yes, , , , ,Yes, ,Yes,Yes, , ,York West (8),8,27,York University Heights (27)
2016,25-09-2016 09:30,Major Arterial,North York,43.781509,-79.49446497,Yes,Clear,Natural,Dry,Non-Fatal Injury,Driver,65 to 69,Minor,North, , ,Yes, , , , ,Yes, ,Yes,Yes, , ,York West (8),8,27,York University Heights (27)
2016,25-09-2016 09:30,Major Arterial,North York,43.781509,-79.49446497,Yes,Clear,Natural,Dry,Non-Fatal Injury,Driver,55 to 59,Minor,South, , ,Yes, , , , ,Yes, ,Yes,Yes, , ,York West (8),8,27,York University Heights (27)
2016,25-09-2016 09:30,Major Arterial,North York,43.781509,-79.49446497,Yes,Clear,Natural,Dry,Non-Fatal Injury,Passenger,55 to 59,Minor,Unknown, , ,Yes, , , , ,Yes, ,Yes,Yes, , ,York West (8),8,27,York University Heights (27)
2016,25-09-2016 09:30,Major Arterial,North York,43.781509,-79.49446497,Yes,Clear,Natural,Dry,Non-Fatal Injury,Passenger,75 to 79,Minor,Unknown, , ,Yes, , , , ,Yes, ,Yes,Yes, , ,York West (8),8,27,York University Heights (27)
2016,25-09-2016 09:30,Major Arterial,North York,43.781509,-79.49446497,Yes,Clear,Natural,Dry,Non-Fatal Injury,Passenger,50 to 54,Minor,Unknown, , ,Yes, , , , ,Yes, ,Yes,Yes, , ,York West (8),8,27,York University Heights (27)
2007,27-05-2007 09:30,Major Arterial,Toronto East York,43.66774538,-79.43879029,No,Clear,Natural,Dry,Non-Fatal Injury,Driver,60 to 64,Major,South, , ,Yes, , , , , , , , , , ,Davenport (18),18,93,Dovercourt-Wallace Emerson-Junction (93)