YEAR,DATE,ROAD_CLASS,District,LATITUDE,LONGITUDE,TRAFFCTL,VISIBILITY,LIGHT,RDSFCOND,ACCLASS,INVTYPE,INVAGE,INJURY,INITDIR,PEDESTRIAN,CYCLIST,AUTOMOBILE,MOTORCYCLE,TRUCK,TRSN_CITY_VEH,EMERG_VEH,PASSENGER,SPEEDING,AG_DRIV,REDLIGHT,ALCOHOL,DISABILITY,Ward_Name,Ward_ID,Hood_ID,Hood_Name
2011,21-07-2011 09:30,Minor Arterial,Toronto East York,43.66744538,-79.31139029,Yes,Clear,Natural,Dry,Non-Fatal Injury,Pedestrian,40 to 44,Major,East,Yes, ,Yes, , , , , , ,Yes, , , ,Beaches-East York (32),32,63,The Beaches (63)
2014,23-12-2014 10:30,Major Arterial,Toronto East York,43.69816168,-79.38647089,Yes,Rain,Natural,Wet,Non-Fatal Injury,Pedestrian,70 to 74,Major,East,Yes, ,Yes, , , , , , ,Yes, , , ,St. Paul's (22),22,99,Mount Pleasant East (99)
2017,04-05-2017 09:30,Major Arterial,Scarborough,43.79465838,-79.23489729,Yes,Rain,Natural,Wet,Non-Fatal Injury,Driver,40 to 44,None,East, , ,Yes, , , , ,Yes, , , , , ,Scarborough-Rouge River (42),42,132,Malvern (132)
2010,21-12-2010 10:30,Major Arterial,Toronto East York,43.67614538,-79.35889029,No,Clear,Natural,Dry,Non-Fatal Injury,Vehicle Owner,unknown,unknown,Unknown, ,Yes,Yes, , , , , , , , , , ,Toronto-Danforth (30),30,68,North Riverdale (68)
2007,17-01-2007 10:30,Major Arterial,Toronto East York,43.70714538,-79.39619029,No,Snow,Natural,Snow,Non-Fatal Injury,Driver,40 to 44,None,West,Yes, , , , ,Yes, , , , , , , ,St. Paul's (22),22,104,Mount Pleasant West (104)
2017,04-05-2017 09:30,Major Arterial,Scarborough,43.79465838,-79.23489729,Yes,Rain,Natural,Wet,Non-Fatal Injury,Driver,20 to 24,Major,West, , ,Yes, , , , ,Yes, , , , , ,Scarborough-Rouge River (42),42,132,Malvern (132)
2013,24-12-2013 10:30,Minor Arterial,Toronto East York,43.6363407,-79.43570338,No,Clear,Natural,Dry,Non-Fatal Injury,Driver,75 to 79,None,South,Yes, ,Yes, , , , , , , , , , ,Parkdale-High Park (14),14,85,South Parkdale (85)
2017,10-04-2017 09:30,Major Arterial,Etobicoke York,43.69515188,-79.57252894,No,Clear,Natural,Wet,Non-Fatal Injury,Driver,45 to 49,None,East, , ,Yes, , , , , ,Yes,Yes, , , ,Etobicoke North (2),2,1,West Humber-Clairville (1)
2010,21-12-2010 10:30,Major Arterial,Toronto East York,43.67614538,-79.35889029,No,Clear,Natural,Dry,Non-Fatal Injury,Driver,30 to 34,None,East, ,Yes,Yes, , , , , , , , , , ,Toronto-Danforth (30),30,68,North Riverdale (68)
2007,17-01-2007 10:30,Major Arterial,Toronto East York,43.70714538,-79.39619029,No,Snow,Natural,Snow,Non-Fatal Injury,Pedestrian,55 to 59,Major,South,Yes, , , , ,Yes, , , , , , , ,St. Paul's (22),22,104,Mount Pleasant West (104)
2017,10-04-2017 09:30,Major Arterial,Etobicoke York,43.69515188,-79.57252894,No,Clear,Natural,Wet,Non-Fatal Injury,Driver,20 to 24,Major,South, , ,Yes, , , , , ,Yes,Yes, , , ,Etobicoke North (2),2,1,West Humber-Clairville (1)
2017,04-05-2017 09:30,Major Arterial,Scarborough,43.79465838,-79.23489729,Yes,Rain,Natural,Wet,Non-Fatal Injury,Passenger,20 to 24,None,Unknown, , ,Yes, , , , ,Yes, , , , , ,Scarborough-Rouge River (42),42,132,Malvern (132)
2013,24-12-2013 10:30,Minor Arterial,Toronto East York,43.6363407,-79.43570338,No,Clear,Natural,Dry,Non-Fatal Injury,Pedestrian,65 to 69,Major,West,Yes, ,Yes, , , , , , , , , , ,Parkdale-High Park (14),14,85,South Parkdale (85)
2007,29-09-2007 09:30,Major Arterial,Etobicoke York,43.71124538,-79.53519029,Yes,Clear,Natural,Dry,Non-Fatal Injury,Vehicle Owner,unknown,None,Unknown, , ,Yes, , , , ,Yes, ,Yes, , , ,York South-Weston (11),11,23,Pelmo Park-Humberlea (23)
2014,17-08-2014 09:30,Minor Arterial,Toronto East York,43.65709265,-79.42374811,No,Clear,Natural,Dry,Non-Fatal Injury,Driver,40 to 44,None,South, , ,Yes,Yes, , , ,Yes, , , , , ,Trinity-Spadina (19),19,80,Palmerston-Little Italy (80)
2010,21-12-2010 10:30,Major Arterial,Toronto East York,43.67614538,-79.35889029,No,Clear,Natural,Dry,Non-Fatal Injury,Cyclist,55 to 59,Major,East, ,Yes,Yes, , , , , , , , , , ,Toronto-Danforth (30),30,68,North Riverdale (68)
2009,05-06-2009 09:30,Major Arterial,Etobicoke York,43.73374538,-79.60669029,Yes,Clear,Natural,Dry,Fatal,Motorcycle Driver,35 to 39,Fatal,East, , ,Yes,Yes, , , , , ,Yes, , , ,Etobicoke North (1),1,1,West Humber-Clairville (1)
2013,15-08-2013 09:30,Major Arterial,Toronto East York,43.65129812,-79.41090784,Yes,Clear,Natural,Dry,Non-Fatal Injury,Driver,65 to 69,Minor,East, ,Yes,Yes, , , , , , , , , , ,Trinity-Spadina (19),19,81,Trinity-Bellwoods (81)
2013,15-08-2013 09:30,Major Arterial,Toronto East York,43.65129812,-79.41090784,Yes,Clear,Natural,Dry,Non-Fatal Injury,Vehicle Owner,unknown,unknown,Unknown, ,Yes,Yes, , , , , , , , , , ,Trinity-Spadina (19),19,81,Trinity-Bellwoods (81)
2007,29-09-2007 09:30,Major Arterial,Etobicoke York,43.71124538,-79.53519029,Yes,Clear,Natural,Dry,Non-Fatal Injury,Driver,60 to 64,Major,North, , ,Yes, , , , ,Yes, ,Yes, , , ,York South-Weston (11),11,23,Pelmo Park-Humberlea (23)
2011,05-01-2011 10:30,Major Arterial,Scarborough,43.78574538,-79.28949029,Yes,Clear,Natural,Wet,Non-Fatal Injury,Vehicle Owner,unknown,unknown,Unknown,Yes, ,Yes, , , , , , , , , , ,Scarborough-Agincourt (40),40,118,Tam O'Shanter-Sullivan (118)
2009,05-06-2009 09:30,Major Arterial,Etobicoke York,43.73374538,-79.60669029,Yes,Clear,Natural,Dry,Fatal,Driver,35 to 39,None,West, , ,Yes,Yes, , , , , ,Yes, , , ,Etobicoke North (1),1,1,West Humber-Clairville (1)
2014,17-08-2014 09:30,Minor Arterial,Toronto East York,43.65709265,-79.42374811,No,Clear,Natural,Dry,Non-Fatal Injury,Motorcycle Driver,30 to 34,Major,North, , ,Yes,Yes, , , ,Yes, , , , , ,Trinity-Spadina (19),19,80,Palmerston-Little Italy (80)
2007,29-09-2007 09:30,Major Arterial,Etobicoke York,43.71124538,-79.53519029,Yes,Clear,Natural,Dry,Non-Fatal Injury,Passenger,55 to 59,Minor,Unknown, , ,Yes, , , , ,Yes, ,Yes, , , ,York South-Weston (11),11,23,Pelmo Park-Humberlea (23)
2014,17-08-2014 09:30,Minor Arterial,Toronto East York,43.65709265,-79.42374811,No,Clear,Natural,Dry,Non-Fatal Injury,Passenger,50 to 54,None,Unknown, , ,Yes,Yes, , , ,Yes, , , , , ,Trinity-Spadina (19),19,80,Palmerston-Little Italy (80)
2011,05-01-2011 10:30,Major Arterial,Scarborough,43.78574538,-79.28949029,Yes,Clear,Natural,Wet,Non-Fatal Injury,Driver,20 to 24,None,North,Yes, ,Yes, , , , , , , , , , ,Scarborough-Agincourt (40),40,118,Tam O'Shanter-Sullivan (118)
2017,06-07-2017 09:30,Major Arterial,Toronto East York,43.68791922,-79.30256281,No,Clear,Natural,Dry,Non-Fatal Injury,Driver,55 to 59,None,West, ,Yes,Yes, , , , , , ,Yes, , , ,Beaches-East York (32),32,62,East End-Danforth (62)
2013,15-08-2013 09:30,Major Arterial,Toronto East York,43.65129812,-79.41090784,Yes,Clear,Natural,Dry,Non-Fatal Injury,Cyclist,50 to 54,Major,East, ,Yes,Yes, , , , , , , , , , ,Trinity-Spadina (19),19,81,Trinity-Bellwoods (81)
2007,29-09-2007 09:30,Major Arterial,Etobicoke York,43.71124538,-79.53519029,Yes,Clear,Natural,Dry,Non-Fatal Injury,Driver,45 to 49,Minor,West, , ,Yes, , , , ,Yes, ,Yes, , , ,York South-Weston (11),11,23,Pelmo Park-Humberlea (23)
2011,05-01-2011 10:30,Major Arterial,Scarborough,43.78574538,-79.28949029,Yes,Clear,Natural,Wet,Non-Fatal Injury,Pedestrian,75 to 79,Major,East,Yes, ,Yes, , , , , , , , , , ,Scarborough-Agincourt (40),40,118,Tam O'Shanter-Sullivan (118)
2014,17-08-2014 09:30,Minor Arterial,Toronto East York,43.65709265,-79.42374811,No,Clear,Natural,Dry,Non-Fatal Injury,Passenger,45 to 49,Minimal,Unknown, , ,Yes,Yes, , , ,Yes, , , , , ,Trinity-Spadina (19),19,80,Palmerston-Little Italy (80)
2017,12-07-2017 09:30,Minor Arterial,Toronto East York,43.66142615,-79.35091791,No,Rain,Natural,Wet,Non-Fatal Injury,Motorcycle Driver,45 to 49,Major,North, , , ,Yes, , , , , , , , , ,Toronto-Danforth (30),30,70,South Riverdale (70)
2017,06-07-2017 09:30,Major Arterial,Toronto East York,43.68791922,-79.30256281,No,Clear,Natural,Dry,Non-Fatal Injury,Cyclist,50 to 54,Major,East, ,Yes,Yes, , , , , , ,Yes, , , ,Beaches-East York (32),32,62,East End-Danforth (62)
2008,08-10-2008 09:30,Minor Arterial,Toronto East York,43.65814538,-79.38639029,No,Rain,Natural,Wet,Non-Fatal Injury,Driver,unknown,Major,Unknown, , ,Yes, , , , , , , , , , ,Toronto Centre-Rosedale (27),27,76,Bay Street Corridor (76)
2010,10-06-2010 09:30,Major Arterial,Scarborough,43.80024538,-79.19909029,Yes,Clear,Natural,Dry,Non-Fatal Injury,Vehicle Owner,unknown,unknown,Unknown,Yes, ,Yes, , , , , , , , , , ,Scarborough-Rouge River (42),42,132,Malvern (132)
2014,17-08-2014 09:30,Minor Arterial,Toronto East York,43.65709265,-79.42374811,No,Clear,Natural,Dry,Non-Fatal Injury,Passenger,5 to 9,Minimal,Unknown, , ,Yes,Yes, , , ,Yes, , , , , ,Trinity-Spadina (19),19,80,Palmerston-Little Italy (80)
2013,13-08-2013 09:30,Major Arterial,Etobicoke York,43.67795141,-79.44307337,Yes,Clear,Natural,Dry,Non-Fatal Injury,Vehicle Owner,unknown,unknown,Unknown, ,Yes, , , ,Yes, , , , , , , ,Davenport (17),17,92,Corso Italia-Davenport (92)
2008,08-09-2008 09:30,Major Arterial,North York,43.76354538,-79.49089029,Yes,Clear,Natural,Dry,Non-Fatal Injury,Vehicle Owner,unknown,unknown,Unknown,Yes, ,Yes, , , , , , , , , , ,York West (8),8,27,York University Heights (27)
2013,13-08-2013 09:30,Major Arterial,Etobicoke York,43.67795141,-79.44307337,Yes,Clear,Natural,Dry,Non-Fatal Injury,Driver,30 to 34,None,West, ,Yes, , , ,Yes, , , , , , , ,Davenport (17),17,92,Corso Italia-Davenport (92)
2008,08-09-2008 09:30,Major Arterial,North York,43.76354538,-79.49089029,Yes,Clear,Natural,Dry,Non-Fatal Injury,Driver,20 to 24,None,West,Yes, ,Yes, , , , , , , , , , ,York West (8),8,27,York University Heights (27)
2008,08-10-2008 09:30,Minor Arterial,Toronto East York,43.65814538,-79.38639029,No,Rain,Natural,Wet,Non-Fatal Injury,Driver,25 to 29,None,North, , ,Yes, , , , , , , , , , ,Toronto Centre-Rosedale (27),27,76,Bay Street Corridor (76)
2014,17-08-2014 09:30,Minor Arterial,Toronto East York,43.65709265,-79.42374811,No,Clear,Natural,Dry,Non-Fatal Injury,Passenger,35 to 39,Minimal,Unknown, , ,Yes,Yes, , , ,Yes, , , , , ,Trinity-Spadina (19),19,80,Palmerston-Little Italy (80)
2010,10-06-2010 09:30,Major Arterial,Scarborough,43.80024538,-79.19909029,Yes,Clear,Natural,Dry,Non-Fatal Injury,Driver,30 to 34,None,East,Yes, ,Yes, , , , , , , , , , ,Scarborough-Rouge River (42),42,132,Malvern (132)
2008,08-10-2008 09:30,Minor Arterial,Toronto East York,43.65814538,-79.38639029,No,Rain,Natural,Wet,Non-Fatal Injury,Vehicle Owner,unknown,None,Unknown, , ,Yes, , , , , , , , , , ,Toronto Centre-Rosedale (27),27,76,Bay Street Corridor (76)
2010,10-06-2010 09:30,Major Arterial,Scarborough,43.80024538,-79.19909029,Yes,Clear,Natural,Dry,Non-Fatal Injury,Pedestrian,30 to 34,Major,South,Yes, ,Yes, , , , , , , , , , ,Scarborough-Rouge River (42),42,132,Malvern (132)
2015,19-03-2015 09:30,Major Arterial,North York,43.79463919,-79.419201,No,Clear,Artificial,Dry,Fatal,Driver,unknown,None,East,Yes, ,Yes, , , , , , ,Yes, , , ,Willowdale (24),24,50,Newtonbrook East (50)
2013,13-08-2013 09:30,Major Arterial,Etobicoke York,43.67795141,-79.44307337,Yes,Clear,Natural,Dry,Non-Fatal Injury,Cyclist,55 to 59,Major,South, ,Yes, , , ,Yes, , , , , , , ,Davenport (17),17,92,Corso Italia-Davenport (92)
2008,08-09-2008 09:30,Major Arterial,North York,43.76354538,-79.49089029,Yes,Clear,Natural,Dry,Non-Fatal Injury,Pedestrian,45 to 49,Major,South,Yes, ,Yes, , , , , , , , , , ,York West (8),8,27,York University Heights (27)
2009,21-06-2009 09:30,Major Arterial,Scarborough,43.68774538,-79.27089029,Yes,Clear,Natural,Dry,Non-Fatal Injury,Driver,unknown,None,South, ,Yes,Yes, , , , , , ,Yes, , , ,Scarborough Southwest (36),36,122,Birchcliffe-Cliffside (122)
2014,20-08-2014 09:30,Major Arterial,Scarborough,43.72337301,-79.30208979,Yes,Clear,Natural,Dry,Fatal,Pedestrian,75 to 79,Major,East,Yes, ,Yes, , , , , , ,Yes, , , ,Scarborough Southwest (35),35,120,Clairlea-Birchmount (120)
2014,20-08-2014 09:30,Major Arterial,Scarborough,43.72337301,-79.30208979,Yes,Clear,Natural,Dry,Fatal,Driver,55 to 59,None,West,Yes, ,Yes, , , , , , ,Yes, , , ,Scarborough Southwest (35),35,120,Clairlea-Birchmount (120)
2014,20-08-2014 09:30,Major Arterial,Scarborough,43.72337301,-79.30208979,Yes,Clear,Natural,Dry,Fatal,Pedestrian,75 to 79,Fatal,East,Yes, ,Yes, , , , , , ,Yes, , , ,Scarborough Southwest (35),35,120,Clairlea-Birchmount (120)
2015,04-03-2015 10:30,Major Arterial,Scarborough,43.81296118,-79.24306879,Yes,Clear,Natural,Dry,Fatal,Pedestrian,60 to 64,Fatal,Unknown,Yes, , , ,Yes, , , , ,Yes, , , ,Scarborough-Rouge River (42),42,132,Malvern (132)
2015,04-03-2015 10:30,Major Arterial,Scarborough,43.81296118,-79.24306879,Yes,Clear,Natural,Dry,Fatal,Truck Driver,35 to 39,None,West,Yes, , , ,Yes, , , , ,Yes, , , ,Scarborough-Rouge River (42),42,132,Malvern (132)
2007,27-09-2007 09:30,Major Arterial,North York,43.72094538,-79.33899029,No,Clear,Natural,Dry,Non-Fatal Injury,Driver,45 to 49,None,South, , ,Yes, , , , , , ,Yes, , , ,Don Valley West (26),26,42,Banbury-Don Mills (42)
2007,27-09-2007 09:30,Major Arterial,North York,43.72094538,-79.33899029,No,Clear,Natural,Dry,Non-Fatal Injury,Driver,60 to 64,Major,South, , ,Yes, , , , , , ,Yes, , , ,Don Valley West (26),26,42,Banbury-Don Mills (42)
2007,27-09-2007 09:30,Major Arterial,North York,43.72094538,-79.33899029,No,Clear,Natural,Dry,Non-Fatal Injury,Vehicle Owner,unknown,unknown,Unknown, , ,Yes, , , , , , ,Yes, , , ,Don Valley West (26),26,42,Banbury-Don Mills (42)
2007,27-09-2007 09:30,Major Arterial,North York,43.72094538,-79.33899029,No,Clear,Natural,Dry,Non-Fatal Injury,Driver,25 to 29,Minimal,South, , ,Yes, , , , , , ,Yes, , , ,Don Valley West (26),26,42,Banbury-Don Mills (42)
2009,07-01-2009 10:30,Major Arterial,North York,43.69344538,-79.46029029,No,Snow,Natural,Slush/Ice,Non-Fatal Injury,Vehicle Owner,unknown,unknown,Unknown,Yes, , , , ,Yes, , , , , , , ,Davenport (17),17,109,Caledonia-Fairbank (109)
2009,07-01-2009 10:30,Major Arterial,North York,43.69344538,-79.46029029,No,Snow,Natural,Slush/Ice,Non-Fatal Injury,Driver,50 to 54,None,West,Yes, , , , ,Yes, , , , , , , ,Davenport (17),17,109,Caledonia-Fairbank (109)
2009,07-01-2009 10:30,Major Arterial,North York,43.69344538,-79.46029029,No,Snow,Natural,Slush/Ice,Non-Fatal Injury,Pedestrian,55 to 59,Major,Unknown,Yes, , , , ,Yes, , , , , , , ,Davenport (17),17,109,Caledonia-Fairbank (109)
2009,09-01-2009 10:30,Minor Arterial,Toronto East York,43.66814538,-79.34039029,Yes,Clear,Natural,Wet,Non-Fatal Injury,Driver,65 to 69,None,West,Yes, ,Yes, , , , , , ,Yes, , , ,Toronto-Danforth (30),30,70,South Riverdale (70)
2009,09-01-2009 10:30,Minor Arterial,Toronto East York,43.66814538,-79.34039029,Yes,Clear,Natural,Wet,Non-Fatal Injury,Pedestrian,50 to 54,Major,East,Yes, ,Yes, , , , , , ,Yes, , , ,Toronto-Danforth (30),30,70,South Riverdale (70)
2010,02-09-2010 09:30,Major Arterial,Toronto East York,43.65284538,-79.43109029,No,Clear,Natural,Dry,Non-Fatal Injury,Driver,40 to 44,None,West, ,Yes,Yes, , , , , , , , , , ,Davenport (18),18,84,Little Portugal (84)
2010,02-09-2010 09:30,Major Arterial,Toronto East York,43.65284538,-79.43109029,No,Clear,Natural,Dry,Non-Fatal Injury,Cyclist,45 to 49,Major,North, ,Yes,Yes, , , , , , , , , , ,Davenport (18),18,84,Little Portugal (84)
2011,04-01-2011 10:30,Major Arterial,North York,43.69104538,-79.44829029,No,Clear,Natural,Dry,Non-Fatal Injury,Driver,60 to 64,Major,North, , ,Yes, , , , , , , , , , ,Eglinton-Lawrence (15),15,107,Oakwood Village (107)
2011,04-01-2011 10:30,Major Arterial,North York,43.69104538,-79.44829029,No,Clear,Natural,Dry,Non-Fatal Injury,Driver,30 to 34,None,South, , ,Yes, , , , , , , , , , ,Eglinton-Lawrence (15),15,107,Oakwood Village (107)
2011,04-01-2011 10:30,Major Arterial,North York,43.69104538,-79.44829029,No,Clear,Natural,Dry,Non-Fatal Injury,Driver,30 to 34,Minimal,South, , ,Yes, , , , , , , , , , ,Eglinton-Lawrence (15),15,107,Oakwood Village (107)
2011,16-08-2011 09:30,Minor Arterial,Toronto East York,43.64174538,-79.39189029,No,Clear,Natural,Dry,Non-Fatal Injury,Driver,unknown,None,West, ,Yes,Yes, , , , , , ,Yes, , , ,Trinity-Spadina (20),20,77,Waterfront Communities-The Island (77)
2011,16-08-2011 09:30,Minor Arterial,Toronto East York,43.64174538,-79.39189029,No,Clear,Natural,Dry,Non-Fatal Injury,Cyclist,25 to 29,Major,West, ,Yes,Yes, , , , , , ,Yes, , , ,Trinity-Spadina (20),20,77,Waterfront Communities-The Island (77)
2012,04-07-2012 09:30,Major Arterial,Etobicoke York,43.61404538,-79.52359029,No,Clear,Natural,Dry,Non-Fatal Injury,Motorcycle Driver,25 to 29,None,South,Yes, , ,Yes, , , , , , , , , ,Etobicoke-Lakeshore (6),6,17,Mimico (includes Humber Bay Shores) (17)
2012,04-07-2012 09:30,Major Arterial,Etobicoke York,43.61404538,-79.52359029,No,Clear,Natural,Dry,Non-Fatal Injury,Pedestrian,55 to 59,Major,East,Yes, , ,Yes, , , , , , , , , ,Etobicoke-Lakeshore (6),6,17,Mimico (includes Humber Bay Shores) (17)
2012,31-08-2012 09:30,Major Arterial,Scarborough,43.71204538,-79.28099029,Yes,Clear,Natural,Dry,Non-Fatal Injury,Driver,45 to 49,None,South, , ,Yes, , , , ,Yes, ,Yes,Yes, , ,Scarborough Southwest (35),35,120,Clairlea-Birchmount (120)
2012,31-08-2012 09:30,Major Arterial,Scarborough,43.71204538,-79.28099029,Yes,Clear,Natural,Dry,Non-Fatal Injury,Passenger,65 to 69,Major,Unknown, , ,Yes, , , , ,Yes, ,Yes,Yes, , ,Scarborough Southwest (35),35,120,Clairlea-Birchmount (120)
2012,31-08-2012 09:30,Major Arterial,Scarborough,43.71204538,-79.28099029,Yes,Clear,Natural,Dry,Non-Fatal Injury,Driver,15 to 19,Minimal,East, , ,Yes, , , , ,Yes, ,Yes,Yes, , ,Scarborough Southwest (35),35,120,Clairlea-Birchmount (120)
2012,31-08-2012 09:30,Major Arterial,Scarborough,43.71204538,-79.28099029,Yes,Clear,Natural,Dry,Non-Fatal Injury,Driver,40 to 44,Minor,West, , ,Yes, , , , ,Yes, ,Yes,Yes, , ,Scarborough Southwest (35),35,120,Clairlea-Birchmount (120)
2013,30-09-2013 09:30,Major Arterial,North York,43.71306952,-79.36722193,Yes,Clear,Natural,Dry,Non-Fatal Injury,Motorcycle Driver,20 to 24,Major,West, , ,Yes,Yes, , , , , ,Yes, , , ,Don Valley West (26),26,56,Leaside-Bennington (56)
2013,30-09-2013 09:30,Major Arterial,North York,43.71306952,-79.36722193,Yes,Clear,Natural,Dry,Non-Fatal Injury,Driver,45 to 49,None,East, , ,Yes,Yes, , , , , ,Yes, , , ,Don Valley West (26),26,56,Leaside-Bennington (56)
2014,12-10-2014 09:30,Minor Arterial,Etobicoke York,43.65702399,-79.5552331,Yes,Clear,Natural,Dry,Non-Fatal Injury,Driver,45 to 49,None,North, , ,Yes, , , ,Yes,Yes, ,Yes,Yes, , ,Etobicoke Centre (3),3,14,Islington-City Centre West (14)
2014,12-10-2014 09:30,Minor Arterial,Etobicoke York,43.65702399,-79.5552331,Yes,Clear,Natural,Dry,Non-Fatal Injury,Driver,90 to 94,Minimal,West, , ,Yes, , , ,Yes,Yes, ,Yes,Yes, , ,Etobicoke Centre (3),3,14,Islington-City Centre West (14)
2014,12-10-2014 09:30,Minor Arterial,Etobicoke York,43.65702399,-79.5552331,Yes,Clear,Natural,Dry,Non-Fatal Injury,Passenger,45 to 49,None,Unknown, , ,Yes, , , ,Yes,Yes, ,Yes,Yes, , ,Etobicoke Centre (3),3,14,Islington-City Centre West (14)
2014,12-10-2014 09:30,Minor Arterial,Etobicoke York,43.65702399,-79.5552331,Yes,Clear,Natural,Dry,Non-Fatal Injury,Passenger,30 to 34,None,Unknown, , ,Yes, , , ,Yes,Yes, ,Yes,Yes, , ,Etobicoke Centre (3),3,14,Islington-City Centre West (14)
2014,12-10-2014 09:30,Minor Arterial,Etobicoke York,43.65702399,-79.5552331,Yes,Clear,Natural,Dry,Non-Fatal Injury,Passenger,35 to 39,None,Unknown, , ,Yes, , , ,Yes,Yes, ,Yes,Yes, , ,Etobicoke Centre (3),3,14,Islington-City Centre West (14)
2014,12-10-2014 09:30,Minor Arterial,Etobicoke York,43.65702399,-79.5552331,Yes,Clear,Natural,Dry,Non-Fatal Injury,Passenger,85 to 89,Major,Unknown, , ,Yes, , , ,Yes,Yes, ,Yes,Yes, , ,Etobicoke Centre (3),3,14,Islington-City Centre West (14)
2015,31-10-2015 09:30,Major Arterial,Scarborough,43.79252203,-79.24520502,No,Clear,Natural,Dry,Non-Fatal Injury,Driver,65 to 69,None,West,Yes, ,Yes, , , , ,Yes, , , , , ,Scarborough-Rouge River (42),42,128,Agincourt South-Malvern West (128)
2015,31-10-2015 09:30,Major Arterial,Scarborough,43.79252203,-79.24520502,No,Clear,Natural,Dry,Non-Fatal Injury,Passenger,55 to 59,None,Unknown,Yes, ,Yes, , , , ,Yes, , , , , ,Scarborough-Rouge River (42),42,128,Agincourt South-Malvern West (128)
2015,31-10-2015 09:30,Major Arterial,Scarborough,43.79252203,-79.24520502,No,Clear,Natural,Dry,Non-Fatal Injury,Passenger,45 to 49,None,Unknown,Yes, ,Yes, , , , ,Yes, , , , , ,Scarborough-Rouge River (42),42,128,Agincourt South-Malvern West (128)
2015,31-10-2015 09:30,Major Arterial,Scarborough,43.79252203,-79.24520502,No,Clear,Natural,Dry,Non-Fatal Injury,Pedestrian,10 to 14,Major,Unknown,Yes, ,Yes, , , , ,Yes, , , , , ,Scarborough-Rouge River (42),42,128,Agincourt South-Malvern West (128)
2015,08-11-2015 10:30,Minor Arterial,Scarborough,43.81947668,-79.2646905,No,Clear,Natural,Dry,Non-Fatal Injury,Driver,55 to 59,None,East, , ,Yes, , , , ,Yes, , , ,Yes, ,Scarborough-Rouge River (41),41,130,Milliken (130)
2015,08-11-2015 10:30,Minor Arterial,Scarborough,43.81947668,-79.2646905,No,Clear,Natural,Dry,Non-Fatal Injury,Driver,65 to 69,Minor,West, , ,Yes, , , , ,Yes, , , ,Yes, ,Scarborough-Rouge River (41),41,130,Milliken (130)
2015,08-11-2015 10:30,Minor Arterial,Scarborough,43.81947668,-79.2646905,No,Clear,Natural,Dry,Non-Fatal Injury,Passenger,40 to 44,Minimal,Unknown, , ,Yes, , , , ,Yes, , , ,Yes, ,Scarborough-Rouge River (41),41,130,Milliken (130)
2015,08-11-2015 10:30,Minor Arterial,Scarborough,43.81947668,-79.2646905,No,Clear,Natural,Dry,Non-Fatal Injury,Passenger,55 to 59,Major,Unknown, , ,Yes, , , , ,Yes, , , ,Yes, ,Scarborough-Rouge River (41),41,130,Milliken (130)
2009,01-06-2009 09:30,Minor Arterial,Toronto East York,43.66674538,-79.31479029,Yes,Clear,Natural,Dry,Non-Fatal Injury,Driver,35 to 39,Minor,North,Yes, ,Yes, , , , , , ,Yes, , , ,Beaches-East York (32),32,63,The Beaches (63)
2009,01-06-2009 09:30,Minor Arterial,Toronto East York,43.66674538,-79.31479029,Yes,Clear,Natural,Dry,Non-Fatal Injury,Pedestrian,35 to 39,Major,West,Yes, ,Yes, , , , , , ,Yes, , , ,Beaches-East York (32),32,63,The Beaches (63)
2012,25-07-2012 09:30,Collector,Scarborough,43.78334538,-79.30029029,No,Clear,Natural,Dry,Non-Fatal Injury,Vehicle Owner,unknown,unknown,Unknown, , ,Yes,Yes, , , , , ,Yes, , , ,Scarborough-Agincourt (40),40,118,Tam O'Shanter-Sullivan (118)
2012,25-07-2012 09:30,Collector,Scarborough,43.78334538,-79.30029029,No,Clear,Natural,Dry,Non-Fatal Injury,Motorcycle Driver,25 to 29,Major,East, , ,Yes,Yes, , , , , ,Yes, , , ,Scarborough-Agincourt (40),40,118,Tam O'Shanter-Sullivan (118)
2012,25-07-2012 09:30,Collector,Scarborough,43.78334538,-79.30029029,No,Clear,Natural,Dry,Non-Fatal Injury,Vehicle Owner,unknown,unknown,Unknown, , ,Yes,Yes, , , , , ,Yes, , , ,Scarborough-Agincourt (40),40,118,Tam O'Shanter-Sullivan (118)
2012,25-07-2012 09:30,Collector,Scarborough,43.78334538,-79.30029029,No,Clear,Natural,Dry,Non-Fatal Injury,Driver,35 to 39,None,South, , ,Yes,Yes, , , , , ,Yes, , , ,Scarborough-Agincourt (40),40,118,Tam O'Shanter-Sullivan (118)
2007,02-11-2007 09:30,Minor Arterial,Scarborough,43.77694538,-79.25449029,No,Clear,Natural,Dry,Non-Fatal Injury,Driver,55 to 59,None,East, ,Yes,Yes, , , , , , , , , , ,Scarborough Centre (38),38,127,Bendale (127)
2007,02-11-2007 09:30,Minor Arterial,Scarborough,43.77694538,-79.25449029,No,Clear,Natural,Dry,Non-Fatal Injury,Cyclist,45 to 49,Major,North, ,Yes,Yes, , , , , , , , , , ,Scarborough Centre (38),38,127,Bendale (127)
2010,16-04-2010 09:30,Major Arterial,Toronto East York,43.63704538,-79.44769029,Yes,Clear,Natural,Dry,Non-Fatal Injury,Vehicle Owner,unknown,unknown,Unknown,Yes, , , , ,Yes, , , , , , , ,Parkdale-High Park (14),14,85,South Parkdale (85)