YEAR,DATE,ROAD_CLASS,District,LATITUDE,LONGITUDE,TRAFFCTL,VISIBILITY,LIGHT,RDSFCOND,ACCLASS,INVTYPE,INVAGE,INJURY,INITDIR,PEDESTRIAN,CYCLIST,AUTOMOBILE,MOTORCYCLE,TRUCK,TRSN_CITY_VEH,EMERG_VEH,PASSENGER,SPEEDING,AG_DRIV,REDLIGHT,ALCOHOL,DISABILITY,Ward_Name,Ward_ID,Hood_ID,Hood_Name
2010,16-04-2010 09:30,Major Arterial,Toronto East York,43.63704538,-79.44769029,Yes,Clear,Natural,Dry,Non-Fatal Injury,Driver,35 to 39,None,East,Yes, , , , ,Yes, , , , , , , ,Parkdale-High Park (14),14,85,South Parkdale (85)
2010,16-04-2010 09:30,Major Arterial,Toronto East York,43.63704538,-79.44769029,Yes,Clear,Natural,Dry,Non-Fatal Injury,Pedestrian,55 to 59,Major,North,Yes, , , , ,Yes, , , , , , , ,Parkdale-High Park (14),14,85,South Parkdale (85)
2016,06-09-2016 09:30,Local,Etobicoke York,43.7229801,-79.62006769,Yes,Clear,Natural,Dry,Non-Fatal Injury,Driver,25 to 29,None,South, , ,Yes, , , , ,Yes,Yes,Yes, , , ,Etobicoke North (2),2,1,West Humber-Clairville (1)
2016,06-09-2016 09:30,Local,Etobicoke York,43.7229801,-79.62006769,Yes,Clear,Natural,Dry,Non-Fatal Injury,Driver,50 to 54,Major,West, , ,Yes, , , , ,Yes,Yes,Yes, , , ,Etobicoke North (2),2,1,West Humber-Clairville (1)
2016,06-09-2016 09:30,Local,Etobicoke York,43.7229801,-79.62006769,Yes,Clear,Natural,Dry,Non-Fatal Injury,Passenger,25 to 29,None,Unknown, , ,Yes, , , , ,Yes,Yes,Yes, , , ,Etobicoke North (2),2,1,West Humber-Clairville (1)
2016,06-09-2016 09:30,Local,Etobicoke York,43.7229801,-79.62006769,Yes,Clear,Natural,Dry,Non-Fatal Injury,Passenger,15 to 19,None,Unknown, , ,Yes, , , , ,Yes,Yes,Yes, , , ,Etobicoke North (2),2,1,West Humber-Clairville (1)
2012,27-04-2012 09:30,Major Arterial,Scarborough,43.72214538,-79.30159029,No,Clear,Natural,Dry,Non-Fatal Injury,Driver,50 to 54,None,West,Yes, ,Yes, , , , , , ,Yes, , , ,Scarborough Southwest (35),35,120,Clairlea-Birchmount (120)
2012,27-04-2012 09:30,Major Arterial,Scarborough,43.72214538,-79.30159029,No,Clear,Natural,Dry,Non-Fatal Injury,Pedestrian,70 to 74,Major,East,Yes, ,Yes, , , , , , ,Yes, , , ,Scarborough Southwest (35),35,120,Clairlea-Birchmount (120)
2012,09-12-2012 10:30,Major Arterial,Toronto East York,43.64426764,-79.37584315,Yes,Rain,Artificial,Wet,Non-Fatal Injury,Vehicle Owner,unknown,unknown,Unknown, , ,Yes, , , , ,Yes, ,Yes,Yes, , ,Toronto Centre-Rosedale (28),28,77,Waterfront Communities-The Island (77)
2012,09-12-2012 10:30,Major Arterial,Toronto East York,43.64426764,-79.37584315,Yes,Rain,Artificial,Wet,Non-Fatal Injury,Driver,35 to 39,Major,West, , ,Yes, , , , ,Yes, ,Yes,Yes, , ,Toronto Centre-Rosedale (28),28,77,Waterfront Communities-The Island (77)
2012,09-12-2012 10:30,Major Arterial,Toronto East York,43.64426764,-79.37584315,Yes,Rain,Artificial,Wet,Non-Fatal Injury,Passenger,0 to 4,Minimal,Unknown, , ,Yes, , , , ,Yes, ,Yes,Yes, , ,Toronto Centre-Rosedale (28),28,77,Waterfront Communities-The Island (77)
2012,09-12-2012 10:30,Major Arterial,Toronto East York,43.64426764,-79.37584315,Yes,Rain,Artificial,Wet,Non-Fatal Injury,Driver,45 to 49,Minor,West, , ,Yes, , , , ,Yes, ,Yes,Yes, , ,Toronto Centre-Rosedale (28),28,77,Waterfront Communities-The Island (77)
2012,09-12-2012 10:30,Major Arterial,Toronto East York,43.64426764,-79.37584315,Yes,Rain,Artificial,Wet,Non-Fatal Injury,Driver,65 to 69,None,South, , ,Yes, , , , ,Yes, ,Yes,Yes, , ,Toronto Centre-Rosedale (28),28,77,Waterfront Communities-The Island (77)
2014,28-03-2014 09:30,Major Arterial,Toronto East York,43.64741095,-79.40282069,No,Clear,Natural,Dry,Non-Fatal Injury,Driver,25 to 29,None,East,Yes, ,Yes, , , , , , , , , , ,Trinity-Spadina (20),20,77,Waterfront Communities-The Island (77)
2014,28-03-2014 09:30,Major Arterial,Toronto East York,43.64741095,-79.40282069,No,Clear,Natural,Dry,Non-Fatal Injury,Pedestrian,40 to 44,Major,South,Yes, ,Yes, , , , , , , , , , ,Trinity-Spadina (20),20,77,Waterfront Communities-The Island (77)
2015,27-11-2015 10:30,Major Arterial,Etobicoke York,43.72343024,-79.57235346,Yes,Clear,Artificial,Wet,Non-Fatal Injury,Driver,25 to 29,Minor,North, , ,Yes, , , , ,Yes, ,Yes, , , ,Etobicoke North (2),2,4,Rexdale-Kipling (4)
2015,27-11-2015 10:30,Major Arterial,Etobicoke York,43.72343024,-79.57235346,Yes,Clear,Artificial,Wet,Non-Fatal Injury,Driver,45 to 49,Minor,North, , ,Yes, , , , ,Yes, ,Yes, , , ,Etobicoke North (2),2,4,Rexdale-Kipling (4)
2015,27-11-2015 10:30,Major Arterial,Etobicoke York,43.72343024,-79.57235346,Yes,Clear,Artificial,Wet,Non-Fatal Injury,Driver,50 to 54,Major,North, , ,Yes, , , , ,Yes, ,Yes, , , ,Etobicoke North (2),2,4,Rexdale-Kipling (4)
2015,27-11-2015 10:30,Major Arterial,Etobicoke York,43.72343024,-79.57235346,Yes,Clear,Artificial,Wet,Non-Fatal Injury,Passenger,5 to 9,None,Unknown, , ,Yes, , , , ,Yes, ,Yes, , , ,Etobicoke North (2),2,4,Rexdale-Kipling (4)
2015,27-11-2015 10:30,Major Arterial,Etobicoke York,43.72343024,-79.57235346,Yes,Clear,Artificial,Wet,Non-Fatal Injury,Passenger,0 to 4,None,Unknown, , ,Yes, , , , ,Yes, ,Yes, , , ,Etobicoke North (2),2,4,Rexdale-Kipling (4)
2016,15-06-2016 09:30,Major Arterial,North York,43.78292807,-79.4010583,No,Clear,Natural,Dry,Non-Fatal Injury,Driver,40 to 44,None,West,Yes, ,Yes, , , , , , , , , , ,Willowdale (23),23,51,Willowdale East (51)
2016,15-06-2016 09:30,Major Arterial,North York,43.78292807,-79.4010583,No,Clear,Natural,Dry,Non-Fatal Injury,Pedestrian,20 to 24,Major,North,Yes, ,Yes, , , , , , , , , , ,Willowdale (23),23,51,Willowdale East (51)
2007,01-01-2007 10:30,Minor Arterial,North York,43.76864538,-79.42669029,Yes,Clear,Natural,Wet,Non-Fatal Injury,Passenger,15 to 19,None,Unknown,Yes, ,Yes, , , , ,Yes, ,Yes, , , ,Willowdale (23),23,37,Willowdale West (37)
2007,01-01-2007 10:30,Minor Arterial,North York,43.76864538,-79.42669029,Yes,Clear,Natural,Wet,Non-Fatal Injury,Driver,15 to 19,None,South,Yes, ,Yes, , , , ,Yes, ,Yes, , , ,Willowdale (23),23,37,Willowdale West (37)
2007,01-01-2007 10:30,Minor Arterial,North York,43.76864538,-79.42669029,Yes,Clear,Natural,Wet,Non-Fatal Injury,Pedestrian,65 to 69,Major,West,Yes, ,Yes, , , , ,Yes, ,Yes, , , ,Willowdale (23),23,37,Willowdale West (37)
2007,10-04-2007 09:30,Local,North York,43.79644538,-79.41909029,No,Clear,Natural,Dry,Non-Fatal Injury,Driver,55 to 59,None,West,Yes, ,Yes, , , , , , , , , , ,Willowdale (24),24,50,Newtonbrook East (50)
2007,10-04-2007 09:30,Local,North York,43.79644538,-79.41909029,No,Clear,Natural,Dry,Non-Fatal Injury,Pedestrian,15 to 19,Major,Unknown,Yes, ,Yes, , , , , , , , , , ,Willowdale (24),24,50,Newtonbrook East (50)
2007,15-05-2007 09:30,Local,Scarborough,43.78234538,-79.28629029,No,Clear,Natural,Dry,Non-Fatal Injury,Motorcycle Driver,25 to 29,Major,North, , ,Yes,Yes, , , , , , , , , ,Scarborough-Agincourt (40),40,128,Agincourt South-Malvern West (128)
2007,15-05-2007 09:30,Local,Scarborough,43.78234538,-79.28629029,No,Clear,Natural,Dry,Non-Fatal Injury,Vehicle Owner,unknown,None,Unknown, , ,Yes,Yes, , , , , , , , , ,Scarborough-Agincourt (40),40,128,Agincourt South-Malvern West (128)
2007,15-05-2007 09:30,Local,Scarborough,43.78234538,-79.28629029,No,Clear,Natural,Dry,Non-Fatal Injury,Driver,20 to 24,None,North, , ,Yes,Yes, , , , , , , , , ,Scarborough-Agincourt (40),40,128,Agincourt South-Malvern West (128)
2007,06-06-2007 09:30,Collector,Toronto East York,43.65594538,-79.38639029,No,Clear,Natural,Dry,Non-Fatal Injury,Vehicle Owner,unknown,unknown,Unknown,Yes, , , , ,Yes, , , ,Yes, , , ,Toronto Centre-Rosedale (27),27,76,Bay Street Corridor (76)
2009,21-06-2009 09:30,Major Arterial,Scarborough,43.68774538,-79.27089029,Yes,Clear,Natural,Dry,Non-Fatal Injury,Cyclist,45 to 49,Major,South, ,Yes,Yes, , , , , , ,Yes, , , ,Scarborough Southwest (36),36,122,Birchcliffe-Cliffside (122)
2017,19-07-2017 09:30,Local,Toronto East York,43.67586138,-79.40736829,No,Clear,Natural,Dry,Non-Fatal Injury,Driver,10 to 14,Major,North, , ,Yes, , , , , ,Yes,Yes, , , ,St. Paul's (22),22,96,Casa Loma (96)
2009,09-06-2009 09:30,Major Arterial,North York,43.79224538,-79.39359029,Yes,Clear,Natural,Dry,Non-Fatal Injury,Pedestrian,60 to 64,Major,North,Yes, ,Yes, , , , , , , , , , ,Willowdale (24),24,50,Newtonbrook East (50)
2009,22-06-2009 09:30,Major Arterial,Etobicoke York,43.66714538,-79.49179029,Yes,Clear,Natural,Dry,Non-Fatal Injury,Driver,65 to 69,None,North,Yes, ,Yes, , , , , , ,Yes, , , ,York South-Weston (11),11,111,Rockcliffe-Smythe (111)
2009,22-06-2009 09:30,Major Arterial,Etobicoke York,43.66714538,-79.49179029,Yes,Clear,Natural,Dry,Non-Fatal Injury,Pedestrian,55 to 59,Major,South,Yes, ,Yes, , , , , , ,Yes, , , ,York South-Weston (11),11,111,Rockcliffe-Smythe (111)
2009,09-06-2009 09:30,Major Arterial,North York,43.79224538,-79.39359029,Yes,Clear,Natural,Dry,Non-Fatal Injury,Vehicle Owner,unknown,unknown,Unknown,Yes, ,Yes, , , , , , , , , , ,Willowdale (24),24,50,Newtonbrook East (50)
2010,19-06-2010 09:30,Major Arterial,Toronto East York,43.66104538,-79.38479029,No,Clear,Natural,Dry,Non-Fatal Injury,Driver,50 to 54,None,East, ,Yes,Yes, , , , , , , , , , ,Toronto Centre-Rosedale (27),27,76,Bay Street Corridor (76)
2009,09-06-2009 09:30,Major Arterial,North York,43.79224538,-79.39359029,Yes,Clear,Natural,Dry,Non-Fatal Injury,Driver,20 to 24,None,West,Yes, ,Yes, , , , , , , , , , ,Willowdale (24),24,50,Newtonbrook East (50)
2011,23-09-2011 09:30,Minor Arterial,Toronto East York,43.66244538,-79.40479029,No,Rain,Natural,Wet,Non-Fatal Injury,Driver,35 to 39,None,East, ,Yes,Yes, , , , , , ,Yes, , , ,Trinity-Spadina (20),20,79,University (79)
2011,23-09-2011 09:30,Minor Arterial,Toronto East York,43.66244538,-79.40479029,No,Rain,Natural,Wet,Non-Fatal Injury,Cyclist,25 to 29,Major,West, ,Yes,Yes, , , , , , ,Yes, , , ,Trinity-Spadina (20),20,79,University (79)
2008,17-06-2008 09:30,Minor Arterial,Toronto East York,43.67074538,-79.43319029,Yes,Clear,Natural,Dry,Non-Fatal Injury,Driver,70 to 74,None,East, , ,Yes, , , , ,Yes, ,Yes, , , ,Davenport (17),17,93,Dovercourt-Wallace Emerson-Junction (93)
2008,17-06-2008 09:30,Minor Arterial,Toronto East York,43.67074538,-79.43319029,Yes,Clear,Natural,Dry,Non-Fatal Injury,Passenger,50 to 54,Major,Unknown, , ,Yes, , , , ,Yes, ,Yes, , , ,Davenport (17),17,93,Dovercourt-Wallace Emerson-Junction (93)
2008,17-06-2008 09:30,Minor Arterial,Toronto East York,43.67074538,-79.43319029,Yes,Clear,Natural,Dry,Non-Fatal Injury,Driver,50 to 54,None,South, , ,Yes, , , , ,Yes, ,Yes, , , ,Davenport (17),17,93,Dovercourt-Wallace Emerson-Junction (93)
2008,31-08-2008 09:30,Major Arterial,Scarborough,43.76864538,-79.25019029,No,Clear,Natural,Dry,Non-Fatal Injury,Driver,45 to 49,None,South, , ,Yes, , , , ,Yes, , , , , ,Scarborough Centre (38),38,137,Woburn (137)
2008,31-08-2008 09:30,Major Arterial,Scarborough,43.76864538,-79.25019029,No,Clear,Natural,Dry,Non-Fatal Injury,Driver,35 to 39,None,South, , ,Yes, , , , ,Yes, , , , , ,Scarborough Centre (38),38,137,Woburn (137)
2008,31-08-2008 09:30,Major Arterial,Scarborough,43.76864538,-79.25019029,No,Clear,Natural,Dry,Non-Fatal Injury,Passenger,25 to 29,Major,Unknown, , ,Yes, , , , ,Yes, , , , , ,Scarborough Centre (38),38,137,Woburn (137)
2008,31-08-2008 09:30,Major Arterial,Scarborough,43.76864538,-79.25019029,No,Clear,Natural,Dry,Non-Fatal Injury,Driver,30 to 34,None,North, , ,Yes, , , , ,Yes, , , , , ,Scarborough Centre (38),38,137,Woburn (137)
2017,19-07-2017 09:30,Local,Toronto East York,43.67586138,-79.40736829,No,Clear,Natural,Dry,Non-Fatal Injury,Driver,25 to 29,None,South, , ,Yes, , , , , ,Yes,Yes, , , ,St. Paul's (22),22,96,Casa Loma (96)
2015,19-03-2015 09:30,Major Arterial,North York,43.79463919,-79.419201,No,Clear,Artificial,Dry,Fatal,Pedestrian,80 to 84,Fatal,North,Yes, ,Yes, , , , , , ,Yes, , , ,Willowdale (24),24,50,Newtonbrook East (50)
2008,31-08-2008 09:30,Major Arterial,Scarborough,43.76864538,-79.25019029,No,Clear,Natural,Dry,Non-Fatal Injury,Driver,40 to 44,Minor,South, , ,Yes, , , , ,Yes, , , , , ,Scarborough Centre (38),38,137,Woburn (137)
2014,12-08-2014 09:30,Major Arterial,Toronto East York,43.67531546,-79.30849085,No,Clear,Natural,Dry,Non-Fatal Injury,Driver,40 to 44,None,South, , ,Yes,Yes, , , ,Yes, ,Yes, , , ,Beaches-East York (32),32,62,East End-Danforth (62)
2014,12-08-2014 09:30,Major Arterial,Toronto East York,43.67531546,-79.30849085,No,Clear,Natural,Dry,Non-Fatal Injury,Motorcycle Driver,35 to 39,Major,North, , ,Yes,Yes, , , ,Yes, ,Yes, , , ,Beaches-East York (32),32,62,East End-Danforth (62)
2014,12-08-2014 09:30,Major Arterial,Toronto East York,43.67531546,-79.30849085,No,Clear,Natural,Dry,Non-Fatal Injury,Passenger,10 to 14,None,Unknown, , ,Yes,Yes, , , ,Yes, ,Yes, , , ,Beaches-East York (32),32,62,East End-Danforth (62)
2007,06-05-2007 09:30,Minor Arterial,Toronto East York,43.66104538,-79.34009029,Yes,Clear,Natural,Dry,Non-Fatal Injury,Motorcycle Driver,25 to 29,Major,East, , ,Yes,Yes, , , ,Yes, , , , , ,Toronto-Danforth (30),30,70,South Riverdale (70)
2007,06-05-2007 09:30,Minor Arterial,Toronto East York,43.66104538,-79.34009029,Yes,Clear,Natural,Dry,Non-Fatal Injury,Passenger,15 to 19,None,Unknown, , ,Yes,Yes, , , ,Yes, , , , , ,Toronto-Danforth (30),30,70,South Riverdale (70)
2007,06-05-2007 09:30,Minor Arterial,Toronto East York,43.66104538,-79.34009029,Yes,Clear,Natural,Dry,Non-Fatal Injury,Driver,50 to 54,None,West, , ,Yes,Yes, , , ,Yes, , , , , ,Toronto-Danforth (30),30,70,South Riverdale (70)
2012,26-06-2012 09:30,Major Arterial,Toronto East York,43.65694538,-79.40519029,Yes,Clear,Natural,Dry,Non-Fatal Injury,Driver,45 to 49,None,West, ,Yes,Yes, , , , , , , , , , ,Trinity-Spadina (20),20,78,Kensington-Chinatown (78)
2012,26-06-2012 09:30,Major Arterial,Toronto East York,43.65694538,-79.40519029,Yes,Clear,Natural,Dry,Non-Fatal Injury,Cyclist,30 to 34,Major,West, ,Yes,Yes, , , , , , , , , , ,Trinity-Spadina (20),20,78,Kensington-Chinatown (78)
2012,11-07-2012 09:30,Major Arterial,Toronto East York,43.67974538,-79.39859029,No,Clear,Natural,Dry,Non-Fatal Injury,Driver,45 to 49,None,North,Yes, ,Yes, , , , , , , , , , ,St. Paul's (22),22,97,Yonge-St.Clair (97)
2012,11-07-2012 09:30,Major Arterial,Toronto East York,43.67974538,-79.39859029,No,Clear,Natural,Dry,Non-Fatal Injury,Pedestrian,20 to 24,Major,North,Yes, ,Yes, , , , , , , , , , ,St. Paul's (22),22,97,Yonge-St.Clair (97)
2012,05-09-2012 09:30,Local,North York,43.78134538,-79.41269029,No,Clear,Natural,Dry,Non-Fatal Injury,Driver,65 to 69,None,North,Yes, ,Yes, , , , , , ,Yes, , , ,Willowdale (24),24,50,Newtonbrook East (50)
2012,05-09-2012 09:30,Local,North York,43.78134538,-79.41269029,No,Clear,Natural,Dry,Non-Fatal Injury,Pedestrian,0 to 4,Major,East,Yes, ,Yes, , , , , , ,Yes, , , ,Willowdale (24),24,50,Newtonbrook East (50)
2013,25-08-2013 09:30,Minor Arterial,Etobicoke York,43.63142737,-79.5523263,Yes,Clear,Natural,Dry,Non-Fatal Injury,Vehicle Owner,unknown,unknown,Unknown, , ,Yes, , , , , , ,Yes,Yes, , ,Etobicoke-Lakeshore (5),5,14,Islington-City Centre West (14)
2013,25-08-2013 09:30,Minor Arterial,Etobicoke York,43.63142737,-79.5523263,Yes,Clear,Natural,Dry,Non-Fatal Injury,Driver,35 to 39,Major,North, , ,Yes, , , , , , ,Yes,Yes, , ,Etobicoke-Lakeshore (5),5,14,Islington-City Centre West (14)
2013,25-08-2013 09:30,Minor Arterial,Etobicoke York,43.63142737,-79.5523263,Yes,Clear,Natural,Dry,Non-Fatal Injury,Driver,25 to 29,None,South, , ,Yes, , , , , , ,Yes,Yes, , ,Etobicoke-Lakeshore (5),5,14,Islington-City Centre West (14)
2014,16-07-2014 09:30,Collector,North York,43.70477637,-79.3681222,Yes,Clear,Natural,Dry,Fatal,Driver,50 to 54,None,South,Yes, ,Yes, , , , , , ,Yes, , , ,Don Valley West (26),26,56,Leaside-Bennington (56)
2014,16-07-2014 09:30,Collector,North York,43.70477637,-79.3681222,Yes,Clear,Natural,Dry,Fatal,Pedestrian,5 to 9,Fatal,West,Yes, ,Yes, , , , , , ,Yes, , , ,Don Valley West (26),26,56,Leaside-Bennington (56)
2015,01-04-2015 09:30,Major Arterial,Etobicoke York,43.66638525,-79.53294764,No,Clear,Natural,Dry,Non-Fatal Injury,Driver,15 to 19,Minor,North, , ,Yes, , , , ,Yes, , , , , ,Etobicoke Centre (4),4,9,Edenbridge-Humber Valley (9)
2015,01-04-2015 09:30,Major Arterial,Etobicoke York,43.66638525,-79.53294764,No,Clear,Natural,Dry,Non-Fatal Injury,Driver,35 to 39,Minimal,North, , ,Yes, , , , ,Yes, , , , , ,Etobicoke Centre (4),4,9,Edenbridge-Humber Valley (9)
2015,01-04-2015 09:30,Major Arterial,Etobicoke York,43.66638525,-79.53294764,No,Clear,Natural,Dry,Non-Fatal Injury,Passenger,45 to 49,Major,Unknown, , ,Yes, , , , ,Yes, , , , , ,Etobicoke Centre (4),4,9,Edenbridge-Humber Valley (9)
2017,01-10-2017 09:30,Minor Arterial,Etobicoke York,43.6742893,-79.43461237,No,Clear,Natural,Dry,Non-Fatal Injury,Driver,40 to 44,None,West, ,Yes,Yes, , , , , , , , , , ,Davenport (17),17,94,Wychwood (94)
2017,01-10-2017 09:30,Minor Arterial,Etobicoke York,43.6742893,-79.43461237,No,Clear,Natural,Dry,Non-Fatal Injury,Cyclist,45 to 49,Major,East, ,Yes,Yes, , , , , , , , , , ,Davenport (17),17,94,Wychwood (94)
2008,28-04-2008 09:30,Major Arterial,North York,43.78104538,-79.44479029,No,Clear,Natural,Dry,Non-Fatal Injury,Driver,20 to 24,None,West, , ,Yes, , , , , , ,Yes, , , ,Willowdale (23),23,36,Newtonbrook West (36)
2008,28-04-2008 09:30,Major Arterial,North York,43.78104538,-79.44479029,No,Clear,Natural,Dry,Non-Fatal Injury,Vehicle Owner,unknown,unknown,Unknown, , ,Yes, , , , , , ,Yes, , , ,Willowdale (23),23,36,Newtonbrook West (36)
2008,28-04-2008 09:30,Major Arterial,North York,43.78104538,-79.44479029,No,Clear,Natural,Dry,Non-Fatal Injury,Driver,20 to 24,Major,North, , ,Yes, , , , , , ,Yes, , , ,Willowdale (23),23,36,Newtonbrook West (36)
2013,06-12-2013 10:30,Minor Arterial,Scarborough,43.75990256,-79.23611841,Yes,Clear,Natural,Dry,Non-Fatal Injury,Driver,30 to 34,None,West, , ,Yes, , , , , , ,Yes, , , ,Scarborough Centre (38),38,137,Woburn (137)
2013,06-12-2013 10:30,Minor Arterial,Scarborough,43.75990256,-79.23611841,Yes,Clear,Natural,Dry,Non-Fatal Injury,Driver,45 to 49,Major,North, , ,Yes, , , , , , ,Yes, , , ,Scarborough Centre (38),38,137,Woburn (137)
2016,02-02-2016 10:30,Major Arterial,Etobicoke York,43.74702414,-79.51508723,Yes,Clear,Natural,Dry,Non-Fatal Injury,Driver,40 to 44,None,West,Yes, ,Yes, , , , , , ,Yes, , , ,York Centre (9),9,25,Glenfield-Jane Heights (25)
2016,02-02-2016 10:30,Major Arterial,Etobicoke York,43.74702414,-79.51508723,Yes,Clear,Natural,Dry,Non-Fatal Injury,Pedestrian,55 to 59,Major,East,Yes, ,Yes, , , , , , ,Yes, , , ,York Centre (9),9,25,Glenfield-Jane Heights (25)
2017,05-05-2017 09:30,Collector,Toronto East York,43.67230538,-79.42729529,No,Rain,Natural,Wet,Non-Fatal Injury,Driver,75 to 79,Major,West, , ,Yes, , , , , , , , , , ,St. Paul's (21),21,94,Wychwood (94)
2011,22-09-2011 09:30,Major Arterial,Toronto East York,43.71054538,-79.30899029,Yes,Clear,Natural,Dry,Non-Fatal Injury,Driver,35 to 39,None,North,Yes, ,Yes, , , , , , , , , , ,Beaches-East York (31),31,54,O'Connor-Parkview (54)
2011,22-09-2011 09:30,Major Arterial,Toronto East York,43.71054538,-79.30899029,Yes,Clear,Natural,Dry,Non-Fatal Injury,Pedestrian,20 to 24,Major,West,Yes, ,Yes, , , , , , , , , , ,Beaches-East York (31),31,54,O'Connor-Parkview (54)
2016,21-08-2016 09:30,Major Arterial,Etobicoke York,43.74420889,-79.60750971,Yes,Clear,Natural,Dry,Non-Fatal Injury,Driver,35 to 39,None,West, , ,Yes, , , , ,Yes, , , , , ,Etobicoke North (1),1,1,West Humber-Clairville (1)
2016,21-08-2016 09:30,Major Arterial,Etobicoke York,43.74420889,-79.60750971,Yes,Clear,Natural,Dry,Non-Fatal Injury,Driver,40 to 44,None,East, , ,Yes, , , , ,Yes, , , , , ,Etobicoke North (1),1,1,West Humber-Clairville (1)
2016,21-08-2016 09:30,Major Arterial,Etobicoke York,43.74420889,-79.60750971,Yes,Clear,Natural,Dry,Non-Fatal Injury,Passenger,35 to 39,Major,Unknown, , ,Yes, , , , ,Yes, , , , , ,Etobicoke North (1),1,1,West Humber-Clairville (1)
2009,14-12-2009 10:30,Minor Arterial,Toronto East York,43.66874538,-79.33759029,Yes,Rain,Natural,Wet,Non-Fatal Injury,Vehicle Owner,unknown,unknown,Unknown,Yes, ,Yes, , , , , , , , , , ,Toronto-Danforth (30),30,70,South Riverdale (70)
2009,14-12-2009 10:30,Minor Arterial,Toronto East York,43.66874538,-79.33759029,Yes,Rain,Natural,Wet,Non-Fatal Injury,Driver,40 to 44,None,West,Yes, ,Yes, , , , , , , , , , ,Toronto-Danforth (30),30,70,South Riverdale (70)
2009,14-12-2009 10:30,Minor Arterial,Toronto East York,43.66874538,-79.33759029,Yes,Rain,Natural,Wet,Non-Fatal Injury,Pedestrian,40 to 44,Major,South,Yes, ,Yes, , , , , , , , , , ,Toronto-Danforth (30),30,70,South Riverdale (70)
2014,07-08-2014 09:30,Major Arterial,North York,43.78438147,-79.4166833,Yes,Clear,Natural,Dry,Fatal,Driver,25 to 29,Minor,South,Yes, ,Yes, , , , ,Yes, ,Yes,Yes, , ,Willowdale (24),24,50,Newtonbrook East (50)
2014,07-08-2014 09:30,Major Arterial,North York,43.78438147,-79.4166833,Yes,Clear,Natural,Dry,Fatal,Passenger,20 to 24,Major,Unknown,Yes, ,Yes, , , , ,Yes, ,Yes,Yes, , ,Willowdale (24),24,50,Newtonbrook East (50)
2014,07-08-2014 09:30,Major Arterial,North York,43.78438147,-79.4166833,Yes,Clear,Natural,Dry,Fatal,Driver,20 to 24,None,North,Yes, ,Yes, , , , ,Yes, ,Yes,Yes, , ,Willowdale (24),24,50,Newtonbrook East (50)
2014,07-08-2014 09:30,Major Arterial,North York,43.78438147,-79.4166833,Yes,Clear,Natural,Dry,Fatal,Passenger,20 to 24,None,Unknown,Yes, ,Yes, , , , ,Yes, ,Yes,Yes, , ,Willowdale (24),24,50,Newtonbrook East (50)
2014,07-08-2014 09:30,Major Arterial,North York,43.78438147,-79.4166833,Yes,Clear,Natural,Dry,Fatal,Pedestrian,40 to 44,Fatal,South,Yes, ,Yes, , , , ,Yes, ,Yes,Yes, , ,Willowdale (24),24,50,Newtonbrook East (50)
2015,26-12-2015 10:30,Major Arterial,Toronto East York,43.64372214,-79.42110071,No,Clear,Natural,Dry,Non-Fatal Injury,Driver,35 to 39,None,West,Yes, ,Yes, , , , , , , , , , ,Trinity-Spadina (19),19,82,Niagara (82)
2015,26-12-2015 10:30,Major Arterial,Toronto East York,43.64372214,-79.42110071,No,Clear,Natural,Dry,Non-Fatal Injury,Pedestrian,20 to 24,Major,Unknown,Yes, ,Yes, , , , , , , , , , ,Trinity-Spadina (19),19,82,Niagara (82)
2015,26-12-2015 10:30,Major Arterial,Toronto East York,43.64372214,-79.42110071,No,Clear,Natural,Dry,Non-Fatal Injury,Pedestrian,25 to 29,Minimal,Unknown,Yes, ,Yes, , , , , , , , , , ,Trinity-Spadina (19),19,82,Niagara (82)
2015,26-12-2015 10:30,Major Arterial,Toronto East York,43.64372214,-79.42110071,No,Clear,Natural,Dry,Non-Fatal Injury,Pedestrian,25 to 29,Minimal,Unknown,Yes, ,Yes, , , , , , , , , , ,Trinity-Spadina (19),19,82,Niagara (82)
2015,26-12-2015 10:30,Major Arterial,Toronto East York,43.64372214,-79.42110071,No,Clear,Natural,Dry,Non-Fatal Injury,Pedestrian,25 to 29,Minimal,Unknown,Yes, ,Yes, , , , , , , , , , ,Trinity-Spadina (19),19,82,Niagara (82)
2016,11-01-2016 10:30,Minor Arterial,Scarborough,43.82398947,-79.24780665,No,Clear,Natural,Dry,Non-Fatal Injury,Driver,55 to 59,None,West,Yes, ,Yes, , , , , , , , , , ,Scarborough-Rouge River (42),42,131,Rouge (131)
2016,11-01-2016 10:30,Minor Arterial,Scarborough,43.82398947,-79.24780665,No,Clear,Natural,Dry,Non-Fatal Injury,Pedestrian,30 to 34,Major,North,Yes, ,Yes, , , , , , , , , , ,Scarborough-Rouge River (42),42,131,Rouge (131)
2010,15-04-2010 09:30,Minor Arterial,Etobicoke York,43.66384538,-79.48139029,Yes,Clear,Natural,Dry,Non-Fatal Injury,Driver,55 to 59,Major,East, , ,Yes, , , , , , ,Yes,Yes, , ,Parkdale-High Park (13),13,90,Junction Area (90)
2010,15-04-2010 09:30,Minor Arterial,Etobicoke York,43.66384538,-79.48139029,Yes,Clear,Natural,Dry,Non-Fatal Injury,Driver,30 to 34,None,South, , ,Yes, , , , , , ,Yes,Yes, , ,Parkdale-High Park (13),13,90,Junction Area (90)