YEAR,DATE,ROAD_CLASS,District,LATITUDE,LONGITUDE,TRAFFCTL,VISIBILITY,LIGHT,RDSFCOND,ACCLASS,INVTYPE,INVAGE,INJURY,INITDIR,PEDESTRIAN,CYCLIST,AUTOMOBILE,MOTORCYCLE,TRUCK,TRSN_CITY_VEH,EMERG_VEH,PASSENGER,SPEEDING,AG_DRIV,REDLIGHT,ALCOHOL,DISABILITY,Ward_Name,Ward_ID,Hood_ID,Hood_Name
2010,16-07-2010 09:30,Major Arterial,Etobicoke York,43.66574538,-79.49119029,Yes,Clear,Natural,Dry,Fatal,Passenger,85 to 89,Fatal,Unknown, , ,Yes, , ,Yes, ,Yes,Yes,Yes, , , ,Parkdale-High Park (13),13,89,Runnymede-Bloor West Village (89)
2010,16-07-2010 09:30,Major Arterial,Etobicoke York,43.66574538,-79.49119029,Yes,Clear,Natural,Dry,Fatal,Passenger,90 to 94,Fatal,Unknown, , ,Yes, , ,Yes, ,Yes,Yes,Yes, , , ,Parkdale-High Park (13),13,89,Runnymede-Bloor West Village (89)
2010,16-07-2010 09:30,Major Arterial,Etobicoke York,43.66574538,-79.49119029,Yes,Clear,Natural,Dry,Fatal,Driver,25 to 29,None,South, , ,Yes, , ,Yes, ,Yes,Yes,Yes, , , ,Parkdale-High Park (13),13,89,Runnymede-Bloor West Village (89)
2010,16-07-2010 09:30,Major Arterial,Etobicoke York,43.66574538,-79.49119029,Yes,Clear,Natural,Dry,Fatal,Vehicle Owner,unknown,unknown,Unknown, , ,Yes, , ,Yes, ,Yes,Yes,Yes, , , ,Parkdale-High Park (13),13,89,Runnymede-Bloor West Village (89)
2010,16-07-2010 09:30,Major Arterial,Etobicoke York,43.66574538,-79.49119029,Yes,Clear,Natural,Dry,Fatal,Driver,45 to 49,None,North, , ,Yes, , ,Yes, ,Yes,Yes,Yes, , , ,Parkdale-High Park (13),13,89,Runnymede-Bloor West Village (89)
2008,28-05-2008 09:30,Major Arterial,Toronto East York,43.70186957,-79.35807429,Yes,Clear,Natural,Dry,Non-Fatal Injury,Motorcycle Driver,45 to 49,Major,East, , ,Yes,Yes, , , , ,Yes,Yes, , , ,Toronto-Danforth (29),29,56,Leaside-Bennington (56)
2008,28-05-2008 09:30,Major Arterial,Toronto East York,43.70186957,-79.35807429,Yes,Clear,Natural,Dry,Non-Fatal Injury,Driver,50 to 54,None,West, , ,Yes,Yes, , , , ,Yes,Yes, , , ,Toronto-Danforth (29),29,56,Leaside-Bennington (56)
2017,28-06-2017 09:30,Minor Arterial,Scarborough,43.82320746,-79.26314173,No,Clear,Natural,Dry,Non-Fatal Injury,Driver,65 to 69,None,North,Yes, ,Yes, , , , , , , , , , ,Scarborough-Rouge River (41),41,130,Milliken (130)
2017,28-06-2017 09:30,Minor Arterial,Scarborough,43.82320746,-79.26314173,No,Clear,Natural,Dry,Non-Fatal Injury,Pedestrian,15 to 19,Major,West,Yes, ,Yes, , , , , , , , , , ,Scarborough-Rouge River (41),41,130,Milliken (130)
2017,01-08-2017 09:30,Major Arterial,North York,43.78897038,-79.41778929,Yes,Clear,Natural,Dry,Non-Fatal Injury,Driver,20 to 24,None,South, , ,Yes, , , , ,Yes, ,Yes, , , ,Willowdale (24),24,50,Newtonbrook East (50)
2017,01-08-2017 09:30,Major Arterial,North York,43.78897038,-79.41778929,Yes,Clear,Natural,Dry,Non-Fatal Injury,Driver,60 to 64,None,North, , ,Yes, , , , ,Yes, ,Yes, , , ,Willowdale (24),24,50,Newtonbrook East (50)
2017,01-08-2017 09:30,Major Arterial,North York,43.78897038,-79.41778929,Yes,Clear,Natural,Dry,Non-Fatal Injury,Passenger,35 to 39,Major,Unknown, , ,Yes, , , , ,Yes, ,Yes, , , ,Willowdale (24),24,50,Newtonbrook East (50)
2013,14-09-2013 09:30,Major Arterial,Toronto East York,43.65549048,-79.39907465,No,Clear,Natural,Dry,Non-Fatal Injury,Vehicle Owner,unknown,unknown,Unknown,Yes, , , , ,Yes, , , , , , , ,Trinity-Spadina (20),20,78,Kensington-Chinatown (78)
2013,14-09-2013 09:30,Major Arterial,Toronto East York,43.65549048,-79.39907465,No,Clear,Natural,Dry,Non-Fatal Injury,Driver,40 to 44,None,North,Yes, , , , ,Yes, , , , , , , ,Trinity-Spadina (20),20,78,Kensington-Chinatown (78)
2013,14-09-2013 09:30,Major Arterial,Toronto East York,43.65549048,-79.39907465,No,Clear,Natural,Dry,Non-Fatal Injury,Pedestrian,35 to 39,Minor,West,Yes, , , , ,Yes, , , , , , , ,Trinity-Spadina (20),20,78,Kensington-Chinatown (78)
2013,14-09-2013 09:30,Major Arterial,Toronto East York,43.65549048,-79.39907465,No,Clear,Natural,Dry,Non-Fatal Injury,Pedestrian,40 to 44,Major,West,Yes, , , , ,Yes, , , , , , , ,Trinity-Spadina (20),20,78,Kensington-Chinatown (78)
2015,06-05-2015 09:30,Major Arterial,North York,43.71842154,-79.43293391,Yes,Clear,Natural,Dry,Non-Fatal Injury,Motorcycle Driver,45 to 49,Major,East, , ,Yes,Yes, , , , , ,Yes,Yes, , ,Eglinton-Lawrence (15),15,32,Englemount-Lawrence (32)
2015,06-05-2015 09:30,Major Arterial,North York,43.71842154,-79.43293391,Yes,Clear,Natural,Dry,Non-Fatal Injury,Driver,20 to 24,Minor,West, , ,Yes,Yes, , , , , ,Yes,Yes, , ,Eglinton-Lawrence (15),15,32,Englemount-Lawrence (32)
2017,16-04-2017 09:30,Minor Arterial,Toronto East York,43.63973578,-79.38092432,No,Clear,Natural,Dry,Non-Fatal Injury,Driver,50 to 54,None,East,Yes, , , , ,Yes, , , , , , , ,Trinity-Spadina (20),20,77,Waterfront Communities-The Island (77)
2017,16-04-2017 09:30,Minor Arterial,Toronto East York,43.63973578,-79.38092432,No,Clear,Natural,Dry,Non-Fatal Injury,Pedestrian,35 to 39,Major,North,Yes, , , , ,Yes, , , , , , , ,Trinity-Spadina (20),20,77,Waterfront Communities-The Island (77)
2007,17-11-2007 10:30,Local,Toronto East York,43.64874538,-79.37199029,No,Clear,Natural,Dry,Non-Fatal Injury,Cyclist,unknown,Major,North,Yes,Yes, , , , , , , , , , , ,Toronto Centre-Rosedale (28),28,77,Waterfront Communities-The Island (77)
2007,17-11-2007 10:30,Local,Toronto East York,43.64874538,-79.37199029,No,Clear,Natural,Dry,Non-Fatal Injury,Pedestrian,75 to 79,Minimal,East,Yes,Yes, , , , , , , , , , , ,Toronto Centre-Rosedale (28),28,77,Waterfront Communities-The Island (77)
2008,24-12-2008 10:30,Major Arterial,North York,43.77974538,-79.41559029,No,Other,Natural,Other,Non-Fatal Injury,Driver,55 to 59,None,North,Yes, ,Yes, , , , , , ,Yes, , , ,Willowdale (23),23,37,Willowdale West (37)
2008,24-12-2008 10:30,Major Arterial,North York,43.77974538,-79.41559029,No,Other,Natural,Other,Non-Fatal Injury,Pedestrian,unknown,Major,Unknown,Yes, ,Yes, , , , , , ,Yes, , , ,Willowdale (23),23,37,Willowdale West (37)
2011,01-06-2011 09:30,Major Arterial,Toronto East York,43.64214538,-79.41129029,No,Clear,Natural,Dry,Non-Fatal Injury,Motorcycle Driver,50 to 54,Major,East,Yes, , ,Yes, , , , , , , , , ,Trinity-Spadina (19),19,82,Niagara (82)
2011,01-06-2011 09:30,Major Arterial,Toronto East York,43.64214538,-79.41129029,No,Clear,Natural,Dry,Non-Fatal Injury,Pedestrian,25 to 29,Minor,North,Yes, , ,Yes, , , , , , , , , ,Trinity-Spadina (19),19,82,Niagara (82)
2011,08-11-2011 10:30,Collector,Toronto East York,43.70354538,-79.37799029,Yes,Clear,Natural,Wet,Non-Fatal Injury,Passenger,45 to 49,Major,Unknown, , ,Yes, , , , ,Yes, ,Yes, , , ,St. Paul's (22),22,99,Mount Pleasant East (99)
2011,08-11-2011 10:30,Collector,Toronto East York,43.70354538,-79.37799029,Yes,Clear,Natural,Wet,Non-Fatal Injury,Vehicle Owner,unknown,unknown,Unknown, , ,Yes, , , , ,Yes, ,Yes, , , ,St. Paul's (22),22,99,Mount Pleasant East (99)
2011,08-11-2011 10:30,Collector,Toronto East York,43.70354538,-79.37799029,Yes,Clear,Natural,Wet,Non-Fatal Injury,Driver,40 to 44,None,East, , ,Yes, , , , ,Yes, ,Yes, , , ,St. Paul's (22),22,99,Mount Pleasant East (99)
2011,08-11-2011 10:30,Collector,Toronto East York,43.70354538,-79.37799029,Yes,Clear,Natural,Wet,Non-Fatal Injury,Driver,45 to 49,Minimal,North, , ,Yes, , , , ,Yes, ,Yes, , , ,St. Paul's (22),22,99,Mount Pleasant East (99)
2013,11-10-2013 09:30,Major Arterial,North York,43.77371939,-79.35331354,Yes,Clear,Natural,Dry,Non-Fatal Injury,Driver,45 to 49,None,East, , ,Yes, , , , , , ,Yes, , , ,Don Valley East (33),33,53,Henry Farm (53)
2013,11-10-2013 09:30,Major Arterial,North York,43.77371939,-79.35331354,Yes,Clear,Natural,Dry,Non-Fatal Injury,Driver,20 to 24,Major,West, , ,Yes, , , , , , ,Yes, , , ,Don Valley East (33),33,53,Henry Farm (53)
2013,21-11-2013 10:30,Major Arterial,Toronto East York,43.6464382,-79.37678156,No,Clear,Artificial,Dry,Non-Fatal Injury,Driver,40 to 44,None,North,Yes, ,Yes, , , , , , , , , , ,Toronto Centre-Rosedale (28),28,77,Waterfront Communities-The Island (77)
2013,21-11-2013 10:30,Major Arterial,Toronto East York,43.6464382,-79.37678156,No,Clear,Artificial,Dry,Non-Fatal Injury,Pedestrian,65 to 69,Major,West,Yes, ,Yes, , , , , , , , , , ,Toronto Centre-Rosedale (28),28,77,Waterfront Communities-The Island (77)
2008,05-02-2008 10:30,Major Arterial,Etobicoke York,43.67864538,-79.55159029,No,Clear,Natural,Dry,Non-Fatal Injury,Driver,70 to 74,Major,South, , ,Yes, , , , ,Yes, ,Yes, , , ,Etobicoke Centre (4),4,7,Willowridge-Martingrove-Richview (7)
2008,05-02-2008 10:30,Major Arterial,Etobicoke York,43.67864538,-79.55159029,No,Clear,Natural,Dry,Non-Fatal Injury,Passenger,50 to 54,Minimal,Unknown, , ,Yes, , , , ,Yes, ,Yes, , , ,Etobicoke Centre (4),4,7,Willowridge-Martingrove-Richview (7)
2008,05-02-2008 10:30,Major Arterial,Etobicoke York,43.67864538,-79.55159029,No,Clear,Natural,Dry,Non-Fatal Injury,Driver,30 to 34,Minimal,South, , ,Yes, , , , ,Yes, ,Yes, , , ,Etobicoke Centre (4),4,7,Willowridge-Martingrove-Richview (7)
2008,26-02-2008 10:30,Major Arterial,Etobicoke York,43.71514538,-79.50709029,No,Snow,Natural,Wet,Non-Fatal Injury,Vehicle Owner,unknown,unknown,Unknown,Yes, ,Yes, , , , , , ,Yes, , , ,York South-Weston (12),12,28,Rustic (28)
2008,26-02-2008 10:30,Major Arterial,Etobicoke York,43.71514538,-79.50709029,No,Snow,Natural,Wet,Non-Fatal Injury,Driver,35 to 39,None,South,Yes, ,Yes, , , , , , ,Yes, , , ,York South-Weston (12),12,28,Rustic (28)
2008,26-02-2008 10:30,Major Arterial,Etobicoke York,43.71514538,-79.50709029,No,Snow,Natural,Wet,Non-Fatal Injury,Pedestrian,0 to 4,Major,Unknown,Yes, ,Yes, , , , , , ,Yes, , , ,York South-Weston (12),12,28,Rustic (28)
2016,12-09-2016 09:30,Minor Arterial,Scarborough,43.80238302,-79.15428553,No,Clear,Natural,Dry,Non-Fatal Injury,Driver,50 to 54,None,East, , ,Yes, , , , , ,Yes,Yes, , , ,Scarborough East (44),44,131,Rouge (131)
2016,12-09-2016 09:30,Minor Arterial,Scarborough,43.80238302,-79.15428553,No,Clear,Natural,Dry,Non-Fatal Injury,Driver,55 to 59,Major,East, , ,Yes, , , , , ,Yes,Yes, , , ,Scarborough East (44),44,131,Rouge (131)
2017,19-12-2017 10:30,Major Arterial,Etobicoke York,43.70754238,-79.57821329,Yes,Clear,Artificial,Dry,Non-Fatal Injury,Driver,40 to 44,None,East, , ,Yes, , , , ,Yes, ,Yes,Yes, , ,Etobicoke North (2),2,1,West Humber-Clairville (1)
2017,19-12-2017 10:30,Major Arterial,Etobicoke York,43.70754238,-79.57821329,Yes,Clear,Artificial,Dry,Non-Fatal Injury,Driver,30 to 34,Major,North, , ,Yes, , , , ,Yes, ,Yes,Yes, , ,Etobicoke North (2),2,1,West Humber-Clairville (1)
2017,19-12-2017 10:30,Major Arterial,Etobicoke York,43.70754238,-79.57821329,Yes,Clear,Artificial,Dry,Non-Fatal Injury,Passenger,0 to 4,Minimal,Unknown, , ,Yes, , , , ,Yes, ,Yes,Yes, , ,Etobicoke North (2),2,1,West Humber-Clairville (1)
2008,23-09-2008 09:30,Major Arterial,Etobicoke York,43.68364538,-79.58019029,No,Clear,Natural,Wet,Fatal,Vehicle Owner,unknown,unknown,Unknown, , ,Yes, ,Yes, , , , , , , , ,Etobicoke North (2),2,1,West Humber-Clairville (1)
2008,23-09-2008 09:30,Major Arterial,Etobicoke York,43.68364538,-79.58019029,No,Clear,Natural,Wet,Fatal,Truck Driver,35 to 39,Minor,South, , ,Yes, ,Yes, , , , , , , , ,Etobicoke North (2),2,1,West Humber-Clairville (1)
2008,23-09-2008 09:30,Major Arterial,Etobicoke York,43.68364538,-79.58019029,No,Clear,Natural,Wet,Fatal,Vehicle Owner,unknown,unknown,Unknown, , ,Yes, ,Yes, , , , , , , , ,Etobicoke North (2),2,1,West Humber-Clairville (1)
2008,23-09-2008 09:30,Major Arterial,Etobicoke York,43.68364538,-79.58019029,No,Clear,Natural,Wet,Fatal,Driver,25 to 29,Fatal,North, , ,Yes, ,Yes, , , , , , , , ,Etobicoke North (2),2,1,West Humber-Clairville (1)
2015,26-06-2015 09:30,Major Arterial,North York,43.77371939,-79.35331354,Yes,Clear,Natural,Dry,Non-Fatal Injury,Motorcycle Driver,60 to 64,Major,West, , ,Yes,Yes, , , ,Yes, , , , , ,Don Valley East (33),33,53,Henry Farm (53)
2015,26-06-2015 09:30,Major Arterial,North York,43.77371939,-79.35331354,Yes,Clear,Natural,Dry,Non-Fatal Injury,Driver,25 to 29,None,East, , ,Yes,Yes, , , ,Yes, , , , , ,Don Valley East (33),33,53,Henry Farm (53)
2015,26-06-2015 09:30,Major Arterial,North York,43.77371939,-79.35331354,Yes,Clear,Natural,Dry,Non-Fatal Injury,Passenger,25 to 29,None,Unknown, , ,Yes,Yes, , , ,Yes, , , , , ,Don Valley East (33),33,53,Henry Farm (53)
2015,05-09-2015 09:30,Local,North York,43.76113089,-79.44869623,No,Clear,Natural,Dry,Fatal,Driver,85 to 89,Major,South, , ,Yes, , , , ,Yes, , , , , ,York Centre (10),10,34,Bathurst Manor (34)
2015,05-09-2015 09:30,Local,North York,43.76113089,-79.44869623,No,Clear,Natural,Dry,Fatal,Passenger,90 to 94,Fatal,Unknown, , ,Yes, , , , ,Yes, , , , , ,York Centre (10),10,34,Bathurst Manor (34)
2017,25-09-2017 09:30,Major Arterial,Toronto East York,43.70050738,-79.42784529,Yes,Clear,Natural,Dry,Non-Fatal Injury,Driver,25 to 29,None,North,Yes, ,Yes, , , , , , , , , , ,St. Paul's (21),21,106,Humewood-Cedarvale (106)
2017,25-09-2017 09:30,Major Arterial,Toronto East York,43.70050738,-79.42784529,Yes,Clear,Natural,Dry,Non-Fatal Injury,Pedestrian,50 to 54,Major,Unknown,Yes, ,Yes, , , , , , , , , , ,St. Paul's (21),21,106,Humewood-Cedarvale (106)
2009,18-07-2009 09:30,Minor Arterial,Toronto East York,43.67134538,-79.29349029,Yes,Clear,Natural,Dry,Non-Fatal Injury,Vehicle Owner,unknown,unknown,Unknown, , ,Yes,Yes, , , , , ,Yes, , , ,Beaches-East York (32),32,63,The Beaches (63)
2009,18-07-2009 09:30,Minor Arterial,Toronto East York,43.67134538,-79.29349029,Yes,Clear,Natural,Dry,Non-Fatal Injury,Driver,65 to 69,None,North, , ,Yes,Yes, , , , , ,Yes, , , ,Beaches-East York (32),32,63,The Beaches (63)
2015,20-10-2015 09:30,Major Arterial,Toronto East York,43.64300497,-79.4248086,No,Clear,Natural,Dry,Non-Fatal Injury,Driver,30 to 34,None,East, ,Yes,Yes, , , , ,Yes, , , , , ,Davenport (18),18,84,Little Portugal (84)
2015,20-10-2015 09:30,Major Arterial,Toronto East York,43.64300497,-79.4248086,No,Clear,Natural,Dry,Non-Fatal Injury,Cyclist,25 to 29,Major,East, ,Yes,Yes, , , , ,Yes, , , , , ,Davenport (18),18,84,Little Portugal (84)
2015,20-10-2015 09:30,Major Arterial,Toronto East York,43.64300497,-79.4248086,No,Clear,Natural,Dry,Non-Fatal Injury,Passenger,0 to 4,None,Unknown, ,Yes,Yes, , , , ,Yes, , , , , ,Davenport (18),18,84,Little Portugal (84)
2016,30-05-2016 09:30,Major Arterial,Toronto East York,43.65424689,-79.38316736,Yes,Clear,Natural,Dry,Non-Fatal Injury,Driver,35 to 39,None,East, , ,Yes,Yes, , , ,Yes, ,Yes, , , ,Toronto Centre-Rosedale (27),27,76,Bay Street Corridor (76)
2016,30-05-2016 09:30,Major Arterial,Toronto East York,43.65424689,-79.38316736,Yes,Clear,Natural,Dry,Non-Fatal Injury,Motorcycle Driver,35 to 39,Major,South, , ,Yes,Yes, , , ,Yes, ,Yes, , , ,Toronto Centre-Rosedale (27),27,76,Bay Street Corridor (76)
2016,30-05-2016 09:30,Major Arterial,Toronto East York,43.65424689,-79.38316736,Yes,Clear,Natural,Dry,Non-Fatal Injury,Passenger,50 to 54,None,Unknown, , ,Yes,Yes, , , ,Yes, ,Yes, , , ,Toronto Centre-Rosedale (27),27,76,Bay Street Corridor (76)
2017,10-07-2017 09:30,Major Arterial,North York,43.79960638,-79.35409929,Yes,Clear,Natural,Dry,Non-Fatal Injury,Driver,35 to 39,None,North, , ,Yes, , , , ,Yes, , , , , ,Willowdale (24),24,48,Hillcrest Village (48)
2017,10-07-2017 09:30,Major Arterial,North York,43.79960638,-79.35409929,Yes,Clear,Natural,Dry,Non-Fatal Injury,Driver,55 to 59,Minor,South, , ,Yes, , , , ,Yes, , , , , ,Willowdale (24),24,48,Hillcrest Village (48)
2017,10-07-2017 09:30,Major Arterial,North York,43.79960638,-79.35409929,Yes,Clear,Natural,Dry,Non-Fatal Injury,Passenger,15 to 19,None,Unknown, , ,Yes, , , , ,Yes, , , , , ,Willowdale (24),24,48,Hillcrest Village (48)
2017,10-07-2017 09:30,Major Arterial,North York,43.79960638,-79.35409929,Yes,Clear,Natural,Dry,Non-Fatal Injury,Passenger,60 to 64,None,Unknown, , ,Yes, , , , ,Yes, , , , , ,Willowdale (24),24,48,Hillcrest Village (48)
2017,10-07-2017 09:30,Major Arterial,North York,43.79960638,-79.35409929,Yes,Clear,Natural,Dry,Non-Fatal Injury,Passenger,10 to 14,Major,Unknown, , ,Yes, , , , ,Yes, , , , , ,Willowdale (24),24,48,Hillcrest Village (48)
2013,04-04-2013 09:30,Major Arterial,Etobicoke York,43.63694538,-79.55669029,Yes,Clear,Natural,Dry,Non-Fatal Injury,Driver,85 to 89,Major,North, , ,Yes, , , , , , , , , , ,Etobicoke-Lakeshore (5),5,14,Islington-City Centre West (14)
2013,04-04-2013 09:30,Major Arterial,Etobicoke York,43.63694538,-79.55669029,Yes,Clear,Natural,Dry,Non-Fatal Injury,Other Property Owner,unknown,unknown,Unknown, , ,Yes, , , , , , , , , , ,Etobicoke-Lakeshore (5),5,14,Islington-City Centre West (14)
2009,28-05-2009 09:30,Collector,North York,43.73284538,-79.58319029,No,Rain,Natural,Wet,Non-Fatal Injury,Passenger,10 to 14,Major,Unknown, , ,Yes, , , , ,Yes, , , , , ,Etobicoke North (1),1,2,Mount Olive-Silverstone-Jamestown (2)
2009,28-05-2009 09:30,Collector,North York,43.73284538,-79.58319029,No,Rain,Natural,Wet,Non-Fatal Injury,Passenger,5 to 9,Major,Unknown, , ,Yes, , , , ,Yes, , , , , ,Etobicoke North (1),1,2,Mount Olive-Silverstone-Jamestown (2)
2009,28-05-2009 09:30,Collector,North York,43.73284538,-79.58319029,No,Rain,Natural,Wet,Non-Fatal Injury,Vehicle Owner,unknown,unknown,Unknown, , ,Yes, , , , ,Yes, , , , , ,Etobicoke North (1),1,2,Mount Olive-Silverstone-Jamestown (2)
2009,28-05-2009 09:30,Collector,North York,43.73284538,-79.58319029,No,Rain,Natural,Wet,Non-Fatal Injury,Driver,40 to 44,Major,East, , ,Yes, , , , ,Yes, , , , , ,Etobicoke North (1),1,2,Mount Olive-Silverstone-Jamestown (2)
2013,16-03-2013 09:30,Major Arterial,Scarborough,43.81964538,-79.32439029,Yes,Clear,Natural,Dry,Non-Fatal Injury,Driver,30 to 34,None,South, ,Yes,Yes, , , , , , , , , , ,Scarborough-Agincourt (39),39,116,Steeles (116)
2013,16-03-2013 09:30,Major Arterial,Scarborough,43.81964538,-79.32439029,Yes,Clear,Natural,Dry,Non-Fatal Injury,Cyclist,65 to 69,Major,East, ,Yes,Yes, , , , , , , , , , ,Scarborough-Agincourt (39),39,116,Steeles (116)
2014,09-06-2014 09:30,Local,Etobicoke York,43.59204825,-79.53471766,Yes,Clear,Natural,Dry,Non-Fatal Injury,Driver,35 to 39,None,West, , ,Yes, , , , ,Yes, ,Yes, , , ,Etobicoke-Lakeshore (6),6,19,Long Branch (19)
2014,09-06-2014 09:30,Local,Etobicoke York,43.59204825,-79.53471766,Yes,Clear,Natural,Dry,Non-Fatal Injury,Driver,35 to 39,Major,North, , ,Yes, , , , ,Yes, ,Yes, , , ,Etobicoke-Lakeshore (6),6,19,Long Branch (19)
2014,09-06-2014 09:30,Local,Etobicoke York,43.59204825,-79.53471766,Yes,Clear,Natural,Dry,Non-Fatal Injury,Passenger,5 to 9,None,Unknown, , ,Yes, , , , ,Yes, ,Yes, , , ,Etobicoke-Lakeshore (6),6,19,Long Branch (19)
2014,09-06-2014 09:30,Local,Etobicoke York,43.59204825,-79.53471766,Yes,Clear,Natural,Dry,Non-Fatal Injury,Passenger,0 to 4,None,Unknown, , ,Yes, , , , ,Yes, ,Yes, , , ,Etobicoke-Lakeshore (6),6,19,Long Branch (19)
2009,11-09-2009 09:30,Major Arterial,North York,43.75954538,-79.41979029,No,Clear,Natural,Dry,Non-Fatal Injury,Driver,45 to 49,Major,East,Yes, ,Yes, , , , , , , , , ,Yes,Willowdale (23),23,38,Lansing-Westgate (38)
2009,11-09-2009 09:30,Major Arterial,North York,43.75954538,-79.41979029,No,Clear,Natural,Dry,Non-Fatal Injury,Vehicle Owner,unknown,unknown,Unknown,Yes, ,Yes, , , , , , , , , ,Yes,Willowdale (23),23,38,Lansing-Westgate (38)
2009,11-09-2009 09:30,Major Arterial,North York,43.75954538,-79.41979029,No,Clear,Natural,Dry,Non-Fatal Injury,Driver,50 to 54,None,West,Yes, ,Yes, , , , , , , , , ,Yes,Willowdale (23),23,38,Lansing-Westgate (38)
2009,11-09-2009 09:30,Major Arterial,North York,43.75954538,-79.41979029,No,Clear,Natural,Dry,Non-Fatal Injury,Pedestrian,55 to 59,Major,West,Yes, ,Yes, , , , , , , , , ,Yes,Willowdale (23),23,38,Lansing-Westgate (38)
2015,16-07-2015 09:30,Collector,Toronto East York,43.69476279,-79.3007699,No,Clear,Natural,Dry,Non-Fatal Injury,Driver,25 to 29,None,North,Yes, ,Yes, , , , ,Yes, , , , , ,Beaches-East York (31),31,61,Taylor-Massey (61)
2015,16-07-2015 09:30,Collector,Toronto East York,43.69476279,-79.3007699,No,Clear,Natural,Dry,Non-Fatal Injury,Pedestrian,15 to 19,Major,West,Yes, ,Yes, , , , ,Yes, , , , , ,Beaches-East York (31),31,61,Taylor-Massey (61)
2015,16-07-2015 09:30,Collector,Toronto East York,43.69476279,-79.3007699,No,Clear,Natural,Dry,Non-Fatal Injury,Passenger,5 to 9,None,Unknown,Yes, ,Yes, , , , ,Yes, , , , , ,Beaches-East York (31),31,61,Taylor-Massey (61)
2015,16-07-2015 09:30,Collector,Toronto East York,43.69476279,-79.3007699,No,Clear,Natural,Dry,Non-Fatal Injury,Passenger,0 to 4,None,Unknown,Yes, ,Yes, , , , ,Yes, , , , , ,Beaches-East York (31),31,61,Taylor-Massey (61)
2015,16-07-2015 09:30,Collector,Toronto East York,43.69476279,-79.3007699,No,Clear,Natural,Dry,Non-Fatal Injury,Passenger,5 to 9,None,Unknown,Yes, ,Yes, , , , ,Yes, , , , , ,Beaches-East York (31),31,61,Taylor-Massey (61)
2015,16-07-2015 09:30,Collector,Toronto East York,43.69476279,-79.3007699,No,Clear,Natural,Dry,Non-Fatal Injury,Passenger,0 to 4,None,Unknown,Yes, ,Yes, , , , ,Yes, , , , , ,Beaches-East York (31),31,61,Taylor-Massey (61)
2015,28-12-2015 10:30,Local,Scarborough,43.72692831,-79.29140864,No,Clear,Natural,Dry,Non-Fatal Injury,Driver,40 to 44,None,West, , ,Yes, , , , , , ,Yes, , , ,Scarborough Southwest (35),35,120,Clairlea-Birchmount (120)
2015,28-12-2015 10:30,Local,Scarborough,43.72692831,-79.29140864,No,Clear,Natural,Dry,Non-Fatal Injury,Driver,20 to 24,Major,South, , ,Yes, , , , , , ,Yes, , , ,Scarborough Southwest (35),35,120,Clairlea-Birchmount (120)
2010,26-06-2010 09:30,Minor Arterial,Toronto East York,43.65904538,-79.42189029,Yes,Rain,Natural,Wet,Non-Fatal Injury,Pedestrian,80 to 84,Major,South,Yes, ,Yes, , , , , , ,Yes, , , ,Trinity-Spadina (19),19,80,Palmerston-Little Italy (80)
2010,26-06-2010 09:30,Minor Arterial,Toronto East York,43.65904538,-79.42189029,Yes,Rain,Natural,Wet,Non-Fatal Injury,Driver,70 to 74,None,South,Yes, ,Yes, , , , , , ,Yes, , , ,Trinity-Spadina (19),19,80,Palmerston-Little Italy (80)
2014,06-11-2014 10:30,Major Arterial,Scarborough,43.73603399,-79.25877009,Yes,Clear,Natural,Dry,Fatal,Pedestrian,40 to 44,Fatal,Unknown,Yes, ,Yes, , , , , , , , , , ,Scarborough Centre (37),37,138,Eglinton East (138)
2014,06-11-2014 10:30,Major Arterial,Scarborough,43.73603399,-79.25877009,Yes,Clear,Natural,Dry,Fatal,Driver,30 to 34,Minor,North,Yes, ,Yes, , , , , , , , , , ,Scarborough Centre (37),37,138,Eglinton East (138)
2007,25-02-2007 10:30,Major Arterial,Etobicoke York,43.67124538,-79.44029029,No,Clear,Natural,Dry,Non-Fatal Injury,Vehicle Owner,unknown,unknown,Unknown,Yes, ,Yes, , , , , , ,Yes, , , ,Davenport (17),17,93,Dovercourt-Wallace Emerson-Junction (93)
2007,25-02-2007 10:30,Major Arterial,Etobicoke York,43.67124538,-79.44029029,No,Clear,Natural,Dry,Non-Fatal Injury,Driver,35 to 39,None,North,Yes, ,Yes, , , , , , ,Yes, , , ,Davenport (17),17,93,Dovercourt-Wallace Emerson-Junction (93)
2007,25-02-2007 10:30,Major Arterial,Etobicoke York,43.67124538,-79.44029029,No,Clear,Natural,Dry,Non-Fatal Injury,Pedestrian,60 to 64,Major,South,Yes, ,Yes, , , , , , ,Yes, , , ,Davenport (17),17,93,Dovercourt-Wallace Emerson-Junction (93)
2007,25-07-2007 09:30,Minor Arterial,Toronto East York,43.69414538,-79.32799029,Yes,Clear,Natural,Dry,Non-Fatal Injury,Vehicle Owner,unknown,None,Unknown, , ,Yes, , , , ,Yes,Yes,Yes,Yes, , ,Beaches-East York (31),31,58,Old East York (58)
2007,25-07-2007 09:30,Minor Arterial,Toronto East York,43.69414538,-79.32799029,Yes,Clear,Natural,Dry,Non-Fatal Injury,Driver,35 to 39,Minimal,North, , ,Yes, , , , ,Yes,Yes,Yes,Yes, , ,Beaches-East York (31),31,58,Old East York (58)