YEAR,DATE,ROAD_CLASS,District,LATITUDE,LONGITUDE,TRAFFCTL,VISIBILITY,LIGHT,RDSFCOND,ACCLASS,INVTYPE,INVAGE,INJURY,INITDIR,PEDESTRIAN,CYCLIST,AUTOMOBILE,MOTORCYCLE,TRUCK,TRSN_CITY_VEH,EMERG_VEH,PASSENGER,SPEEDING,AG_DRIV,REDLIGHT,ALCOHOL,DISABILITY,Ward_Name,Ward_ID,Hood_ID,Hood_Name
2011,19-08-2011 09:30,Major Arterial,Toronto East York,43.66814538,-79.41239029,Yes,Clear,Natural,Dry,Non-Fatal Injury,Motorcycle Driver,35 to 39,Major,South, , ,Yes,Yes, , , ,Yes, , , , , ,Trinity-Spadina (20),20,95,Annex (95)
2011,19-08-2011 09:30,Major Arterial,Toronto East York,43.66814538,-79.41239029,Yes,Clear,Natural,Dry,Non-Fatal Injury,Driver,40 to 44,None,North, , ,Yes,Yes, , , ,Yes, , , , , ,Trinity-Spadina (20),20,95,Annex (95)
2011,17-09-2011 09:30,Major Arterial,Toronto East York,43.67394538,-79.39629029,No,Clear,Natural,Dry,Non-Fatal Injury,Vehicle Owner,unknown,unknown,Unknown, , ,Yes, , , , ,Yes, ,Yes, , , ,Trinity-Spadina (20),20,95,Annex (95)
2011,17-09-2011 09:30,Major Arterial,Toronto East York,43.67394538,-79.39629029,No,Clear,Natural,Dry,Non-Fatal Injury,Driver,20 to 24,Minor,South, , ,Yes, , , , ,Yes, ,Yes, , , ,Trinity-Spadina (20),20,95,Annex (95)
2011,17-09-2011 09:30,Major Arterial,Toronto East York,43.67394538,-79.39629029,No,Clear,Natural,Dry,Non-Fatal Injury,Driver,20 to 24,None,South, , ,Yes, , , , ,Yes, ,Yes, , , ,Trinity-Spadina (20),20,95,Annex (95)
2011,17-09-2011 09:30,Major Arterial,Toronto East York,43.67394538,-79.39629029,No,Clear,Natural,Dry,Non-Fatal Injury,Passenger,25 to 29,Major,Unknown, , ,Yes, , , , ,Yes, ,Yes, , , ,Trinity-Spadina (20),20,95,Annex (95)
2011,17-09-2011 09:30,Major Arterial,Toronto East York,43.67394538,-79.39629029,No,Clear,Natural,Dry,Non-Fatal Injury,Vehicle Owner,unknown,unknown,Unknown, , ,Yes, , , , ,Yes, ,Yes, , , ,Trinity-Spadina (20),20,95,Annex (95)
2011,17-09-2011 09:30,Major Arterial,Toronto East York,43.67394538,-79.39629029,No,Clear,Natural,Dry,Non-Fatal Injury,Driver,55 to 59,Major,South, , ,Yes, , , , ,Yes, ,Yes, , , ,Trinity-Spadina (20),20,95,Annex (95)
2012,15-05-2012 09:30,Major Arterial,Etobicoke York,43.66764538,-79.54669029,Yes,Clear,Natural,Dry,Non-Fatal Injury,Driver,60 to 64,None,East, ,Yes,Yes, , , , , , ,Yes, , , ,Etobicoke Centre (3),3,10,Princess-Rosethorn (10)
2012,15-05-2012 09:30,Major Arterial,Etobicoke York,43.66764538,-79.54669029,Yes,Clear,Natural,Dry,Non-Fatal Injury,Cyclist,50 to 54,Major,North, ,Yes,Yes, , , , , , ,Yes, , , ,Etobicoke Centre (3),3,10,Princess-Rosethorn (10)
2012,05-11-2012 10:30,Major Arterial,Toronto East York,43.65454538,-79.42189029,No,Clear,Natural,Dry,Non-Fatal Injury,Driver,55 to 59,None,West, ,Yes,Yes, , , , , , , , , , ,Trinity-Spadina (19),19,81,Trinity-Bellwoods (81)
2012,05-11-2012 10:30,Major Arterial,Toronto East York,43.65454538,-79.42189029,No,Clear,Natural,Dry,Non-Fatal Injury,Cyclist,20 to 24,Major,West, ,Yes,Yes, , , , , , , , , , ,Trinity-Spadina (19),19,81,Trinity-Bellwoods (81)
2014,02-03-2014 10:30,Major Arterial,Scarborough,43.7835842,-79.29933558,Yes,Clear,Natural,Wet,Non-Fatal Injury,Driver,60 to 64,Major,South, , ,Yes, , , , , , , , , , ,Scarborough-Agincourt (40),40,118,Tam O'Shanter-Sullivan (118)
2014,02-03-2014 10:30,Major Arterial,Scarborough,43.7835842,-79.29933558,Yes,Clear,Natural,Wet,Non-Fatal Injury,Driver,70 to 74,Major,South, , ,Yes, , , , , , , , , , ,Scarborough-Agincourt (40),40,118,Tam O'Shanter-Sullivan (118)
2014,02-03-2014 10:30,Major Arterial,Scarborough,43.7835842,-79.29933558,Yes,Clear,Natural,Wet,Non-Fatal Injury,Driver,70 to 74,Major,South, , ,Yes, , , , , , , , , , ,Scarborough-Agincourt (40),40,118,Tam O'Shanter-Sullivan (118)
2014,12-12-2014 10:30,Major Arterial,North York,43.77582129,-79.33774958,Yes,Clear,Natural,Wet,Fatal,Passenger,50 to 54,Fatal,Unknown, , ,Yes, , , , ,Yes, ,Yes,Yes, , ,Don Valley East (33),33,53,Henry Farm (53)
2014,12-12-2014 10:30,Major Arterial,North York,43.77582129,-79.33774958,Yes,Clear,Natural,Wet,Fatal,Driver,20 to 24,Minimal,West, , ,Yes, , , , ,Yes, ,Yes,Yes, , ,Don Valley East (33),33,53,Henry Farm (53)
2014,12-12-2014 10:30,Major Arterial,North York,43.77582129,-79.33774958,Yes,Clear,Natural,Wet,Fatal,Driver,40 to 44,Minor,East, , ,Yes, , , , ,Yes, ,Yes,Yes, , ,Don Valley East (33),33,53,Henry Farm (53)
2015,30-10-2015 09:30,Major Arterial,North York,43.72090491,-79.5086175,Yes,Clear,Natural,Dry,Non-Fatal Injury,Driver,75 to 79,Minor,West, , ,Yes, , , , ,Yes, ,Yes, , , ,York Centre (9),9,26,Downsview-Roding-CFB (26)
2015,30-10-2015 09:30,Major Arterial,North York,43.72090491,-79.5086175,Yes,Clear,Natural,Dry,Non-Fatal Injury,Driver,50 to 54,None,East, , ,Yes, , , , ,Yes, ,Yes, , , ,York Centre (9),9,26,Downsview-Roding-CFB (26)
2015,30-10-2015 09:30,Major Arterial,North York,43.72090491,-79.5086175,Yes,Clear,Natural,Dry,Non-Fatal Injury,Driver,60 to 64,Minor,North, , ,Yes, , , , ,Yes, ,Yes, , , ,York Centre (9),9,26,Downsview-Roding-CFB (26)
2015,30-10-2015 09:30,Major Arterial,North York,43.72090491,-79.5086175,Yes,Clear,Natural,Dry,Non-Fatal Injury,Passenger,70 to 74,Major,Unknown, , ,Yes, , , , ,Yes, ,Yes, , , ,York Centre (9),9,26,Downsview-Roding-CFB (26)
2015,30-10-2015 09:30,Major Arterial,North York,43.72090491,-79.5086175,Yes,Clear,Natural,Dry,Non-Fatal Injury,Passenger,55 to 59,Minor,Unknown, , ,Yes, , , , ,Yes, ,Yes, , , ,York Centre (9),9,26,Downsview-Roding-CFB (26)
2015,30-10-2015 09:30,Major Arterial,North York,43.72090491,-79.5086175,Yes,Clear,Natural,Dry,Non-Fatal Injury,Passenger,60 to 64,Minimal,Unknown, , ,Yes, , , , ,Yes, ,Yes, , , ,York Centre (9),9,26,Downsview-Roding-CFB (26)
2016,13-01-2016 10:30,Major Arterial,North York,43.72612723,-79.31828699,Yes,Clear,Natural,Dry,Non-Fatal Injury,Driver,75 to 79,Major,West, , ,Yes, , , , ,Yes, ,Yes, , , ,Don Valley East (34),34,43,Victoria Village (43)
2016,13-01-2016 10:30,Major Arterial,North York,43.72612723,-79.31828699,Yes,Clear,Natural,Dry,Non-Fatal Injury,Driver,40 to 44,Minimal,East, , ,Yes, , , , ,Yes, ,Yes, , , ,Don Valley East (34),34,43,Victoria Village (43)
2016,13-01-2016 10:30,Major Arterial,North York,43.72612723,-79.31828699,Yes,Clear,Natural,Dry,Non-Fatal Injury,Passenger,45 to 49,None,Unknown, , ,Yes, , , , ,Yes, ,Yes, , , ,Don Valley East (34),34,43,Victoria Village (43)
2017,06-06-2017 09:30,Major Arterial,Scarborough,43.77643538,-79.23175429,No,Rain,Natural,Wet,Non-Fatal Injury,Driver,40 to 44,None,South,Yes, ,Yes, , , , , , , , , , ,Scarborough Centre (38),38,137,Woburn (137)
2017,06-06-2017 09:30,Major Arterial,Scarborough,43.77643538,-79.23175429,No,Rain,Natural,Wet,Non-Fatal Injury,Pedestrian,20 to 24,Major,Unknown,Yes, ,Yes, , , , , , , , , , ,Scarborough Centre (38),38,137,Woburn (137)
2014,16-02-2014 10:30,Major Arterial,Toronto East York,43.64207419,-79.37743006,Yes,Clear,Natural,Dry,Non-Fatal Injury,Driver,70 to 74,None,East,Yes, ,Yes, , , , ,Yes,Yes,Yes, , , ,Toronto Centre-Rosedale (28),28,77,Waterfront Communities-The Island (77)
2014,16-02-2014 10:30,Major Arterial,Toronto East York,43.64207419,-79.37743006,Yes,Clear,Natural,Dry,Non-Fatal Injury,Driver,15 to 19,None,East,Yes, ,Yes, , , , ,Yes,Yes,Yes, , , ,Toronto Centre-Rosedale (28),28,77,Waterfront Communities-The Island (77)
2014,16-02-2014 10:30,Major Arterial,Toronto East York,43.64207419,-79.37743006,Yes,Clear,Natural,Dry,Non-Fatal Injury,Pedestrian,35 to 39,Major,Unknown,Yes, ,Yes, , , , ,Yes,Yes,Yes, , , ,Toronto Centre-Rosedale (28),28,77,Waterfront Communities-The Island (77)
2014,16-02-2014 10:30,Major Arterial,Toronto East York,43.64207419,-79.37743006,Yes,Clear,Natural,Dry,Non-Fatal Injury,Passenger,70 to 74,Minor,Unknown,Yes, ,Yes, , , , ,Yes,Yes,Yes, , , ,Toronto Centre-Rosedale (28),28,77,Waterfront Communities-The Island (77)
2011,03-08-2011 09:30,Major Arterial,Toronto East York,43.68084538,-79.33539029,No,Clear,Natural,Dry,Non-Fatal Injury,Driver,25 to 29,None,West,Yes, ,Yes, , , , , , , , , , ,Toronto-Danforth (30),30,66,Danforth (66)
2011,03-08-2011 09:30,Major Arterial,Toronto East York,43.68084538,-79.33539029,No,Clear,Natural,Dry,Non-Fatal Injury,Pedestrian,75 to 79,Major,South,Yes, ,Yes, , , , , , , , , , ,Toronto-Danforth (30),30,66,Danforth (66)
2012,28-09-2012 09:30,Major Arterial,North York,43.71174582,-79.41169367,No,Clear,Natural,Dry,Non-Fatal Injury,Vehicle Owner,unknown,unknown,Unknown, ,Yes,Yes, , , , , , ,Yes, , , ,Eglinton-Lawrence (16),16,103,Lawrence Park South (103)
2012,28-09-2012 09:30,Major Arterial,North York,43.71174582,-79.41169367,No,Clear,Natural,Dry,Non-Fatal Injury,Driver,20 to 24,None,North, ,Yes,Yes, , , , , , ,Yes, , , ,Eglinton-Lawrence (16),16,103,Lawrence Park South (103)
2012,28-09-2012 09:30,Major Arterial,North York,43.71174582,-79.41169367,No,Clear,Natural,Dry,Non-Fatal Injury,Moped Driver,25 to 29,Major,North, ,Yes,Yes, , , , , , ,Yes, , , ,Eglinton-Lawrence (16),16,103,Lawrence Park South (103)
2014,29-08-2014 09:30,Major Arterial,North York,43.7922283,-79.3935586,Yes,Clear,Natural,Dry,Non-Fatal Injury,Driver,70 to 74,None,South, , ,Yes, , , , , , ,Yes, , , ,Willowdale (24),24,49,Bayview Woods-Steeles (49)
2014,29-08-2014 09:30,Major Arterial,North York,43.7922283,-79.3935586,Yes,Clear,Natural,Dry,Non-Fatal Injury,Driver,20 to 24,Major,North, , ,Yes, , , , , , ,Yes, , , ,Willowdale (24),24,49,Bayview Woods-Steeles (49)
2011,20-07-2011 09:30,Major Arterial,Scarborough,43.78214538,-79.29349029,Yes,Clear,Natural,Dry,Non-Fatal Injury,Driver,15 to 19,Major,East, , ,Yes, , , , , , ,Yes,Yes, , ,Scarborough-Agincourt (40),40,118,Tam O'Shanter-Sullivan (118)
2011,20-07-2011 09:30,Major Arterial,Scarborough,43.78214538,-79.29349029,Yes,Clear,Natural,Dry,Non-Fatal Injury,Driver,35 to 39,Minimal,North, , ,Yes, , , , , , ,Yes,Yes, , ,Scarborough-Agincourt (40),40,118,Tam O'Shanter-Sullivan (118)
2016,20-08-2016 09:30,Major Arterial,Etobicoke York,43.73931845,-79.51317988,Yes,Clear,Natural,Dry,Non-Fatal Injury,Driver,80 to 84,Major,East, , ,Yes, ,Yes, , , ,Yes,Yes, , , ,York Centre (9),9,25,Glenfield-Jane Heights (25)
2016,20-08-2016 09:30,Major Arterial,Etobicoke York,43.73931845,-79.51317988,Yes,Clear,Natural,Dry,Non-Fatal Injury,Driver,60 to 64,Minimal,East, , ,Yes, ,Yes, , , ,Yes,Yes, , , ,York Centre (9),9,25,Glenfield-Jane Heights (25)
2007,18-08-2007 09:30,Collector,Etobicoke York,43.70124538,-79.51749029,No,Clear,Natural,Dry,Non-Fatal Injury,Driver,15 to 19,None,West,Yes, ,Yes, , , , ,Yes,Yes,Yes, , , ,York South-Weston (11),11,113,Weston (113)
2007,18-08-2007 09:30,Collector,Etobicoke York,43.70124538,-79.51749029,No,Clear,Natural,Dry,Non-Fatal Injury,Pedestrian,20 to 24,Major,South,Yes, ,Yes, , , , ,Yes,Yes,Yes, , , ,York South-Weston (11),11,113,Weston (113)
2008,04-07-2008 09:30,Major Arterial,Scarborough,43.73794538,-79.24239029,No,Clear,Natural,Dry,Fatal,Driver,25 to 29,Minor,West, , ,Yes, , , , , ,Yes,Yes, , , ,Scarborough Southwest (35),35,138,Eglinton East (138)
2008,04-07-2008 09:30,Major Arterial,Scarborough,43.73794538,-79.24239029,No,Clear,Natural,Dry,Fatal,Driver,80 to 84,Fatal,East, , ,Yes, , , , , ,Yes,Yes, , , ,Scarborough Southwest (35),35,138,Eglinton East (138)
2009,02-02-2009 10:30,Major Arterial,North York,43.74754538,-79.48709029,No,Clear,Natural,Dry,Non-Fatal Injury,Vehicle Owner,unknown,unknown,Unknown, , ,Yes, , , , ,Yes, , , , , ,York West (8),8,27,York University Heights (27)
2009,02-02-2009 10:30,Major Arterial,North York,43.74754538,-79.48709029,No,Clear,Natural,Dry,Non-Fatal Injury,Driver,20 to 24,Minor,South, , ,Yes, , , , ,Yes, , , , , ,York West (8),8,27,York University Heights (27)
2009,02-02-2009 10:30,Major Arterial,North York,43.74754538,-79.48709029,No,Clear,Natural,Dry,Non-Fatal Injury,Passenger,unknown,Major,Unknown, , ,Yes, , , , ,Yes, , , , , ,York West (8),8,27,York University Heights (27)
2009,02-02-2009 10:30,Major Arterial,North York,43.74754538,-79.48709029,No,Clear,Natural,Dry,Non-Fatal Injury,Driver,20 to 24,None,East, , ,Yes, , , , ,Yes, , , , , ,York West (8),8,27,York University Heights (27)
2009,02-02-2009 10:30,Major Arterial,North York,43.74754538,-79.48709029,No,Clear,Natural,Dry,Non-Fatal Injury,Passenger,0 to 4,Minor,Unknown, , ,Yes, , , , ,Yes, , , , , ,York West (8),8,27,York University Heights (27)
2009,02-02-2009 10:30,Major Arterial,North York,43.74754538,-79.48709029,No,Clear,Natural,Dry,Non-Fatal Injury,Passenger,unknown,Minor,Unknown, , ,Yes, , , , ,Yes, , , , , ,York West (8),8,27,York University Heights (27)
2009,02-02-2009 10:30,Major Arterial,North York,43.74754538,-79.48709029,No,Clear,Natural,Dry,Non-Fatal Injury,Passenger,45 to 49,Minor,Unknown, , ,Yes, , , , ,Yes, , , , , ,York West (8),8,27,York University Heights (27)
2009,02-02-2009 10:30,Major Arterial,North York,43.74754538,-79.48709029,No,Clear,Natural,Dry,Non-Fatal Injury,Driver,30 to 34,None,North, , ,Yes, , , , ,Yes, , , , , ,York West (8),8,27,York University Heights (27)
2009,24-05-2009 09:30,Major Arterial,Scarborough,43.77004538,-79.26129029,Yes,Clear,Natural,Dry,Non-Fatal Injury,Passenger,80 to 84,Major,Unknown, , ,Yes, , , , ,Yes, ,Yes,Yes, , ,Scarborough Centre (38),38,127,Bendale (127)
2009,24-05-2009 09:30,Major Arterial,Scarborough,43.77004538,-79.26129029,Yes,Clear,Natural,Dry,Non-Fatal Injury,Passenger,15 to 19,Minor,Unknown, , ,Yes, , , , ,Yes, ,Yes,Yes, , ,Scarborough Centre (38),38,127,Bendale (127)
2009,24-05-2009 09:30,Major Arterial,Scarborough,43.77004538,-79.26129029,Yes,Clear,Natural,Dry,Non-Fatal Injury,Passenger,40 to 44,Major,Unknown, , ,Yes, , , , ,Yes, ,Yes,Yes, , ,Scarborough Centre (38),38,127,Bendale (127)
2009,24-05-2009 09:30,Major Arterial,Scarborough,43.77004538,-79.26129029,Yes,Clear,Natural,Dry,Non-Fatal Injury,Driver,45 to 49,Minor,East, , ,Yes, , , , ,Yes, ,Yes,Yes, , ,Scarborough Centre (38),38,127,Bendale (127)
2009,24-05-2009 09:30,Major Arterial,Scarborough,43.77004538,-79.26129029,Yes,Clear,Natural,Dry,Non-Fatal Injury,Driver,40 to 44,Minimal,East, , ,Yes, , , , ,Yes, ,Yes,Yes, , ,Scarborough Centre (38),38,127,Bendale (127)
2009,24-05-2009 09:30,Major Arterial,Scarborough,43.77004538,-79.26129029,Yes,Clear,Natural,Dry,Non-Fatal Injury,Passenger,55 to 59,Minor,Unknown, , ,Yes, , , , ,Yes, ,Yes,Yes, , ,Scarborough Centre (38),38,127,Bendale (127)
2009,24-05-2009 09:30,Major Arterial,Scarborough,43.77004538,-79.26129029,Yes,Clear,Natural,Dry,Non-Fatal Injury,Driver,45 to 49,Minimal,East, , ,Yes, , , , ,Yes, ,Yes,Yes, , ,Scarborough Centre (38),38,127,Bendale (127)
2009,24-05-2009 09:30,Major Arterial,Scarborough,43.77004538,-79.26129029,Yes,Clear,Natural,Dry,Non-Fatal Injury,Driver,60 to 64,Minimal,North, , ,Yes, , , , ,Yes, ,Yes,Yes, , ,Scarborough Centre (38),38,127,Bendale (127)
2011,22-12-2011 10:30,Major Arterial,North York,43.75124538,-79.51619029,No,Clear,Natural,Dry,Non-Fatal Injury,Vehicle Owner,unknown,unknown,Unknown,Yes, , , , ,Yes, , , , , , , ,York West (8),8,25,Glenfield-Jane Heights (25)
2011,22-12-2011 10:30,Major Arterial,North York,43.75124538,-79.51619029,No,Clear,Natural,Dry,Non-Fatal Injury,Driver,40 to 44,None,North,Yes, , , , ,Yes, , , , , , , ,York West (8),8,25,Glenfield-Jane Heights (25)
2011,22-12-2011 10:30,Major Arterial,North York,43.75124538,-79.51619029,No,Clear,Natural,Dry,Non-Fatal Injury,Pedestrian,30 to 34,Major,North,Yes, , , , ,Yes, , , , , , , ,York West (8),8,25,Glenfield-Jane Heights (25)
2012,08-09-2012 09:30,Collector,North York,43.79864538,-79.36059029,No,Rain,Natural,Wet,Non-Fatal Injury,Pedestrian,25 to 29,Major,Unknown,Yes, ,Yes, , , , , , , , , , ,Willowdale (24),24,48,Hillcrest Village (48)
2012,08-09-2012 09:30,Collector,North York,43.79864538,-79.36059029,No,Rain,Natural,Wet,Non-Fatal Injury,Driver,25 to 29,None,North,Yes, ,Yes, , , , , , , , , , ,Willowdale (24),24,48,Hillcrest Village (48)
2013,04-01-2013 10:30,Major Arterial,Etobicoke York,43.60324538,-79.50629029,Yes,Clear,Natural,Wet,Non-Fatal Injury,Vehicle Owner,unknown,unknown,Unknown,Yes, ,Yes, , , , , , , , , , ,Etobicoke-Lakeshore (6),6,18,New Toronto (18)
2013,04-01-2013 10:30,Major Arterial,Etobicoke York,43.60324538,-79.50629029,Yes,Clear,Natural,Wet,Non-Fatal Injury,Driver,30 to 34,None,East,Yes, ,Yes, , , , , , , , , , ,Etobicoke-Lakeshore (6),6,18,New Toronto (18)
2013,04-01-2013 10:30,Major Arterial,Etobicoke York,43.60324538,-79.50629029,Yes,Clear,Natural,Wet,Non-Fatal Injury,Pedestrian,30 to 34,Major,South,Yes, ,Yes, , , , , , , , , , ,Etobicoke-Lakeshore (6),6,18,New Toronto (18)
2013,05-09-2013 09:30,Major Arterial,Etobicoke York,43.64868124,-79.50544367,Yes,Clear,Natural,Dry,Non-Fatal Injury,Driver,50 to 54,Major,East, , , ,Yes, ,Yes, , , ,Yes, , , ,Etobicoke-Lakeshore (5),5,16,Stonegate-Queensway (16)
2013,05-09-2013 09:30,Major Arterial,Etobicoke York,43.64868124,-79.50544367,Yes,Clear,Natural,Dry,Non-Fatal Injury,Vehicle Owner,unknown,unknown,Unknown, , , ,Yes, ,Yes, , , ,Yes, , , ,Etobicoke-Lakeshore (5),5,16,Stonegate-Queensway (16)
2013,05-09-2013 09:30,Major Arterial,Etobicoke York,43.64868124,-79.50544367,Yes,Clear,Natural,Dry,Non-Fatal Injury,Motorcycle Driver,45 to 49,None,West, , , ,Yes, ,Yes, , , ,Yes, , , ,Etobicoke-Lakeshore (5),5,16,Stonegate-Queensway (16)
2014,30-11-2014 10:30,Major Arterial,Etobicoke York,43.68619116,-79.51280604,No,Clear,Natural,Wet,Non-Fatal Injury,Driver,80 to 84,Major,South, , ,Yes, , , , ,Yes, , , , , ,Etobicoke Centre (4),4,8,Humber Heights-Westmount (8)
2014,30-11-2014 10:30,Major Arterial,Etobicoke York,43.68619116,-79.51280604,No,Clear,Natural,Wet,Non-Fatal Injury,Driver,75 to 79,Major,North, , ,Yes, , , , ,Yes, , , , , ,Etobicoke Centre (4),4,8,Humber Heights-Westmount (8)
2014,30-11-2014 10:30,Major Arterial,Etobicoke York,43.68619116,-79.51280604,No,Clear,Natural,Wet,Non-Fatal Injury,Passenger,65 to 69,Major,Unknown, , ,Yes, , , , ,Yes, , , , , ,Etobicoke Centre (4),4,8,Humber Heights-Westmount (8)
2017,28-05-2017 09:30,Major Arterial,North York,43.74414038,-79.40668829,Yes,Clear,Natural,Dry,Non-Fatal Injury,Driver,40 to 44,Minor,West, , ,Yes,Yes, , , ,Yes, ,Yes,Yes, , ,Don Valley West (25),25,40,St.Andrew-Windfields (40)
2017,28-05-2017 09:30,Major Arterial,North York,43.74414038,-79.40668829,Yes,Clear,Natural,Dry,Non-Fatal Injury,Motorcycle Driver,30 to 34,Major,South, , ,Yes,Yes, , , ,Yes, ,Yes,Yes, , ,Don Valley West (25),25,40,St.Andrew-Windfields (40)
2017,28-05-2017 09:30,Major Arterial,North York,43.74414038,-79.40668829,Yes,Clear,Natural,Dry,Non-Fatal Injury,Driver,65 to 69,None,East, , ,Yes,Yes, , , ,Yes, ,Yes,Yes, , ,Don Valley West (25),25,40,St.Andrew-Windfields (40)
2017,28-05-2017 09:30,Major Arterial,North York,43.74414038,-79.40668829,Yes,Clear,Natural,Dry,Non-Fatal Injury,Driver,55 to 59,None,East, , ,Yes,Yes, , , ,Yes, ,Yes,Yes, , ,Don Valley West (25),25,40,St.Andrew-Windfields (40)
2017,28-05-2017 09:30,Major Arterial,North York,43.74414038,-79.40668829,Yes,Clear,Natural,Dry,Non-Fatal Injury,Passenger,65 to 69,None,Unknown, , ,Yes,Yes, , , ,Yes, ,Yes,Yes, , ,Don Valley West (25),25,40,St.Andrew-Windfields (40)
2017,28-05-2017 09:30,Major Arterial,North York,43.74414038,-79.40668829,Yes,Clear,Natural,Dry,Non-Fatal Injury,Passenger,75 to 79,None,Unknown, , ,Yes,Yes, , , ,Yes, ,Yes,Yes, , ,Don Valley West (25),25,40,St.Andrew-Windfields (40)
2017,31-07-2017 09:30,Major Arterial,Etobicoke York,43.72793538,-79.58755129,Yes,Clear,Natural,Dry,Non-Fatal Injury,Driver,45 to 49,None,South, , ,Yes, , ,Yes, ,Yes, , , , , ,Etobicoke North (2),2,1,West Humber-Clairville (1)
2017,31-07-2017 09:30,Major Arterial,Etobicoke York,43.72793538,-79.58755129,Yes,Clear,Natural,Dry,Non-Fatal Injury,Driver,25 to 29,Major,North, , ,Yes, , ,Yes, ,Yes, , , , , ,Etobicoke North (2),2,1,West Humber-Clairville (1)
2017,31-07-2017 09:30,Major Arterial,Etobicoke York,43.72793538,-79.58755129,Yes,Clear,Natural,Dry,Non-Fatal Injury,Passenger,65 to 69,Minimal,Unknown, , ,Yes, , ,Yes, ,Yes, , , , , ,Etobicoke North (2),2,1,West Humber-Clairville (1)
2013,10-05-2013 09:30,Minor Arterial,Toronto East York,43.65954538,-79.34669029,Yes,Rain,Natural,Wet,Non-Fatal Injury,Vehicle Owner,unknown,unknown,Unknown, , ,Yes, ,Yes, , , , ,Yes, , , ,Toronto-Danforth (30),30,70,South Riverdale (70)
2013,10-05-2013 09:30,Minor Arterial,Toronto East York,43.65954538,-79.34669029,Yes,Rain,Natural,Wet,Non-Fatal Injury,Truck Driver,25 to 29,None,East, , ,Yes, ,Yes, , , , ,Yes, , , ,Toronto-Danforth (30),30,70,South Riverdale (70)
2013,10-05-2013 09:30,Minor Arterial,Toronto East York,43.65954538,-79.34669029,Yes,Rain,Natural,Wet,Non-Fatal Injury,Vehicle Owner,unknown,unknown,Unknown, , ,Yes, ,Yes, , , , ,Yes, , , ,Toronto-Danforth (30),30,70,South Riverdale (70)
2013,10-05-2013 09:30,Minor Arterial,Toronto East York,43.65954538,-79.34669029,Yes,Rain,Natural,Wet,Non-Fatal Injury,Driver,55 to 59,Major,East, , ,Yes, ,Yes, , , , ,Yes, , , ,Toronto-Danforth (30),30,70,South Riverdale (70)
2013,25-07-2013 09:30,Major Arterial,Etobicoke York,43.73416098,-79.6030694,Yes,Clear,Natural,Dry,Fatal,Pedestrian,25 to 29,Fatal,South,Yes, ,Yes, , , , , , ,Yes, , , ,Etobicoke North (1),1,1,West Humber-Clairville (1)
2013,25-07-2013 09:30,Major Arterial,Etobicoke York,43.73416098,-79.6030694,Yes,Clear,Natural,Dry,Fatal,Vehicle Owner,unknown,unknown,Unknown,Yes, ,Yes, , , , , , ,Yes, , , ,Etobicoke North (1),1,1,West Humber-Clairville (1)
2013,25-07-2013 09:30,Major Arterial,Etobicoke York,43.73416098,-79.6030694,Yes,Clear,Natural,Dry,Fatal,Driver,40 to 44,None,North,Yes, ,Yes, , , , , , ,Yes, , , ,Etobicoke North (1),1,1,West Humber-Clairville (1)
2012,02-12-2012 10:30,Major Arterial,Scarborough,43.77644538,-79.23179029,Yes,Rain,Natural,Wet,Non-Fatal Injury,Vehicle Owner,unknown,unknown,Unknown,Yes, ,Yes, , , , , , , , , , ,Scarborough Centre (38),38,137,Woburn (137)
2012,02-12-2012 10:30,Major Arterial,Scarborough,43.77644538,-79.23179029,Yes,Rain,Natural,Wet,Non-Fatal Injury,Driver,20 to 24,None,East,Yes, ,Yes, , , , , , , , , , ,Scarborough Centre (38),38,137,Woburn (137)
2012,02-12-2012 10:30,Major Arterial,Scarborough,43.77644538,-79.23179029,Yes,Rain,Natural,Wet,Non-Fatal Injury,Pedestrian,45 to 49,Major,North,Yes, ,Yes, , , , , , , , , , ,Scarborough Centre (38),38,137,Woburn (137)
2008,10-07-2008 09:30,Expressway,Toronto East York,43.66914538,-79.35709029,No,Clear,Natural,Dry,Non-Fatal Injury,Vehicle Owner,unknown,unknown,Unknown,Yes, ,Yes, , , , , , , , , , ,Toronto-Danforth (30),30,68,North Riverdale (68)
2008,10-07-2008 09:30,Expressway,Toronto East York,43.66914538,-79.35709029,No,Clear,Natural,Dry,Non-Fatal Injury,Driver,25 to 29,None,North,Yes, ,Yes, , , , , , , , , , ,Toronto-Danforth (30),30,68,North Riverdale (68)
2008,10-07-2008 09:30,Expressway,Toronto East York,43.66914538,-79.35709029,No,Clear,Natural,Dry,Non-Fatal Injury,Pedestrian,40 to 44,Major,West,Yes, ,Yes, , , , , , , , , , ,Toronto-Danforth (30),30,68,North Riverdale (68)
2012,17-01-2012 10:30,Major Arterial,Scarborough,43.76314538,-79.20959029,No,Rain,Natural,Wet,Non-Fatal Injury,Driver,80 to 84,Minor,West, , ,Yes, , , , ,Yes, , , , ,Yes,Scarborough East (43),43,137,Woburn (137)
2012,17-01-2012 10:30,Major Arterial,Scarborough,43.76314538,-79.20959029,No,Rain,Natural,Wet,Non-Fatal Injury,Passenger,unknown,Minimal,Unknown, , ,Yes, , , , ,Yes, , , , ,Yes,Scarborough East (43),43,137,Woburn (137)
2012,17-01-2012 10:30,Major Arterial,Scarborough,43.76314538,-79.20959029,No,Rain,Natural,Wet,Non-Fatal Injury,Passenger,0 to 4,Minimal,Unknown, , ,Yes, , , , ,Yes, , , , ,Yes,Scarborough East (43),43,137,Woburn (137)
2012,17-01-2012 10:30,Major Arterial,Scarborough,43.76314538,-79.20959029,No,Rain,Natural,Wet,Non-Fatal Injury,Passenger,0 to 4,Minimal,Unknown, , ,Yes, , , , ,Yes, , , , ,Yes,Scarborough East (43),43,137,Woburn (137)