YEAR,DATE,ROAD_CLASS,District,LATITUDE,LONGITUDE,TRAFFCTL,VISIBILITY,LIGHT,RDSFCOND,ACCLASS,INVTYPE,INVAGE,INJURY,INITDIR,PEDESTRIAN,CYCLIST,AUTOMOBILE,MOTORCYCLE,TRUCK,TRSN_CITY_VEH,EMERG_VEH,PASSENGER,SPEEDING,AG_DRIV,REDLIGHT,ALCOHOL,DISABILITY,Ward_Name,Ward_ID,Hood_ID,Hood_Name
2007,18-07-2007 09:30,Major Arterial,Toronto East York,43.68844538,-79.34839029,No,Clear,Natural,Dry,Non-Fatal Injury,Pedestrian,70 to 74,Major,North,Yes, , , , , , , , , , , , ,Toronto-Danforth (29),29,59,Danforth East York (59)
2008,28-05-2008 09:30,Minor Arterial,Toronto East York,43.64864538,-79.36149029,No,Clear,Natural,Dry,Non-Fatal Injury,Driver,40 to 44,None,North, ,Yes,Yes, , , , , , , , , , ,Toronto Centre-Rosedale (28),28,77,Waterfront Communities-The Island (77)
2008,28-05-2008 09:30,Minor Arterial,Toronto East York,43.64864538,-79.36149029,No,Clear,Natural,Dry,Non-Fatal Injury,Cyclist,20 to 24,Major,North, ,Yes,Yes, , , , , , , , , , ,Toronto Centre-Rosedale (28),28,77,Waterfront Communities-The Island (77)
2011,18-10-2011 09:30,Minor Arterial,Toronto East York,43.65093954,-79.43996058,Yes,Clear,Natural,Dry,Non-Fatal Injury,Driver,35 to 39,None,North, ,Yes,Yes, , , , , , , , , , ,Davenport (18),18,83,Dufferin Grove (83)
2011,18-10-2011 09:30,Minor Arterial,Toronto East York,43.65093954,-79.43996058,Yes,Clear,Natural,Dry,Non-Fatal Injury,Cyclist,40 to 44,Major,North, ,Yes,Yes, , , , , , , , , , ,Davenport (18),18,83,Dufferin Grove (83)
2012,25-08-2012 09:30,Minor Arterial,Toronto East York,43.66324538,-79.37259029,No,Clear,Natural,Dry,Fatal,Driver,30 to 34,None,East,Yes, ,Yes, , , , , , , , , , ,Toronto Centre-Rosedale (28),28,73,Moss Park (73)
2012,25-08-2012 09:30,Minor Arterial,Toronto East York,43.66324538,-79.37259029,No,Clear,Natural,Dry,Fatal,Pedestrian,60 to 64,Fatal,North,Yes, ,Yes, , , , , , , , , , ,Toronto Centre-Rosedale (28),28,73,Moss Park (73)
2015,06-10-2015 09:30,Minor Arterial,Toronto East York,43.68113287,-79.32269678,Yes,Clear,Natural,Dry,Non-Fatal Injury,Driver,35 to 39,None,South,Yes, ,Yes, , , , , , ,Yes, , , ,Beaches-East York (32),32,64,Woodbine Corridor (64)
2015,06-10-2015 09:30,Minor Arterial,Toronto East York,43.68113287,-79.32269678,Yes,Clear,Natural,Dry,Non-Fatal Injury,Pedestrian,10 to 14,Major,East,Yes, ,Yes, , , , , , ,Yes, , , ,Beaches-East York (32),32,64,Woodbine Corridor (64)
2013,22-10-2013 09:30,Major Arterial,Toronto East York,43.65640982,-79.40768061,Yes,Clear,Natural,Dry,Non-Fatal Injury,Driver,50 to 54,Major,South, ,Yes,Yes, , , , , , , , , , ,Trinity-Spadina (20),20,78,Kensington-Chinatown (78)
2013,22-10-2013 09:30,Major Arterial,Toronto East York,43.65640982,-79.40768061,Yes,Clear,Natural,Dry,Non-Fatal Injury,Cyclist,45 to 49,Minor,South, ,Yes,Yes, , , , , , , , , , ,Trinity-Spadina (20),20,78,Kensington-Chinatown (78)
2009,31-07-2009 09:30,Major Arterial,Toronto East York,43.67884538,-79.29799029,Yes,Clear,Natural,Dry,Non-Fatal Injury,Vehicle Owner,unknown,unknown,Unknown,Yes, ,Yes, , , , , , , , , , ,Beaches-East York (32),32,63,The Beaches (63)
2009,31-07-2009 09:30,Major Arterial,Toronto East York,43.67884538,-79.29799029,Yes,Clear,Natural,Dry,Non-Fatal Injury,Driver,35 to 39,None,West,Yes, ,Yes, , , , , , , , , , ,Beaches-East York (32),32,63,The Beaches (63)
2009,31-07-2009 09:30,Major Arterial,Toronto East York,43.67884538,-79.29799029,Yes,Clear,Natural,Dry,Non-Fatal Injury,Pedestrian,40 to 44,Major,South,Yes, ,Yes, , , , , , , , , , ,Beaches-East York (32),32,63,The Beaches (63)
2010,13-05-2010 09:30,Major Arterial,Toronto East York,43.66664538,-79.40389029,Yes,Clear,Natural,Dry,Non-Fatal Injury,Driver,50 to 54,None,West, ,Yes,Yes, , , , , , ,Yes, , , ,Trinity-Spadina (20),20,79,University (79)
2010,13-05-2010 09:30,Major Arterial,Toronto East York,43.66664538,-79.40389029,Yes,Clear,Natural,Dry,Non-Fatal Injury,Cyclist,25 to 29,Major,East, ,Yes,Yes, , , , , , ,Yes, , , ,Trinity-Spadina (20),20,79,University (79)
2015,06-10-2015 09:30,Major Arterial,Toronto East York,43.64097555,-79.41723261,Yes,Clear,Natural,Dry,Non-Fatal Injury,Cyclist,20 to 24,Major,East, ,Yes,Yes, , , , , , , , , , ,Trinity-Spadina (19),19,82,Niagara (82)
2015,06-10-2015 09:30,Major Arterial,Toronto East York,43.64097555,-79.41723261,Yes,Clear,Natural,Dry,Non-Fatal Injury,Driver,55 to 59,None,East, ,Yes,Yes, , , , , , , , , , ,Trinity-Spadina (19),19,82,Niagara (82)
2014,29-05-2014 09:30,Expressway,Etobicoke York,43.61888846,-79.52013026,No,Clear,Natural,Dry,Non-Fatal Injury,Driver,45 to 49,Major,East, , ,Yes, ,Yes, , , ,Yes,Yes, , , ,Etobicoke-Lakeshore (6),6,17,Mimico (includes Humber Bay Shores) (17)
2014,29-05-2014 09:30,Expressway,Etobicoke York,43.61888846,-79.52013026,No,Clear,Natural,Dry,Non-Fatal Injury,Truck Driver,65 to 69,None,East, , ,Yes, ,Yes, , , ,Yes,Yes, , , ,Etobicoke-Lakeshore (6),6,17,Mimico (includes Humber Bay Shores) (17)
2016,14-11-2016 10:30,Major Arterial,Scarborough,43.77949103,-79.30435572,Yes,Clear,Natural,Dry,Fatal,Driver,unknown,None,North,Yes, ,Yes, , , , , , ,Yes, , , ,Scarborough-Agincourt (40),40,118,Tam O'Shanter-Sullivan (118)
2016,14-11-2016 10:30,Major Arterial,Scarborough,43.77949103,-79.30435572,Yes,Clear,Natural,Dry,Fatal,Pedestrian,75 to 79,Fatal,East,Yes, ,Yes, , , , , , ,Yes, , , ,Scarborough-Agincourt (40),40,118,Tam O'Shanter-Sullivan (118)
2007,28-03-2007 09:30,Local,North York,43.77244538,-79.37729029,Yes,Clear,Natural,Dry,Non-Fatal Injury,Pedestrian,75 to 79,Major,West,Yes, ,Yes, , , , ,Yes, ,Yes, , , ,Willowdale (24),24,52,Bayview Village (52)
2007,28-03-2007 09:30,Local,North York,43.77244538,-79.37729029,Yes,Clear,Natural,Dry,Non-Fatal Injury,Passenger,0 to 4,None,Unknown,Yes, ,Yes, , , , ,Yes, ,Yes, , , ,Willowdale (24),24,52,Bayview Village (52)
2007,28-03-2007 09:30,Local,North York,43.77244538,-79.37729029,Yes,Clear,Natural,Dry,Non-Fatal Injury,Passenger,5 to 9,None,Unknown,Yes, ,Yes, , , , ,Yes, ,Yes, , , ,Willowdale (24),24,52,Bayview Village (52)
2007,28-03-2007 09:30,Local,North York,43.77244538,-79.37729029,Yes,Clear,Natural,Dry,Non-Fatal Injury,Passenger,5 to 9,None,Unknown,Yes, ,Yes, , , , ,Yes, ,Yes, , , ,Willowdale (24),24,52,Bayview Village (52)
2007,28-03-2007 09:30,Local,North York,43.77244538,-79.37729029,Yes,Clear,Natural,Dry,Non-Fatal Injury,Passenger,25 to 29,None,Unknown,Yes, ,Yes, , , , ,Yes, ,Yes, , , ,Willowdale (24),24,52,Bayview Village (52)
2007,28-03-2007 09:30,Local,North York,43.77244538,-79.37729029,Yes,Clear,Natural,Dry,Non-Fatal Injury,Driver,35 to 39,None,East,Yes, ,Yes, , , , ,Yes, ,Yes, , , ,Willowdale (24),24,52,Bayview Village (52)
2008,26-06-2008 09:30,Major Arterial,Scarborough,43.71064538,-79.29679029,No,Clear,Natural,Dry,Non-Fatal Injury,Driver,15 to 19,None,North,Yes, ,Yes, , , , , , ,Yes, , , ,Beaches-East York (31),31,54,O'Connor-Parkview (54)
2008,26-06-2008 09:30,Major Arterial,Scarborough,43.71064538,-79.29679029,No,Clear,Natural,Dry,Non-Fatal Injury,Pedestrian,20 to 24,Minor,Unknown,Yes, ,Yes, , , , , , ,Yes, , , ,Beaches-East York (31),31,54,O'Connor-Parkview (54)
2008,26-06-2008 09:30,Major Arterial,Scarborough,43.71064538,-79.29679029,No,Clear,Natural,Dry,Non-Fatal Injury,Pedestrian,85 to 89,Major,Unknown,Yes, ,Yes, , , , , , ,Yes, , , ,Beaches-East York (31),31,54,O'Connor-Parkview (54)
2009,09-10-2009 09:30,Local,Etobicoke York,43.71894538,-79.56899029,No,Rain,Natural,Wet,Non-Fatal Injury,Driver,35 to 39,None,South,Yes, ,Yes, , , , , , ,Yes, , , ,Etobicoke North (2),2,4,Rexdale-Kipling (4)
2009,09-10-2009 09:30,Local,Etobicoke York,43.71894538,-79.56899029,No,Rain,Natural,Wet,Non-Fatal Injury,Pedestrian,75 to 79,Major,North,Yes, ,Yes, , , , , , ,Yes, , , ,Etobicoke North (2),2,4,Rexdale-Kipling (4)
2013,17-06-2013 09:30,Major Arterial,Scarborough,43.76854538,-79.18879029,No,Clear,Natural,Dry,Non-Fatal Injury,Vehicle Owner,unknown,unknown,Unknown,Yes, , , ,Yes, , , , , , , , ,Scarborough East (43),43,136,West Hill (136)
2007,01-08-2007 09:30,Local,North York,43.76014538,-79.45329029,Yes,Clear,Natural,Dry,Non-Fatal Injury,Driver,40 to 44,Major,West, , ,Yes, , , , ,Yes, ,Yes, , , ,York Centre (10),10,34,Bathurst Manor (34)
2014,17-03-2014 09:30,Major Arterial,Scarborough,43.72859152,-79.26642237,No,Clear,Natural,Dry,Non-Fatal Injury,Pedestrian,80 to 84,Major,East,Yes, ,Yes, , , , , , , , , , ,Scarborough Southwest (35),35,124,Kennedy Park (124)
2008,25-06-2008 09:30,Major Arterial,Scarborough,43.77064538,-79.18689029,Yes,Clear,Natural,Dry,Non-Fatal Injury,Vehicle Owner,unknown,unknown,Unknown,Yes, ,Yes, , , , , , , , , , ,Scarborough East (43),43,136,West Hill (136)
2010,08-10-2010 09:30,Major Arterial,Etobicoke York,43.73894538,-79.57619029,Yes,Clear,Natural,Dry,Non-Fatal Injury,Pedestrian,70 to 74,Major,North,Yes, ,Yes, , , , , , ,Yes,Yes, , ,Etobicoke North (1),1,3,Thistletown-Beaumond Heights (3)
2014,21-09-2014 09:30,Major Arterial,North York,43.79239996,-79.44574366,Yes,Rain,Natural,Wet,Non-Fatal Injury,Pedestrian,40 to 44,Major,East,Yes, ,Yes, , , , , , ,Yes,Yes, , ,York Centre (10),10,36,Newtonbrook West (36)
2011,09-05-2011 09:30,Major Arterial,North York,43.75774538,-79.46499029,Yes,Clear,Natural,Dry,Non-Fatal Injury,Vehicle Owner,unknown,unknown,Unknown, , ,Yes, , , , , , , , , , ,York Centre (10),10,27,York University Heights (27)
2008,25-06-2008 09:30,Major Arterial,Scarborough,43.77064538,-79.18689029,Yes,Clear,Natural,Dry,Non-Fatal Injury,Driver,40 to 44,None,North,Yes, ,Yes, , , , , , , , , , ,Scarborough East (43),43,136,West Hill (136)
2011,09-05-2011 09:30,Major Arterial,North York,43.75774538,-79.46499029,Yes,Clear,Natural,Dry,Non-Fatal Injury,Driver,40 to 44,Major,North, , ,Yes, , , , , , , , , , ,York Centre (10),10,27,York University Heights (27)
2014,21-09-2014 09:30,Major Arterial,North York,43.79239996,-79.44574366,Yes,Rain,Natural,Wet,Non-Fatal Injury,Driver,unknown,None,South,Yes, ,Yes, , , , , , ,Yes,Yes, , ,York Centre (10),10,36,Newtonbrook West (36)
2013,17-06-2013 09:30,Major Arterial,Scarborough,43.76854538,-79.18879029,No,Clear,Natural,Dry,Non-Fatal Injury,Truck Driver,25 to 29,None,East,Yes, , , ,Yes, , , , , , , , ,Scarborough East (43),43,136,West Hill (136)
2008,25-06-2008 09:30,Major Arterial,Scarborough,43.77064538,-79.18689029,Yes,Clear,Natural,Dry,Non-Fatal Injury,Pedestrian,50 to 54,Major,Unknown,Yes, ,Yes, , , , , , , , , , ,Scarborough East (43),43,136,West Hill (136)
2011,09-05-2011 09:30,Major Arterial,North York,43.75774538,-79.46499029,Yes,Clear,Natural,Dry,Non-Fatal Injury,Vehicle Owner,unknown,unknown,Unknown, , ,Yes, , , , , , , , , , ,York Centre (10),10,27,York University Heights (27)
2017,26-07-2017 09:30,Major Arterial,North York,43.74142798,-79.31420527,Yes,Clear,Natural,Dry,Non-Fatal Injury,Motorcycle Driver,50 to 54,Major,West, , ,Yes,Yes, , , , , ,Yes, , , ,Don Valley East (34),34,43,Victoria Village (43)
2007,23-10-2007 09:30,Major Arterial,North York,43.75824538,-79.41009029,Yes,Rain,Natural,Wet,Non-Fatal Injury,Pedestrian,25 to 29,Major,North,Yes, ,Yes, , , , , , ,Yes, , , ,Willowdale (23),23,51,Willowdale East (51)
2009,26-02-2009 10:30,Major Arterial,Scarborough,43.77630575,-79.28516016,Yes,Clear,Natural,Dry,Non-Fatal Injury,Passenger,45 to 49,Major,Unknown, , ,Yes, , , , ,Yes, , , , , ,Scarborough-Agincourt (40),40,128,Agincourt South-Malvern West (128)
2009,26-02-2009 10:30,Major Arterial,Scarborough,43.77630575,-79.28516016,Yes,Clear,Natural,Dry,Non-Fatal Injury,Driver,45 to 49,Minor,North, , ,Yes, , , , ,Yes, , , , , ,Scarborough-Agincourt (40),40,128,Agincourt South-Malvern West (128)
2009,26-02-2009 10:30,Major Arterial,Scarborough,43.77630575,-79.28516016,Yes,Clear,Natural,Dry,Non-Fatal Injury,Vehicle Owner,unknown,unknown,Unknown, , ,Yes, , , , ,Yes, , , , , ,Scarborough-Agincourt (40),40,128,Agincourt South-Malvern West (128)
2009,26-02-2009 10:30,Major Arterial,Scarborough,43.77630575,-79.28516016,Yes,Clear,Natural,Dry,Non-Fatal Injury,Driver,55 to 59,Minor,West, , ,Yes, , , , ,Yes, , , , , ,Scarborough-Agincourt (40),40,128,Agincourt South-Malvern West (128)
2010,05-04-2010 09:30,Major Arterial,Toronto East York,43.65494538,-79.39879029,Yes,Clear,Natural,Dry,Non-Fatal Injury,Driver,55 to 59,None,West, ,Yes,Yes, , , , , , , , , , ,Trinity-Spadina (20),20,78,Kensington-Chinatown (78)
2010,05-04-2010 09:30,Major Arterial,Toronto East York,43.65494538,-79.39879029,Yes,Clear,Natural,Dry,Non-Fatal Injury,Cyclist,65 to 69,Major,South, ,Yes,Yes, , , , , , , , , , ,Trinity-Spadina (20),20,78,Kensington-Chinatown (78)
2013,26-02-2013 10:30,Local,North York,43.76684538,-79.37599029,No,Clear,Natural,Dry,Non-Fatal Injury,Pedestrian,75 to 79,Major,South,Yes, ,Yes, , , , , , , , , , ,Willowdale (24),24,52,Bayview Village (52)
2013,26-02-2013 10:30,Local,North York,43.76684538,-79.37599029,No,Clear,Natural,Dry,Non-Fatal Injury,Driver,60 to 64,None,East,Yes, ,Yes, , , , , , , , , , ,Willowdale (24),24,52,Bayview Village (52)
2013,30-09-2013 09:30,Major Arterial,Etobicoke York,43.68674811,-79.59554682,Yes,Clear,Natural,Wet,Non-Fatal Injury,Pedestrian,60 to 64,Major,East,Yes, ,Yes, , , , , , ,Yes, , , ,Etobicoke North (2),2,1,West Humber-Clairville (1)
2013,30-09-2013 09:30,Major Arterial,Etobicoke York,43.68674811,-79.59554682,Yes,Clear,Natural,Wet,Non-Fatal Injury,Vehicle Owner,unknown,unknown,Unknown,Yes, ,Yes, , , , , , ,Yes, , , ,Etobicoke North (2),2,1,West Humber-Clairville (1)
2007,01-08-2007 09:30,Local,North York,43.76014538,-79.45329029,Yes,Clear,Natural,Dry,Non-Fatal Injury,Passenger,20 to 24,Minimal,Unknown, , ,Yes, , , , ,Yes, ,Yes, , , ,York Centre (10),10,34,Bathurst Manor (34)
2013,30-09-2013 09:30,Major Arterial,Etobicoke York,43.68674811,-79.59554682,Yes,Clear,Natural,Wet,Non-Fatal Injury,Driver,45 to 49,None,East,Yes, ,Yes, , , , , , ,Yes, , , ,Etobicoke North (2),2,1,West Humber-Clairville (1)
2015,22-08-2015 09:30,Major Arterial,Etobicoke York,43.63851507,-79.5379983,Yes,Clear,Natural,Dry,Non-Fatal Injury,Driver,40 to 44,None,South,Yes, , , , ,Yes, , , ,Yes, , , ,Etobicoke-Lakeshore (5),5,14,Islington-City Centre West (14)
2015,22-08-2015 09:30,Major Arterial,Etobicoke York,43.63851507,-79.5379983,Yes,Clear,Natural,Dry,Non-Fatal Injury,Pedestrian,75 to 79,Major,North,Yes, , , , ,Yes, , , ,Yes, , , ,Etobicoke-Lakeshore (5),5,14,Islington-City Centre West (14)
2016,20-10-2016 09:30,Major Arterial,Etobicoke York,43.68834646,-79.47423945,No,Rain,Artificial,Wet,Non-Fatal Injury,Driver,30 to 34,None,South,Yes, ,Yes, , , , , , ,Yes, , , ,York South-Weston (12),12,110,Keelesdale-Eglinton West (110)
2016,20-10-2016 09:30,Major Arterial,Etobicoke York,43.68834646,-79.47423945,No,Rain,Artificial,Wet,Non-Fatal Injury,Pedestrian,unknown,Major,North,Yes, ,Yes, , , , , , ,Yes, , , ,York South-Weston (12),12,110,Keelesdale-Eglinton West (110)
2009,25-07-2009 09:30,Minor Arterial,Etobicoke York,43.71224538,-79.58039029,No,Clear,Natural,Dry,Non-Fatal Injury,Vehicle Owner,unknown,unknown,Unknown, , ,Yes, , , , , , , , , , ,Etobicoke North (2),2,1,West Humber-Clairville (1)
2009,25-07-2009 09:30,Minor Arterial,Etobicoke York,43.71224538,-79.58039029,No,Clear,Natural,Dry,Non-Fatal Injury,Driver,30 to 34,Minor,North, , ,Yes, , , , , , , , , , ,Etobicoke North (2),2,1,West Humber-Clairville (1)
2009,25-07-2009 09:30,Minor Arterial,Etobicoke York,43.71224538,-79.58039029,No,Clear,Natural,Dry,Non-Fatal Injury,Vehicle Owner,unknown,unknown,Unknown, , ,Yes, , , , , , , , , , ,Etobicoke North (2),2,1,West Humber-Clairville (1)
2009,25-07-2009 09:30,Minor Arterial,Etobicoke York,43.71224538,-79.58039029,No,Clear,Natural,Dry,Non-Fatal Injury,Driver,40 to 44,Major,South, , ,Yes, , , , , , , , , , ,Etobicoke North (2),2,1,West Humber-Clairville (1)
2010,08-03-2010 10:30,Major Arterial,Scarborough,43.78534538,-79.25649029,Yes,Clear,Natural,Dry,Non-Fatal Injury,Driver,55 to 59,None,South,Yes, ,Yes, , , , , , ,Yes, , , ,Scarborough-Rouge River (41),41,128,Agincourt South-Malvern West (128)
2010,08-03-2010 10:30,Major Arterial,Scarborough,43.78534538,-79.25649029,Yes,Clear,Natural,Dry,Non-Fatal Injury,Pedestrian,55 to 59,Major,North,Yes, ,Yes, , , , , , ,Yes, , , ,Scarborough-Rouge River (41),41,128,Agincourt South-Malvern West (128)
2015,30-09-2015 09:30,Major Arterial,Toronto East York,43.64956244,-79.41952906,No,Clear,Natural,Dry,Non-Fatal Injury,Driver,30 to 34,None,East, , ,Yes,Yes, , , , , , , , , ,Trinity-Spadina (19),19,81,Trinity-Bellwoods (81)
2015,30-09-2015 09:30,Major Arterial,Toronto East York,43.64956244,-79.41952906,No,Clear,Natural,Dry,Non-Fatal Injury,Motorcycle Driver,35 to 39,Major,East, , ,Yes,Yes, , , , , , , , , ,Trinity-Spadina (19),19,81,Trinity-Bellwoods (81)
2007,18-11-2007 10:30,Expressway,Toronto East York,43.70054538,-79.33709029,No,Clear,Natural,Dry,Non-Fatal Injury,Vehicle Owner,unknown,unknown,Unknown, , ,Yes, , , , , , , , , , ,Toronto-Danforth (29),29,58,Old East York (58)
2007,18-11-2007 10:30,Expressway,Toronto East York,43.70054538,-79.33709029,No,Clear,Natural,Dry,Non-Fatal Injury,Driver,30 to 34,Major,South, , ,Yes, , , , , , , , , , ,Toronto-Danforth (29),29,58,Old East York (58)
2014,06-03-2014 10:30,Collector,Etobicoke York,43.65729101,-79.50911341,No,Snow,Natural,Slush/Ice,Fatal,Driver,50 to 54,Fatal,South, , ,Yes, , , , , , , , , , ,Etobicoke-Lakeshore (5),5,15,Kingsway South (15)
2015,12-05-2015 09:30,Collector,Etobicoke York,43.71578558,-79.57508478,No,Clear,Natural,Dry,Non-Fatal Injury,Driver,55 to 59,Major,West, , ,Yes, , , , , ,Yes,Yes, , , ,Etobicoke North (2),2,1,West Humber-Clairville (1)
2015,12-05-2015 09:30,Collector,Etobicoke York,43.71578558,-79.57508478,No,Clear,Natural,Dry,Non-Fatal Injury,Driver,20 to 24,Minimal,East, , ,Yes, , , , , ,Yes,Yes, , , ,Etobicoke North (2),2,1,West Humber-Clairville (1)
2015,03-09-2015 09:30,Major Arterial,Etobicoke York,43.62317236,-79.48179255,No,Clear,Natural,Dry,Fatal,Pedestrian,70 to 74,Fatal,West,Yes, , , ,Yes, , , , , , , , ,Etobicoke-Lakeshore (6),6,17,Mimico (includes Humber Bay Shores) (17)
2015,03-09-2015 09:30,Major Arterial,Etobicoke York,43.62317236,-79.48179255,No,Clear,Natural,Dry,Fatal,Truck Driver,25 to 29,None,South,Yes, , , ,Yes, , , , , , , , ,Etobicoke-Lakeshore (6),6,17,Mimico (includes Humber Bay Shores) (17)
2014,15-05-2014 09:30,Major Arterial,North York,43.77018316,-79.46068201,Yes,Clear,Natural,Dry,Non-Fatal Injury,Driver,60 to 64,None,West, , ,Yes, , , , ,Yes, ,Yes, , , ,York Centre (10),10,34,Bathurst Manor (34)
2014,15-05-2014 09:30,Major Arterial,North York,43.77018316,-79.46068201,Yes,Clear,Natural,Dry,Non-Fatal Injury,Driver,20 to 24,Minimal,West, , ,Yes, , , , ,Yes, ,Yes, , , ,York Centre (10),10,34,Bathurst Manor (34)
2014,15-05-2014 09:30,Major Arterial,North York,43.77018316,-79.46068201,Yes,Clear,Natural,Dry,Non-Fatal Injury,Driver,60 to 64,None,West, , ,Yes, , , , ,Yes, ,Yes, , , ,York Centre (10),10,34,Bathurst Manor (34)
2014,15-05-2014 09:30,Major Arterial,North York,43.77018316,-79.46068201,Yes,Clear,Natural,Dry,Non-Fatal Injury,Passenger,20 to 24,Major,Unknown, , ,Yes, , , , ,Yes, ,Yes, , , ,York Centre (10),10,34,Bathurst Manor (34)
2014,15-05-2014 09:30,Major Arterial,North York,43.77018316,-79.46068201,Yes,Clear,Natural,Dry,Non-Fatal Injury,Passenger,40 to 44,None,Unknown, , ,Yes, , , , ,Yes, ,Yes, , , ,York Centre (10),10,34,Bathurst Manor (34)
2017,18-07-2017 09:30,Major Arterial,North York,43.75769003,-79.40994654,No,Clear,Natural,Dry,Non-Fatal Injury,Truck Driver,55 to 59,None,South, ,Yes, , ,Yes, , , , , , , , ,Willowdale (23),23,51,Willowdale East (51)
2017,18-07-2017 09:30,Major Arterial,North York,43.75769003,-79.40994654,No,Clear,Natural,Dry,Non-Fatal Injury,Cyclist,40 to 44,Major,South, ,Yes, , ,Yes, , , , , , , , ,Willowdale (23),23,51,Willowdale East (51)
2008,01-05-2008 09:30,Minor Arterial,Scarborough,43.71964538,-79.24709029,Yes,Clear,Natural,Dry,Fatal,Vehicle Owner,unknown,unknown,Unknown,Yes, , , ,Yes, , , , , , , , ,Scarborough Southwest (36),36,123,Cliffcrest (123)
2008,01-05-2008 09:30,Minor Arterial,Scarborough,43.71964538,-79.24709029,Yes,Clear,Natural,Dry,Fatal,Truck Driver,35 to 39,None,South,Yes, , , ,Yes, , , , , , , , ,Scarborough Southwest (36),36,123,Cliffcrest (123)
2008,01-05-2008 09:30,Minor Arterial,Scarborough,43.71964538,-79.24709029,Yes,Clear,Natural,Dry,Fatal,Pedestrian,50 to 54,Fatal,North,Yes, , , ,Yes, , , , , , , , ,Scarborough Southwest (36),36,123,Cliffcrest (123)
2012,14-06-2012 09:30,Major Arterial,Toronto East York,43.64624538,-79.39819029,Yes,Clear,Natural,Dry,Fatal,Driver,45 to 49,None,East,Yes, ,Yes, , , , , , , , , , ,Trinity-Spadina (20),20,77,Waterfront Communities-The Island (77)
2012,14-06-2012 09:30,Major Arterial,Toronto East York,43.64624538,-79.39819029,Yes,Clear,Natural,Dry,Fatal,Pedestrian,30 to 34,Fatal,East,Yes, ,Yes, , , , , , , , , , ,Trinity-Spadina (20),20,77,Waterfront Communities-The Island (77)
2015,14-10-2015 09:30,Major Arterial,Toronto East York,43.67114981,-79.38233576,No,Clear,Natural,Dry,Non-Fatal Injury,Cyclist,40 to 44,Major,West, ,Yes,Yes, , , , , , , , , , ,Toronto Centre-Rosedale (27),27,75,Church-Yonge Corridor (75)
2015,14-10-2015 09:30,Major Arterial,Toronto East York,43.67114981,-79.38233576,No,Clear,Natural,Dry,Non-Fatal Injury,Driver,45 to 49,None,West, ,Yes,Yes, , , , , , , , , , ,Toronto Centre-Rosedale (27),27,75,Church-Yonge Corridor (75)
2016,26-09-2016 09:30,Major Arterial,Toronto East York,43.67793997,-79.34958277,Yes,Clear,Natural,Dry,Non-Fatal Injury,Truck Driver,45 to 49,None,West, , , , ,Yes, , ,Yes, , , , , ,Toronto-Danforth (30),30,68,North Riverdale (68)
2016,26-09-2016 09:30,Major Arterial,Toronto East York,43.67793997,-79.34958277,Yes,Clear,Natural,Dry,Non-Fatal Injury,Passenger,45 to 49,Major,Unknown, , , , ,Yes, , ,Yes, , , , , ,Toronto-Danforth (30),30,68,North Riverdale (68)
2016,26-09-2016 09:30,Major Arterial,Toronto East York,43.67793997,-79.34958277,Yes,Clear,Natural,Dry,Non-Fatal Injury,Passenger,20 to 24,None,Unknown, , , , ,Yes, , ,Yes, , , , , ,Toronto-Danforth (30),30,68,North Riverdale (68)
2016,26-09-2016 09:30,Major Arterial,Toronto East York,43.67793997,-79.34958277,Yes,Clear,Natural,Dry,Non-Fatal Injury,Passenger,unknown,None,Unknown, , , , ,Yes, , ,Yes, , , , , ,Toronto-Danforth (30),30,68,North Riverdale (68)
2012,11-10-2012 09:30,Minor Arterial,Toronto East York,43.64932211,-79.42077265,No,Clear,Natural,Dry,Non-Fatal Injury,Motorcycle Driver,20 to 24,Major,South, , ,Yes,Yes, , , , , , , , , ,Trinity-Spadina (19),19,81,Trinity-Bellwoods (81)
2012,11-10-2012 09:30,Minor Arterial,Toronto East York,43.64932211,-79.42077265,No,Clear,Natural,Dry,Non-Fatal Injury,Vehicle Owner,unknown,unknown,Unknown, , ,Yes,Yes, , , , , , , , , ,Trinity-Spadina (19),19,81,Trinity-Bellwoods (81)
2012,11-10-2012 09:30,Minor Arterial,Toronto East York,43.64932211,-79.42077265,No,Clear,Natural,Dry,Non-Fatal Injury,Driver,50 to 54,None,East, , ,Yes,Yes, , , , , , , , , ,Trinity-Spadina (19),19,81,Trinity-Bellwoods (81)
2007,17-04-2007 09:30,Major Arterial,Scarborough,43.77874538,-79.30789029,Yes,Clear,Natural,Dry,Non-Fatal Injury,Driver,70 to 74,Major,North, , ,Yes, , , , , , ,Yes,Yes, ,Yes,Scarborough-Agincourt (40),40,118,Tam O'Shanter-Sullivan (118)
2007,17-04-2007 09:30,Major Arterial,Scarborough,43.77874538,-79.30789029,Yes,Clear,Natural,Dry,Non-Fatal Injury,Driver,35 to 39,None,North, , ,Yes, , , , , , ,Yes,Yes, ,Yes,Scarborough-Agincourt (40),40,118,Tam O'Shanter-Sullivan (118)
2007,17-04-2007 09:30,Major Arterial,Scarborough,43.77874538,-79.30789029,Yes,Clear,Natural,Dry,Non-Fatal Injury,Vehicle Owner,unknown,None,Unknown, , ,Yes, , , , , , ,Yes,Yes, ,Yes,Scarborough-Agincourt (40),40,118,Tam O'Shanter-Sullivan (118)