YEAR,DATE,ROAD_CLASS,District,LATITUDE,LONGITUDE,TRAFFCTL,VISIBILITY,LIGHT,RDSFCOND,ACCLASS,INVTYPE,INVAGE,INJURY,INITDIR,PEDESTRIAN,CYCLIST,AUTOMOBILE,MOTORCYCLE,TRUCK,TRSN_CITY_VEH,EMERG_VEH,PASSENGER,SPEEDING,AG_DRIV,REDLIGHT,ALCOHOL,DISABILITY,Ward_Name,Ward_ID,Hood_ID,Hood_Name
2008,19-10-2008 09:30,Major Arterial,Scarborough,43.77954538,-79.25419029,Yes,Clear,Natural,Dry,Non-Fatal Injury,Truck Driver,55 to 59,None,South,Yes, , , ,Yes, , , ,Yes,Yes, , , ,Scarborough Centre (38),38,137,Woburn (137)
2008,19-10-2008 09:30,Major Arterial,Scarborough,43.77954538,-79.25419029,Yes,Clear,Natural,Dry,Non-Fatal Injury,Other,60 to 64,unknown,South,Yes, , , ,Yes, , , ,Yes,Yes, , , ,Scarborough Centre (38),38,137,Woburn (137)
2008,19-10-2008 09:30,Major Arterial,Scarborough,43.77954538,-79.25419029,Yes,Clear,Natural,Dry,Non-Fatal Injury,Pedestrian,60 to 64,Major,Unknown,Yes, , , ,Yes, , , ,Yes,Yes, , , ,Scarborough Centre (38),38,137,Woburn (137)
2009,12-01-2009 10:30,Minor Arterial,Scarborough,43.79744538,-79.20479029,Yes,Clear,Natural,Dry,Non-Fatal Injury,Driver,45 to 49,Major,North, , ,Yes, , , , ,Yes, , , , , ,Scarborough-Rouge River (42),42,132,Malvern (132)
2009,12-01-2009 10:30,Minor Arterial,Scarborough,43.79744538,-79.20479029,Yes,Clear,Natural,Dry,Non-Fatal Injury,Passenger,unknown,Minor,Unknown, , ,Yes, , , , ,Yes, , , , , ,Scarborough-Rouge River (42),42,132,Malvern (132)
2009,12-01-2009 10:30,Minor Arterial,Scarborough,43.79744538,-79.20479029,Yes,Clear,Natural,Dry,Non-Fatal Injury,Driver,15 to 19,None,East, , ,Yes, , , , ,Yes, , , , , ,Scarborough-Rouge River (42),42,132,Malvern (132)
2016,14-06-2016 09:30,Minor Arterial,Toronto East York,43.64069327,-79.39228449,No,Clear,Natural,Dry,Fatal,Driver,45 to 49,None,West,Yes, ,Yes, , , , , ,Yes,Yes, , , ,Trinity-Spadina (20),20,77,Waterfront Communities-The Island (77)
2016,14-06-2016 09:30,Minor Arterial,Toronto East York,43.64069327,-79.39228449,No,Clear,Natural,Dry,Fatal,Pedestrian,35 to 39,Fatal,Unknown,Yes, ,Yes, , , , , ,Yes,Yes, , , ,Trinity-Spadina (20),20,77,Waterfront Communities-The Island (77)
2008,04-09-2008 09:30,Major Arterial,Toronto East York,43.690044,-79.40288935,No,Clear,Natural,Dry,Non-Fatal Injury,Cyclist,35 to 39,Major,East, ,Yes,Yes, , , ,Yes, , ,Yes, , , ,St. Paul's (22),22,96,Casa Loma (96)
2016,23-11-2016 10:30,Major Arterial,Etobicoke York,43.65576132,-79.59836207,Yes,Clear,Natural,Dry,Non-Fatal Injury,Driver,55 to 59,None,South, , ,Yes, , , , , , , , , , ,Etobicoke Centre (3),3,11,Eringate-Centennial-West Deane (11)
2017,25-01-2017 10:30,Major Arterial,Etobicoke York,43.75201758,-79.54233179,Yes,Clear,Natural,Wet,Fatal,Driver,85 to 89,Fatal,South, , ,Yes, , , , , , , , , ,Yes,York West (7),7,22,Humbermede (22)
2012,05-10-2012 09:30,Major Arterial,Etobicoke York,43.67024538,-79.49319029,No,Clear,Natural,Dry,Fatal,Driver,30 to 34,None,North, , ,Yes,Yes, , , , , , , , , ,York South-Weston (11),11,111,Rockcliffe-Smythe (111)
2009,22-05-2009 09:30,Major Arterial,Toronto East York,43.65594538,-79.35769029,No,Clear,Natural,Dry,Non-Fatal Injury,Pedestrian,45 to 49,Major,Unknown,Yes, ,Yes, , , , , , , , , , ,Toronto Centre-Rosedale (28),28,73,Moss Park (73)
2012,14-06-2012 09:30,Expressway,Toronto East York,43.64654538,-79.36659029,No,Clear,Natural,Dry,Non-Fatal Injury,Driver,65 to 69,Major,West, , ,Yes, , , , , , , , , , ,Toronto Centre-Rosedale (28),28,77,Waterfront Communities-The Island (77)
2016,14-06-2016 09:30,Minor Arterial,Toronto East York,43.64069327,-79.39228449,No,Clear,Natural,Dry,Fatal,Pedestrian,35 to 39,Minimal,Unknown,Yes, ,Yes, , , , , ,Yes,Yes, , , ,Trinity-Spadina (20),20,77,Waterfront Communities-The Island (77)
2017,01-02-2017 10:30,Expressway Ramp,Scarborough,43.79479559,-79.19647608,Yes,Clear,Natural,Dry,Non-Fatal Injury,Driver,45 to 49,Major,East,Yes, ,Yes, , , , , , ,Yes, , , ,Scarborough East (44),44,134,Highland Creek (134)
2017,01-02-2017 10:30,Expressway Ramp,Scarborough,43.79479559,-79.19647608,Yes,Clear,Natural,Dry,Non-Fatal Injury,Pedestrian,20 to 24,Minor,North,Yes, ,Yes, , , , , , ,Yes, , , ,Scarborough East (44),44,134,Highland Creek (134)
2012,13-07-2012 09:30,Major Arterial,Etobicoke York,43.72064538,-79.50989029,No,Clear,Natural,Dry,Non-Fatal Injury,Vehicle Owner,unknown,unknown,Unknown,Yes, ,Yes, , , , , , ,Yes, , , ,York West (7),7,26,Downsview-Roding-CFB (26)
2012,13-07-2012 09:30,Major Arterial,Etobicoke York,43.72064538,-79.50989029,No,Clear,Natural,Dry,Non-Fatal Injury,Driver,unknown,None,North,Yes, ,Yes, , , , , , ,Yes, , , ,York West (7),7,26,Downsview-Roding-CFB (26)
2012,13-07-2012 09:30,Major Arterial,Etobicoke York,43.72064538,-79.50989029,No,Clear,Natural,Dry,Non-Fatal Injury,Pedestrian,50 to 54,Major,South,Yes, ,Yes, , , , , , ,Yes, , , ,York West (7),7,26,Downsview-Roding-CFB (26)
2012,26-01-2012 10:30,Major Arterial,Toronto East York,43.67594538,-79.35989029,No,Rain,Natural,Wet,Non-Fatal Injury,Vehicle Owner,unknown,unknown,Unknown, ,Yes,Yes, , , , , , , , , , ,Toronto-Danforth (30),30,68,North Riverdale (68)
2012,26-01-2012 10:30,Major Arterial,Toronto East York,43.67594538,-79.35989029,No,Rain,Natural,Wet,Non-Fatal Injury,Driver,50 to 54,None,East, ,Yes,Yes, , , , , , , , , , ,Toronto-Danforth (30),30,68,North Riverdale (68)
2012,26-01-2012 10:30,Major Arterial,Toronto East York,43.67594538,-79.35989029,No,Rain,Natural,Wet,Non-Fatal Injury,Cyclist,20 to 24,Major,East, ,Yes,Yes, , , , , , , , , , ,Toronto-Danforth (30),30,68,North Riverdale (68)
2009,08-04-2009 09:30,Collector,Etobicoke York,43.65974386,-79.51008997,No,Clear,Natural,Dry,Non-Fatal Injury,Vehicle Owner,unknown,unknown,Unknown,Yes, ,Yes, , , , , , , , , , ,Etobicoke-Lakeshore (5),5,15,Kingsway South (15)
2012,30-01-2012 10:30,Major Arterial,Etobicoke York,43.76434668,-79.57489405,Yes,Clear,Natural,Dry,Fatal,Driver,75 to 79,Fatal,West, , ,Yes, , , , , , , , , ,Yes,York West (7),7,21,Humber Summit (21)
2012,10-04-2012 09:30,Major Arterial,North York,43.77524538,-79.41439029,No,Clear,Natural,Dry,Non-Fatal Injury,Driver,35 to 39,None,North,Yes, ,Yes, , , , , , , , , , ,Willowdale (23),23,51,Willowdale East (51)
2009,08-04-2009 09:30,Collector,Etobicoke York,43.65974386,-79.51008997,No,Clear,Natural,Dry,Non-Fatal Injury,Driver,30 to 34,None,South,Yes, ,Yes, , , , , , , , , , ,Etobicoke-Lakeshore (5),5,15,Kingsway South (15)
2009,08-04-2009 09:30,Collector,Etobicoke York,43.65974386,-79.51008997,No,Clear,Natural,Dry,Non-Fatal Injury,Wheelchair,65 to 69,Major,North,Yes, ,Yes, , , , , , , , , , ,Etobicoke-Lakeshore (5),5,15,Kingsway South (15)
2009,19-09-2009 09:30,Major Arterial,Scarborough,43.76034538,-79.30449029,Yes,Clear,Natural,Dry,Fatal,Driver,30 to 34,None,East, , ,Yes, , , , , , ,Yes, , , ,Scarborough Centre (37),37,119,Wexford/Maryvale (119)
2009,19-09-2009 09:30,Major Arterial,Scarborough,43.76034538,-79.30449029,Yes,Clear,Natural,Dry,Fatal,Driver,85 to 89,Fatal,North, , ,Yes, , , , , , ,Yes, , , ,Scarborough Centre (37),37,119,Wexford/Maryvale (119)
2013,10-04-2013 09:30,Major Arterial,North York,43.73354538,-79.48369029,Yes,Rain,Natural,Wet,Non-Fatal Injury,Driver,65 to 69,Major,North, , ,Yes, , , , , ,Yes,Yes, , , ,York Centre (9),9,26,Downsview-Roding-CFB (26)
2013,10-04-2013 09:30,Major Arterial,North York,43.73354538,-79.48369029,Yes,Rain,Natural,Wet,Non-Fatal Injury,Driver,65 to 69,Minor,East, , ,Yes, , , , , ,Yes,Yes, , , ,York Centre (9),9,26,Downsview-Roding-CFB (26)
2015,02-12-2015 10:30,Major Arterial,North York,43.71924933,-79.42981348,Yes,Clear,Natural,Dry,Fatal,Driver,45 to 49,None,East,Yes, ,Yes, , , , , , ,Yes, , , ,Eglinton-Lawrence (15),15,39,Bedford Park-Nortown (39)
2015,02-12-2015 10:30,Major Arterial,North York,43.71924933,-79.42981348,Yes,Clear,Natural,Dry,Fatal,Pedestrian,90 to 94,Fatal,North,Yes, ,Yes, , , , , , ,Yes, , , ,Eglinton-Lawrence (15),15,39,Bedford Park-Nortown (39)
2007,13-06-2007 09:30,Major Arterial,Toronto East York,43.66864538,-79.38609029,Yes,Clear,Natural,Dry,Non-Fatal Injury,Pedestrian,70 to 74,Minor,North,Yes, ,Yes, , , , , , , , , , ,Toronto Centre-Rosedale (27),27,75,Church-Yonge Corridor (75)
2007,13-06-2007 09:30,Major Arterial,Toronto East York,43.66864538,-79.38609029,Yes,Clear,Natural,Dry,Non-Fatal Injury,Pedestrian,65 to 69,Minor,North,Yes, ,Yes, , , , , , , , , , ,Toronto Centre-Rosedale (27),27,75,Church-Yonge Corridor (75)
2007,13-06-2007 09:30,Major Arterial,Toronto East York,43.66864538,-79.38609029,Yes,Clear,Natural,Dry,Non-Fatal Injury,Driver,35 to 39,Major,West,Yes, ,Yes, , , , , , , , , , ,Toronto Centre-Rosedale (27),27,75,Church-Yonge Corridor (75)
2007,13-06-2007 09:30,Major Arterial,Toronto East York,43.66864538,-79.38609029,Yes,Clear,Natural,Dry,Non-Fatal Injury,Vehicle Owner,unknown,None,Unknown,Yes, ,Yes, , , , , , , , , , ,Toronto Centre-Rosedale (27),27,75,Church-Yonge Corridor (75)
2009,24-01-2009 10:30,Collector,Toronto East York,43.64854538,-79.34499029,No,Clear,Natural,Dry,Non-Fatal Injury,Driver,25 to 29,None,West, , ,Yes, , , , ,Yes, , , , , ,Toronto-Danforth (30),30,70,South Riverdale (70)
2009,24-01-2009 10:30,Collector,Toronto East York,43.64854538,-79.34499029,No,Clear,Natural,Dry,Non-Fatal Injury,Passenger,25 to 29,Major,Unknown, , ,Yes, , , , ,Yes, , , , , ,Toronto-Danforth (30),30,70,South Riverdale (70)
2009,29-12-2009 10:30,Minor Arterial,Toronto East York,43.65814538,-79.35969029,Yes,Clear,Natural,Dry,Non-Fatal Injury,Vehicle Owner,unknown,unknown,Unknown,Yes, ,Yes, , , , , , ,Yes, , , ,Toronto Centre-Rosedale (28),28,72,Regent Park (72)
2009,29-12-2009 10:30,Minor Arterial,Toronto East York,43.65814538,-79.35969029,Yes,Clear,Natural,Dry,Non-Fatal Injury,Driver,45 to 49,None,West,Yes, ,Yes, , , , , , ,Yes, , , ,Toronto Centre-Rosedale (28),28,72,Regent Park (72)
2009,29-12-2009 10:30,Minor Arterial,Toronto East York,43.65814538,-79.35969029,Yes,Clear,Natural,Dry,Non-Fatal Injury,Pedestrian,0 to 4,Major,North,Yes, ,Yes, , , , , , ,Yes, , , ,Toronto Centre-Rosedale (28),28,72,Regent Park (72)
2010,06-07-2010 09:30,Major Arterial,Toronto East York,43.65644538,-79.37709029,Yes,Clear,Natural,Dry,Non-Fatal Injury,Driver,50 to 54,None,East, ,Yes,Yes, , , , , , , , , , ,Toronto Centre-Rosedale (27),27,75,Church-Yonge Corridor (75)
2010,06-07-2010 09:30,Major Arterial,Toronto East York,43.65644538,-79.37709029,Yes,Clear,Natural,Dry,Non-Fatal Injury,Cyclist,50 to 54,Major,East, ,Yes,Yes, , , , , , , , , , ,Toronto Centre-Rosedale (27),27,75,Church-Yonge Corridor (75)
2010,29-07-2010 09:30,Major Arterial,Toronto East York,43.67554538,-79.39689029,No,Clear,Natural,Dry,Non-Fatal Injury,Vehicle Owner,unknown,unknown,Unknown, , ,Yes, , , , , , ,Yes, , , ,Toronto Centre-Rosedale (27),27,95,Annex (95)
2010,29-07-2010 09:30,Major Arterial,Toronto East York,43.67554538,-79.39689029,No,Clear,Natural,Dry,Non-Fatal Injury,Driver,25 to 29,None,North, , ,Yes, , , , , , ,Yes, , , ,Toronto Centre-Rosedale (27),27,95,Annex (95)
2010,29-07-2010 09:30,Major Arterial,Toronto East York,43.67554538,-79.39689029,No,Clear,Natural,Dry,Non-Fatal Injury,Driver,40 to 44,Major,North, , ,Yes, , , , , , ,Yes, , , ,Toronto Centre-Rosedale (27),27,95,Annex (95)
2013,22-06-2013 09:30,Expressway,Toronto East York,43.64034538,-79.38319029,Yes,Rain,Natural,Wet,Non-Fatal Injury,Driver,35 to 39,Minimal,East,Yes, ,Yes, , , , , , , , , , ,Trinity-Spadina (20),20,77,Waterfront Communities-The Island (77)
2013,22-06-2013 09:30,Expressway,Toronto East York,43.64034538,-79.38319029,Yes,Rain,Natural,Wet,Non-Fatal Injury,Driver,35 to 39,Major,East,Yes, ,Yes, , , , , , , , , , ,Trinity-Spadina (20),20,77,Waterfront Communities-The Island (77)
2013,22-06-2013 09:30,Expressway,Toronto East York,43.64034538,-79.38319029,Yes,Rain,Natural,Wet,Non-Fatal Injury,Pedestrian,unknown,Minimal,North,Yes, ,Yes, , , , , , , , , , ,Trinity-Spadina (20),20,77,Waterfront Communities-The Island (77)
2013,22-06-2013 09:30,Expressway,Toronto East York,43.64034538,-79.38319029,Yes,Rain,Natural,Wet,Non-Fatal Injury,Pedestrian,25 to 29,Minimal,North,Yes, ,Yes, , , , , , , , , , ,Trinity-Spadina (20),20,77,Waterfront Communities-The Island (77)
2013,22-06-2013 09:30,Expressway,Toronto East York,43.64034538,-79.38319029,Yes,Rain,Natural,Wet,Non-Fatal Injury,Pedestrian,20 to 24,Minor,North,Yes, ,Yes, , , , , , , , , , ,Trinity-Spadina (20),20,77,Waterfront Communities-The Island (77)
2014,27-11-2014 10:30,Major Arterial,Toronto East York,43.6555744,-79.41201411,No,Clear,Natural,Dry,Fatal,Passenger,90 to 94,Fatal,Unknown, , ,Yes, , , , ,Yes, , , , , ,Trinity-Spadina (19),19,81,Trinity-Bellwoods (81)
2014,27-11-2014 10:30,Major Arterial,Toronto East York,43.6555744,-79.41201411,No,Clear,Natural,Dry,Fatal,Driver,65 to 69,Minimal,North, , ,Yes, , , , ,Yes, , , , , ,Trinity-Spadina (19),19,81,Trinity-Bellwoods (81)
2014,27-11-2014 10:30,Major Arterial,Toronto East York,43.6555744,-79.41201411,No,Clear,Natural,Dry,Fatal,Passenger,65 to 69,Minor,Unknown, , ,Yes, , , , ,Yes, , , , , ,Trinity-Spadina (19),19,81,Trinity-Bellwoods (81)
2015,28-05-2015 09:30,Major Arterial,Toronto East York,43.64129599,-79.40163813,No,Clear,Natural,Dry,Non-Fatal Injury,Cyclist,45 to 49,Major,North, ,Yes,Yes, , , , , , , , , , ,Trinity-Spadina (20),20,77,Waterfront Communities-The Island (77)
2015,28-05-2015 09:30,Major Arterial,Toronto East York,43.64129599,-79.40163813,No,Clear,Natural,Dry,Non-Fatal Injury,Driver,50 to 54,None,South, ,Yes,Yes, , , , , , , , , , ,Trinity-Spadina (20),20,77,Waterfront Communities-The Island (77)
2015,11-08-2015 09:30,Local,Scarborough,43.81822546,-79.28409968,No,Clear,Natural,Dry,Non-Fatal Injury,Motorcycle Driver,20 to 24,Major,East, , , ,Yes, , , , , , , , , ,Scarborough-Rouge River (41),41,130,Milliken (130)
2008,29-03-2008 09:30,Major Arterial,Toronto East York,43.70084538,-79.42639029,No,Clear,Natural,Dry,Non-Fatal Injury,Driver,65 to 69,None,East,Yes, ,Yes, , , , , , , , , , ,St. Paul's (21),21,102,Forest Hill North (102)
2008,29-03-2008 09:30,Major Arterial,Toronto East York,43.70084538,-79.42639029,No,Clear,Natural,Dry,Non-Fatal Injury,Pedestrian,40 to 44,Major,South,Yes, ,Yes, , , , , , , , , , ,St. Paul's (21),21,102,Forest Hill North (102)
2013,08-05-2013 09:30,Major Arterial,Toronto East York,43.70434538,-79.40959029,No,Clear,Natural,Dry,Non-Fatal Injury,Vehicle Owner,unknown,unknown,Unknown, , ,Yes,Yes, , , , , ,Yes, , , ,St. Paul's (22),22,100,Yonge-Eglinton (100)
2013,08-05-2013 09:30,Major Arterial,Toronto East York,43.70434538,-79.40959029,No,Clear,Natural,Dry,Non-Fatal Injury,Driver,20 to 24,None,West, , ,Yes,Yes, , , , , ,Yes, , , ,St. Paul's (22),22,100,Yonge-Eglinton (100)
2013,08-05-2013 09:30,Major Arterial,Toronto East York,43.70434538,-79.40959029,No,Clear,Natural,Dry,Non-Fatal Injury,Motorcycle Driver,20 to 24,Major,East, , ,Yes,Yes, , , , , ,Yes, , , ,St. Paul's (22),22,100,Yonge-Eglinton (100)
2013,28-11-2013 10:30,Minor Arterial,Etobicoke York,43.63510092,-79.56191645,No,Clear,Natural,Dry,Non-Fatal Injury,Driver,80 to 84,Major,North, , ,Yes, , , , , , , , , , ,Etobicoke Centre (3),3,12,Markland Wood (12)
2015,13-06-2015 09:30,Major Arterial,North York,43.78668555,-79.38432703,Yes,Clear,Natural,Dry,Non-Fatal Injury,Driver,85 to 89,None,North, ,Yes,Yes, , , , ,Yes, ,Yes, , , ,Willowdale (24),24,52,Bayview Village (52)
2015,13-06-2015 09:30,Major Arterial,North York,43.78668555,-79.38432703,Yes,Clear,Natural,Dry,Non-Fatal Injury,Cyclist,45 to 49,Major,East, ,Yes,Yes, , , , ,Yes, ,Yes, , , ,Willowdale (24),24,52,Bayview Village (52)
2015,13-06-2015 09:30,Major Arterial,North York,43.78668555,-79.38432703,Yes,Clear,Natural,Dry,Non-Fatal Injury,Passenger,80 to 84,None,Unknown, ,Yes,Yes, , , , ,Yes, ,Yes, , , ,Willowdale (24),24,52,Bayview Village (52)
2017,18-05-2017 09:30,Major Arterial,Etobicoke York,43.65128668,-79.47549067,No,Clear,Natural,Dry,Non-Fatal Injury,Driver,30 to 34,None,West,Yes, ,Yes, , , , , , , , , , ,Parkdale-High Park (13),13,87,High Park-Swansea (87)
2017,18-05-2017 09:30,Major Arterial,Etobicoke York,43.65128668,-79.47549067,No,Clear,Natural,Dry,Non-Fatal Injury,Pedestrian,55 to 59,Major,Unknown,Yes, ,Yes, , , , , , , , , , ,Parkdale-High Park (13),13,87,High Park-Swansea (87)
2017,30-10-2017 09:30,Major Arterial,Scarborough,43.76265295,-79.27997217,No,Clear,Natural,Dry,Non-Fatal Injury,Driver,55 to 59,None,East,Yes, ,Yes, , , , , , ,Yes, , , ,Scarborough Centre (37),37,126,Dorset Park (126)
2017,30-10-2017 09:30,Major Arterial,Scarborough,43.76265295,-79.27997217,No,Clear,Natural,Dry,Non-Fatal Injury,Pedestrian,55 to 59,Major,West,Yes, ,Yes, , , , , , ,Yes, , , ,Scarborough Centre (37),37,126,Dorset Park (126)
2007,18-05-2007 09:30,Major Arterial,Etobicoke York,43.70864538,-79.47809029,Yes,Clear,Natural,Dry,Non-Fatal Injury,Other,unknown,None,Unknown,Yes, , , ,Yes, , , , , , , , ,York South-Weston (12),12,30,Brookhaven-Amesbury (30)
2007,18-05-2007 09:30,Major Arterial,Etobicoke York,43.70864538,-79.47809029,Yes,Clear,Natural,Dry,Non-Fatal Injury,Pedestrian,30 to 34,Major,Unknown,Yes, , , ,Yes, , , , , , , , ,York South-Weston (12),12,30,Brookhaven-Amesbury (30)
2007,18-05-2007 09:30,Major Arterial,Etobicoke York,43.70864538,-79.47809029,Yes,Clear,Natural,Dry,Non-Fatal Injury,Other Property Owner,unknown,None,Unknown,Yes, , , ,Yes, , , , , , , , ,York South-Weston (12),12,30,Brookhaven-Amesbury (30)
2007,18-05-2007 09:30,Major Arterial,Etobicoke York,43.70864538,-79.47809029,Yes,Clear,Natural,Dry,Non-Fatal Injury,Truck Driver,30 to 34,None,West,Yes, , , ,Yes, , , , , , , , ,York South-Weston (12),12,30,Brookhaven-Amesbury (30)
2007,17-08-2007 09:30,Minor Arterial,Toronto East York,43.66404538,-79.42649029,Yes,Clear,Natural,Dry,Non-Fatal Injury,Vehicle Owner,unknown,None,Unknown, , ,Yes, , ,Yes, , ,Yes,Yes, , , ,Trinity-Spadina (19),19,93,Dovercourt-Wallace Emerson-Junction (93)
2007,17-08-2007 09:30,Minor Arterial,Toronto East York,43.66404538,-79.42649029,Yes,Clear,Natural,Dry,Non-Fatal Injury,Driver,45 to 49,Major,North, , ,Yes, , ,Yes, , ,Yes,Yes, , , ,Trinity-Spadina (19),19,93,Dovercourt-Wallace Emerson-Junction (93)
2007,17-08-2007 09:30,Minor Arterial,Toronto East York,43.66404538,-79.42649029,Yes,Clear,Natural,Dry,Non-Fatal Injury,Vehicle Owner,unknown,None,Unknown, , ,Yes, , ,Yes, , ,Yes,Yes, , , ,Trinity-Spadina (19),19,93,Dovercourt-Wallace Emerson-Junction (93)
2007,17-08-2007 09:30,Minor Arterial,Toronto East York,43.66404538,-79.42649029,Yes,Clear,Natural,Dry,Non-Fatal Injury,Driver,35 to 39,None,North, , ,Yes, , ,Yes, , ,Yes,Yes, , , ,Trinity-Spadina (19),19,93,Dovercourt-Wallace Emerson-Junction (93)
2007,17-08-2007 09:30,Minor Arterial,Toronto East York,43.66404538,-79.42649029,Yes,Clear,Natural,Dry,Non-Fatal Injury,Vehicle Owner,unknown,None,Unknown, , ,Yes, , ,Yes, , ,Yes,Yes, , , ,Trinity-Spadina (19),19,93,Dovercourt-Wallace Emerson-Junction (93)
2007,17-08-2007 09:30,Minor Arterial,Toronto East York,43.66404538,-79.42649029,Yes,Clear,Natural,Dry,Non-Fatal Injury,Driver,45 to 49,None,North, , ,Yes, , ,Yes, , ,Yes,Yes, , , ,Trinity-Spadina (19),19,93,Dovercourt-Wallace Emerson-Junction (93)
2008,23-08-2008 09:30,Major Arterial,Toronto East York,43.70184538,-79.35819029,Yes,Clear,Natural,Dry,Non-Fatal Injury,Driver,25 to 29,None,North, ,Yes,Yes, , , , , , , , , , ,Toronto-Danforth (29),29,56,Leaside-Bennington (56)
2008,23-08-2008 09:30,Major Arterial,Toronto East York,43.70184538,-79.35819029,Yes,Clear,Natural,Dry,Non-Fatal Injury,Cyclist,45 to 49,Major,South, ,Yes,Yes, , , , , , , , , , ,Toronto-Danforth (29),29,56,Leaside-Bennington (56)
2011,31-12-2011 10:30,Major Arterial,Scarborough,43.75784538,-79.31529029,Yes,Clear,Natural,Wet,Non-Fatal Injury,Driver,50 to 54,None,North, , ,Yes, , , , ,Yes, ,Yes, ,Yes, ,Don Valley East (34),34,45,Parkwoods-Donalda (45)
2011,31-12-2011 10:30,Major Arterial,Scarborough,43.75784538,-79.31529029,Yes,Clear,Natural,Wet,Non-Fatal Injury,Passenger,0 to 4,Minor,Unknown, , ,Yes, , , , ,Yes, ,Yes, ,Yes, ,Don Valley East (34),34,45,Parkwoods-Donalda (45)
2011,31-12-2011 10:30,Major Arterial,Scarborough,43.75784538,-79.31529029,Yes,Clear,Natural,Wet,Non-Fatal Injury,Driver,30 to 34,Major,South, , ,Yes, , , , ,Yes, ,Yes, ,Yes, ,Don Valley East (34),34,45,Parkwoods-Donalda (45)
2013,05-05-2013 09:30,Local,Scarborough,43.78524538,-79.27169029,No,Clear,Natural,Dry,Non-Fatal Injury,Driver,65 to 69,None,South, ,Yes,Yes, , , , , , , , , , ,Scarborough-Rouge River (41),41,128,Agincourt South-Malvern West (128)
2013,05-05-2013 09:30,Local,Scarborough,43.78524538,-79.27169029,No,Clear,Natural,Dry,Non-Fatal Injury,Cyclist,5 to 9,Major,East, ,Yes,Yes, , , , , , , , , , ,Scarborough-Rouge River (41),41,128,Agincourt South-Malvern West (128)
2007,01-03-2007 10:30,Major Arterial,Toronto East York,43.69964538,-79.33769029,No,Snow,Natural,Snow,Non-Fatal Injury,Driver,60 to 64,None,South, , ,Yes, ,Yes, , , ,Yes,Yes, , , ,Toronto-Danforth (29),29,58,Old East York (58)
2007,01-03-2007 10:30,Major Arterial,Toronto East York,43.69964538,-79.33769029,No,Snow,Natural,Snow,Non-Fatal Injury,Driver,35 to 39,Major,North, , ,Yes, ,Yes, , , ,Yes,Yes, , , ,Toronto-Danforth (29),29,58,Old East York (58)
2007,01-03-2007 10:30,Major Arterial,Toronto East York,43.69964538,-79.33769029,No,Snow,Natural,Snow,Non-Fatal Injury,Vehicle Owner,unknown,None,Unknown, , ,Yes, ,Yes, , , ,Yes,Yes, , , ,Toronto-Danforth (29),29,58,Old East York (58)
2007,01-03-2007 10:30,Major Arterial,Toronto East York,43.69964538,-79.33769029,No,Snow,Natural,Snow,Non-Fatal Injury,Truck Driver,35 to 39,None,South, , ,Yes, ,Yes, , , ,Yes,Yes, , , ,Toronto-Danforth (29),29,58,Old East York (58)
2007,01-03-2007 10:30,Major Arterial,Toronto East York,43.69964538,-79.33769029,No,Snow,Natural,Snow,Non-Fatal Injury,Vehicle Owner,unknown,None,Unknown, , ,Yes, ,Yes, , , ,Yes,Yes, , , ,Toronto-Danforth (29),29,58,Old East York (58)
2012,15-05-2012 09:30,Major Arterial,Etobicoke York,43.77024538,-79.54649029,Yes,Clear,Natural,Dry,Fatal,Pedestrian,75 to 79,Fatal,South,Yes, , , ,Yes, , , , ,Yes, , , ,York West (7),7,21,Humber Summit (21)
2012,15-05-2012 09:30,Major Arterial,Etobicoke York,43.77024538,-79.54649029,Yes,Clear,Natural,Dry,Fatal,Vehicle Owner,unknown,unknown,Unknown,Yes, , , ,Yes, , , , ,Yes, , , ,York West (7),7,21,Humber Summit (21)
2012,15-05-2012 09:30,Major Arterial,Etobicoke York,43.77024538,-79.54649029,Yes,Clear,Natural,Dry,Fatal,Truck Driver,30 to 34,None,South,Yes, , , ,Yes, , , , ,Yes, , , ,York West (7),7,21,Humber Summit (21)
2013,28-02-2013 10:30,Minor Arterial,Etobicoke York,43.68214538,-79.47159029,Yes,Clear,Natural,Wet,Non-Fatal Injury,Vehicle Owner,unknown,unknown,Unknown,Yes, , , , ,Yes, , , , , , , ,York South-Weston (12),12,110,Keelesdale-Eglinton West (110)
2013,28-02-2013 10:30,Minor Arterial,Etobicoke York,43.68214538,-79.47159029,Yes,Clear,Natural,Wet,Non-Fatal Injury,Driver,35 to 39,None,East,Yes, , , , ,Yes, , , , , , , ,York South-Weston (12),12,110,Keelesdale-Eglinton West (110)
2013,28-02-2013 10:30,Minor Arterial,Etobicoke York,43.68214538,-79.47159029,Yes,Clear,Natural,Wet,Non-Fatal Injury,Pedestrian,35 to 39,Major,Unknown,Yes, , , , ,Yes, , , , , , , ,York South-Weston (12),12,110,Keelesdale-Eglinton West (110)
2016,03-10-2016 09:30,Major Arterial,Etobicoke York,43.7030216,-79.47677241,Yes,Clear,Natural,Dry,Non-Fatal Injury,Driver,85 to 89,None,North, ,Yes,Yes, , , , , , , , , , ,York South-Weston (12),12,30,Brookhaven-Amesbury (30)