YEAR,DATE,ROAD_CLASS,District,LATITUDE,LONGITUDE,TRAFFCTL,VISIBILITY,LIGHT,RDSFCOND,ACCLASS,INVTYPE,INVAGE,INJURY,INITDIR,PEDESTRIAN,CYCLIST,AUTOMOBILE,MOTORCYCLE,TRUCK,TRSN_CITY_VEH,EMERG_VEH,PASSENGER,SPEEDING,AG_DRIV,REDLIGHT,ALCOHOL,DISABILITY,Ward_Name,Ward_ID,Hood_ID,Hood_Name
2007,01-09-2007 09:30,Major Arterial,Toronto East York,43.65754538,-79.38949029,Yes,Clear,Natural,Dry,Non-Fatal Injury,Passenger,25 to 29,Major,Unknown, , ,Yes, , , , ,Yes, ,Yes, , , ,Toronto Centre-Rosedale (27),27,76,Bay Street Corridor (76)
2007,01-09-2007 09:30,Major Arterial,Toronto East York,43.65754538,-79.38949029,Yes,Clear,Natural,Dry,Non-Fatal Injury,Vehicle Owner,unknown,None,Unknown, , ,Yes, , , , ,Yes, ,Yes, , , ,Toronto Centre-Rosedale (27),27,76,Bay Street Corridor (76)
2007,01-09-2007 09:30,Major Arterial,Toronto East York,43.65754538,-79.38949029,Yes,Clear,Natural,Dry,Non-Fatal Injury,Driver,30 to 34,Minimal,South, , ,Yes, , , , ,Yes, ,Yes, , , ,Toronto Centre-Rosedale (27),27,76,Bay Street Corridor (76)
2007,01-09-2007 09:30,Major Arterial,Toronto East York,43.65754538,-79.38949029,Yes,Clear,Natural,Dry,Non-Fatal Injury,Passenger,35 to 39,Major,Unknown, , ,Yes, , , , ,Yes, ,Yes, , , ,Toronto Centre-Rosedale (27),27,76,Bay Street Corridor (76)
2007,01-09-2007 09:30,Major Arterial,Toronto East York,43.65754538,-79.38949029,Yes,Clear,Natural,Dry,Non-Fatal Injury,Driver,50 to 54,Minimal,North, , ,Yes, , , , ,Yes, ,Yes, , , ,Toronto Centre-Rosedale (27),27,76,Bay Street Corridor (76)
2009,12-08-2009 09:30,Major Arterial,Etobicoke York,43.69134538,-79.48479029,No,Clear,Natural,Dry,Non-Fatal Injury,Vehicle Owner,unknown,unknown,Unknown, , ,Yes, , , , , , , , , , ,York South-Weston (12),12,112,Beechborough-Greenbrook (112)
2009,12-08-2009 09:30,Major Arterial,Etobicoke York,43.69134538,-79.48479029,No,Clear,Natural,Dry,Non-Fatal Injury,Driver,40 to 44,None,North, , ,Yes, , , , , , , , , , ,York South-Weston (12),12,112,Beechborough-Greenbrook (112)
2009,12-08-2009 09:30,Major Arterial,Etobicoke York,43.69134538,-79.48479029,No,Clear,Natural,Dry,Non-Fatal Injury,Driver,50 to 54,Major,South, , ,Yes, , , , , , , , , , ,York South-Weston (12),12,112,Beechborough-Greenbrook (112)
2014,21-04-2014 09:30,Minor Arterial,Scarborough,43.76008185,-79.18279658,No,Clear,Natural,Dry,Non-Fatal Injury,Driver,30 to 34,None,North, ,Yes,Yes, , , , , , , , , , ,Scarborough East (43),43,136,West Hill (136)
2014,21-04-2014 09:30,Minor Arterial,Scarborough,43.76008185,-79.18279658,No,Clear,Natural,Dry,Non-Fatal Injury,Cyclist,55 to 59,Major,South, ,Yes,Yes, , , , , , , , , , ,Scarborough East (43),43,136,West Hill (136)
2015,05-04-2015 09:30,Expressway,North York,43.71161612,-79.32658015,No,Clear,Natural,Dry,Non-Fatal Injury,Driver,unknown,None,South, , ,Yes, , , , , , , , , , ,Don Valley West (26),26,44,Flemingdon Park (44)
2015,05-04-2015 09:30,Expressway,North York,43.71161612,-79.32658015,No,Clear,Natural,Dry,Non-Fatal Injury,Driver,20 to 24,Major,South, , ,Yes, , , , , , , , , , ,Don Valley West (26),26,44,Flemingdon Park (44)
2012,19-04-2012 09:30,Major Arterial,Scarborough,43.79814538,-79.21769029,Yes,Clear,Natural,Dry,Non-Fatal Injury,Motorcycle Driver,25 to 29,Major,South, , ,Yes,Yes, , , , , ,Yes, , , ,Scarborough-Rouge River (42),42,132,Malvern (132)
2012,19-04-2012 09:30,Major Arterial,Scarborough,43.79814538,-79.21769029,Yes,Clear,Natural,Dry,Non-Fatal Injury,Vehicle Owner,unknown,unknown,Unknown, , ,Yes,Yes, , , , , ,Yes, , , ,Scarborough-Rouge River (42),42,132,Malvern (132)
2012,19-04-2012 09:30,Major Arterial,Scarborough,43.79814538,-79.21769029,Yes,Clear,Natural,Dry,Non-Fatal Injury,Driver,30 to 34,None,North, , ,Yes,Yes, , , , , ,Yes, , , ,Scarborough-Rouge River (42),42,132,Malvern (132)
2007,29-01-2007 10:30,Minor Arterial,Scarborough,43.70814538,-79.26859029,No,Clear,Natural,Dry,Non-Fatal Injury,Vehicle Owner,unknown,None,Unknown,Yes, , , ,Yes, , , , , , , , ,Scarborough Southwest (35),35,120,Clairlea-Birchmount (120)
2007,29-01-2007 10:30,Minor Arterial,Scarborough,43.70814538,-79.26859029,No,Clear,Natural,Dry,Non-Fatal Injury,Truck Driver,70 to 74,None,North,Yes, , , ,Yes, , , , , , , , ,Scarborough Southwest (35),35,120,Clairlea-Birchmount (120)
2007,29-01-2007 10:30,Minor Arterial,Scarborough,43.70814538,-79.26859029,No,Clear,Natural,Dry,Non-Fatal Injury,Pedestrian,45 to 49,Major,Unknown,Yes, , , ,Yes, , , , , , , , ,Scarborough Southwest (35),35,120,Clairlea-Birchmount (120)
2008,11-11-2008 10:30,Major Arterial,Etobicoke York,43.68794538,-79.58679029,Yes,Clear,Natural,Dry,Non-Fatal Injury,Vehicle Owner,unknown,unknown,Unknown,Yes, , , , ,Yes, , , ,Yes, , , ,Etobicoke North (2),2,1,West Humber-Clairville (1)
2008,11-11-2008 10:30,Major Arterial,Etobicoke York,43.68794538,-79.58679029,Yes,Clear,Natural,Dry,Non-Fatal Injury,Driver,45 to 49,None,North,Yes, , , , ,Yes, , , ,Yes, , , ,Etobicoke North (2),2,1,West Humber-Clairville (1)
2008,11-11-2008 10:30,Major Arterial,Etobicoke York,43.68794538,-79.58679029,Yes,Clear,Natural,Dry,Non-Fatal Injury,Pedestrian,30 to 34,Major,South,Yes, , , , ,Yes, , , ,Yes, , , ,Etobicoke North (2),2,1,West Humber-Clairville (1)
2009,16-11-2009 10:30,Major Arterial,Etobicoke York,43.77024538,-79.54649029,Yes,Clear,Natural,Dry,Non-Fatal Injury,Pedestrian,35 to 39,Major,East,Yes, ,Yes, , , , , , ,Yes, , , ,York West (7),7,21,Humber Summit (21)
2009,16-11-2009 10:30,Major Arterial,Etobicoke York,43.77024538,-79.54649029,Yes,Clear,Natural,Dry,Non-Fatal Injury,Driver,unknown,None,West,Yes, ,Yes, , , , , , ,Yes, , , ,York West (7),7,21,Humber Summit (21)
2009,22-12-2009 10:30,Major Arterial,Etobicoke York,43.64524538,-79.53199029,Yes,Clear,Natural,Dry,Non-Fatal Injury,Pedestrian,20 to 24,Major,Unknown,Yes, ,Yes, , , , , , ,Yes,Yes, , ,Etobicoke-Lakeshore (5),5,14,Islington-City Centre West (14)
2011,07-05-2011 09:30,Major Arterial,Etobicoke York,43.67284538,-79.44159029,No,Clear,Natural,Dry,Non-Fatal Injury,Pedestrian,15 to 19,Major,North,Yes, ,Yes,Yes, , , , , ,Yes, , , ,Davenport (17),17,93,Dovercourt-Wallace Emerson-Junction (93)
2015,13-02-2015 10:30,Minor Arterial,Etobicoke York,43.62156256,-79.50060664,No,Other,Natural,Other,Fatal,Driver,45 to 49,None,North, , , , , ,Yes, ,Yes, , , , , ,Etobicoke-Lakeshore (6),6,17,Mimico (includes Humber Bay Shores) (17)
2012,31-01-2012 10:30,Major Arterial,Toronto East York,43.65004538,-79.38629029,Yes,Clear,Natural,Dry,Non-Fatal Injury,Driver,55 to 59,Minimal,West, , ,Yes, , , , , , ,Yes,Yes, , ,Trinity-Spadina (20),20,76,Bay Street Corridor (76)
2012,31-01-2012 10:30,Major Arterial,Toronto East York,43.65004538,-79.38629029,Yes,Clear,Natural,Dry,Non-Fatal Injury,Vehicle Owner,unknown,unknown,Unknown, , ,Yes, , , , , , ,Yes,Yes, , ,Trinity-Spadina (20),20,76,Bay Street Corridor (76)
2012,31-01-2012 10:30,Major Arterial,Toronto East York,43.65004538,-79.38629029,Yes,Clear,Natural,Dry,Non-Fatal Injury,Driver,40 to 44,Major,North, , ,Yes, , , , , , ,Yes,Yes, , ,Trinity-Spadina (20),20,76,Bay Street Corridor (76)
2012,22-10-2012 09:30,Minor Arterial,Scarborough,43.79478796,-79.29487238,No,Clear,Natural,Dry,Non-Fatal Injury,Driver,55 to 59,Minimal,East, , ,Yes, , , , , , ,Yes, , , ,Scarborough-Agincourt (39),39,118,Tam O'Shanter-Sullivan (118)
2012,22-10-2012 09:30,Minor Arterial,Scarborough,43.79478796,-79.29487238,No,Clear,Natural,Dry,Non-Fatal Injury,Driver,45 to 49,Minimal,East, , ,Yes, , , , , , ,Yes, , , ,Scarborough-Agincourt (39),39,118,Tam O'Shanter-Sullivan (118)
2012,22-10-2012 09:30,Minor Arterial,Scarborough,43.79478796,-79.29487238,No,Clear,Natural,Dry,Non-Fatal Injury,Driver,50 to 54,Major,East, , ,Yes, , , , , , ,Yes, , , ,Scarborough-Agincourt (39),39,118,Tam O'Shanter-Sullivan (118)
2013,16-06-2013 09:30,Major Arterial,Etobicoke York,43.70844538,-79.55189029,No,Clear,Natural,Dry,Non-Fatal Injury,Driver,35 to 39,None,North,Yes, ,Yes, , , , , , , , , , ,Etobicoke North (2),2,6,Kingsview Village-The Westway (6)
2013,16-06-2013 09:30,Major Arterial,Etobicoke York,43.70844538,-79.55189029,No,Clear,Natural,Dry,Non-Fatal Injury,In-Line Skater,50 to 54,Major,South,Yes, ,Yes, , , , , , , , , , ,Etobicoke North (2),2,6,Kingsview Village-The Westway (6)
2013,29-10-2013 09:30,Major Arterial,Toronto East York,43.70064505,-79.33768854,No,Clear,Natural,Dry,Non-Fatal Injury,Passenger,30 to 34,Major,Unknown, , ,Yes, , , , ,Yes, , , , , ,Toronto-Danforth (29),29,58,Old East York (58)
2013,29-10-2013 09:30,Major Arterial,Toronto East York,43.70064505,-79.33768854,No,Clear,Natural,Dry,Non-Fatal Injury,Driver,55 to 59,Major,South, , ,Yes, , , , ,Yes, , , , , ,Toronto-Danforth (29),29,58,Old East York (58)
2016,31-05-2016 09:30,Expressway,North York,43.73837622,-79.33229456,No,Clear,Natural,Dry,Fatal,Driver,70 to 74,Fatal,South, , ,Yes, ,Yes, , , , , , , , ,Don Valley East (34),34,42,Banbury-Don Mills (42)
2013,29-10-2013 09:30,Major Arterial,Toronto East York,43.70064505,-79.33768854,No,Clear,Natural,Dry,Non-Fatal Injury,Driver,35 to 39,Major,North, , ,Yes, , , , ,Yes, , , , , ,Toronto-Danforth (29),29,58,Old East York (58)
2015,01-07-2015 09:30,Minor Arterial,Toronto East York,43.66369589,-79.35923395,Yes,Clear,Natural,Dry,Non-Fatal Injury,Driver,30 to 34,None,South, , ,Yes,Yes, , , ,Yes, ,Yes,Yes, , ,Toronto Centre-Rosedale (28),28,72,Regent Park (72)
2015,01-07-2015 09:30,Minor Arterial,Toronto East York,43.66369589,-79.35923395,Yes,Clear,Natural,Dry,Non-Fatal Injury,Motorcycle Driver,45 to 49,Major,North, , ,Yes,Yes, , , ,Yes, ,Yes,Yes, , ,Toronto Centre-Rosedale (28),28,72,Regent Park (72)
2015,01-07-2015 09:30,Minor Arterial,Toronto East York,43.66369589,-79.35923395,Yes,Clear,Natural,Dry,Non-Fatal Injury,Passenger,15 to 19,Major,Unknown, , ,Yes,Yes, , , ,Yes, ,Yes,Yes, , ,Toronto Centre-Rosedale (28),28,72,Regent Park (72)
2016,25-05-2016 09:30,Minor Arterial,Toronto East York,43.63869818,-79.43663416,No,Clear,Natural,Dry,Non-Fatal Injury,Driver,35 to 39,None,South,Yes, ,Yes, , , , ,Yes, , , , , ,Parkdale-High Park (14),14,85,South Parkdale (85)
2016,25-05-2016 09:30,Minor Arterial,Toronto East York,43.63869818,-79.43663416,No,Clear,Natural,Dry,Non-Fatal Injury,Passenger,40 to 44,None,Unknown,Yes, ,Yes, , , , ,Yes, , , , , ,Parkdale-High Park (14),14,85,South Parkdale (85)
2016,25-05-2016 09:30,Minor Arterial,Toronto East York,43.63869818,-79.43663416,No,Clear,Natural,Dry,Non-Fatal Injury,Passenger,5 to 9,None,Unknown,Yes, ,Yes, , , , ,Yes, , , , , ,Parkdale-High Park (14),14,85,South Parkdale (85)
2016,25-05-2016 09:30,Minor Arterial,Toronto East York,43.63869818,-79.43663416,No,Clear,Natural,Dry,Non-Fatal Injury,Passenger,5 to 9,None,Unknown,Yes, ,Yes, , , , ,Yes, , , , , ,Parkdale-High Park (14),14,85,South Parkdale (85)
2016,25-05-2016 09:30,Minor Arterial,Toronto East York,43.63869818,-79.43663416,No,Clear,Natural,Dry,Non-Fatal Injury,Pedestrian,0 to 4,Major,East,Yes, ,Yes, , , , ,Yes, , , , , ,Parkdale-High Park (14),14,85,South Parkdale (85)
2016,04-06-2016 09:30,Minor Arterial,Scarborough,43.74128683,-79.30385218,No,Clear,Natural,Dry,Non-Fatal Injury,Driver,30 to 34,None,North,Yes, ,Yes, , , , , ,Yes,Yes, , , ,Scarborough Centre (37),37,119,Wexford/Maryvale (119)
2016,04-06-2016 09:30,Minor Arterial,Scarborough,43.74128683,-79.30385218,No,Clear,Natural,Dry,Non-Fatal Injury,Pedestrian,25 to 29,Major,East,Yes, ,Yes, , , , , ,Yes,Yes, , , ,Scarborough Centre (37),37,119,Wexford/Maryvale (119)
2017,23-08-2017 09:30,Minor Arterial,Scarborough,43.84230038,-79.22682629,No,Clear,Natural,Dry,Non-Fatal Injury,Driver,35 to 39,Major,East, , ,Yes, , , , , , ,Yes, , , ,Scarborough-Rouge River (42),42,131,Rouge (131)
2017,23-08-2017 09:30,Minor Arterial,Scarborough,43.84230038,-79.22682629,No,Clear,Natural,Dry,Non-Fatal Injury,Driver,40 to 44,None,East, , ,Yes, , , , , , ,Yes, , , ,Scarborough-Rouge River (42),42,131,Rouge (131)
2010,28-09-2010 09:30,Major Arterial,Toronto East York,43.68434538,-79.39259029,No,Clear,Natural,Dry,Non-Fatal Injury,Other,unknown,None,Unknown, ,Yes, , , , , , , , , , , ,St. Paul's (22),22,97,Yonge-St.Clair (97)
2010,28-09-2010 09:30,Major Arterial,Toronto East York,43.68434538,-79.39259029,No,Clear,Natural,Dry,Non-Fatal Injury,Cyclist,20 to 24,Major,South, ,Yes, , , , , , , , , , , ,St. Paul's (22),22,97,Yonge-St.Clair (97)
2012,15-02-2012 10:30,Major Arterial,North York,43.72604538,-79.48189029,No,Clear,Natural,Dry,Non-Fatal Injury,Vehicle Owner,unknown,unknown,Unknown,Yes, ,Yes, ,Yes, , , , , , , , ,York Centre (9),9,26,Downsview-Roding-CFB (26)
2012,15-02-2012 10:30,Major Arterial,North York,43.72604538,-79.48189029,No,Clear,Natural,Dry,Non-Fatal Injury,Truck Driver,40 to 44,None,North,Yes, ,Yes, ,Yes, , , , , , , , ,York Centre (9),9,26,Downsview-Roding-CFB (26)
2012,15-02-2012 10:30,Major Arterial,North York,43.72604538,-79.48189029,No,Clear,Natural,Dry,Non-Fatal Injury,Driver,25 to 29,None,North,Yes, ,Yes, ,Yes, , , , , , , , ,York Centre (9),9,26,Downsview-Roding-CFB (26)
2012,15-02-2012 10:30,Major Arterial,North York,43.72604538,-79.48189029,No,Clear,Natural,Dry,Non-Fatal Injury,Other,unknown,None,Unknown,Yes, ,Yes, ,Yes, , , , , , , , ,York Centre (9),9,26,Downsview-Roding-CFB (26)
2012,15-02-2012 10:30,Major Arterial,North York,43.72604538,-79.48189029,No,Clear,Natural,Dry,Non-Fatal Injury,Pedestrian,65 to 69,Major,West,Yes, ,Yes, ,Yes, , , , , , , , ,York Centre (9),9,26,Downsview-Roding-CFB (26)
2012,22-09-2012 09:30,Minor Arterial,Toronto East York,43.65034538,-79.36789029,Yes,Clear,Natural,Dry,Non-Fatal Injury,Vehicle Owner,unknown,unknown,Unknown,Yes, ,Yes, , , , , , , , , , ,Toronto Centre-Rosedale (28),28,77,Waterfront Communities-The Island (77)
2012,22-09-2012 09:30,Minor Arterial,Toronto East York,43.65034538,-79.36789029,Yes,Clear,Natural,Dry,Non-Fatal Injury,Driver,40 to 44,None,West,Yes, ,Yes, , , , , , , , , , ,Toronto Centre-Rosedale (28),28,77,Waterfront Communities-The Island (77)
2012,22-09-2012 09:30,Minor Arterial,Toronto East York,43.65034538,-79.36789029,Yes,Clear,Natural,Dry,Non-Fatal Injury,Wheelchair,60 to 64,Major,East,Yes, ,Yes, , , , , , , , , , ,Toronto Centre-Rosedale (28),28,77,Waterfront Communities-The Island (77)
2009,30-09-2009 09:30,Major Arterial,Scarborough,43.77724538,-79.23199029,No,Clear,Natural,Dry,Non-Fatal Injury,Vehicle Owner,unknown,unknown,Unknown,Yes, ,Yes, , , , , , , , , , ,Scarborough Centre (38),38,137,Woburn (137)
2009,30-09-2009 09:30,Major Arterial,Scarborough,43.77724538,-79.23199029,No,Clear,Natural,Dry,Non-Fatal Injury,Driver,25 to 29,None,West,Yes, ,Yes, , , , , , , , , , ,Scarborough Centre (38),38,137,Woburn (137)
2009,30-09-2009 09:30,Major Arterial,Scarborough,43.77724538,-79.23199029,No,Clear,Natural,Dry,Non-Fatal Injury,Pedestrian,55 to 59,Major,Unknown,Yes, ,Yes, , , , , , , , , , ,Scarborough Centre (38),38,137,Woburn (137)
2011,05-12-2011 10:30,Local,North York,43.79214538,-79.43709029,No,Rain,Natural,Wet,Non-Fatal Injury,Vehicle Owner,unknown,unknown,Unknown,Yes, ,Yes, , , , , , , , , , ,Willowdale (23),23,36,Newtonbrook West (36)
2011,05-12-2011 10:30,Local,North York,43.79214538,-79.43709029,No,Rain,Natural,Wet,Non-Fatal Injury,Driver,40 to 44,None,South,Yes, ,Yes, , , , , , , , , , ,Willowdale (23),23,36,Newtonbrook West (36)
2011,05-12-2011 10:30,Local,North York,43.79214538,-79.43709029,No,Rain,Natural,Wet,Non-Fatal Injury,Pedestrian,5 to 9,Major,East,Yes, ,Yes, , , , , , , , , , ,Willowdale (23),23,36,Newtonbrook West (36)
2013,17-09-2013 09:30,Major Arterial,Scarborough,43.71111258,-79.24818049,Yes,Clear,Natural,Dry,Non-Fatal Injury,Driver,75 to 79,Minor,East, , ,Yes, , , , ,Yes, , , , , ,Scarborough Southwest (36),36,123,Cliffcrest (123)
2013,17-09-2013 09:30,Major Arterial,Scarborough,43.71111258,-79.24818049,Yes,Clear,Natural,Dry,Non-Fatal Injury,Passenger,60 to 64,Major,Unknown, , ,Yes, , , , ,Yes, , , , , ,Scarborough Southwest (36),36,123,Cliffcrest (123)
2013,17-09-2013 09:30,Major Arterial,Scarborough,43.71111258,-79.24818049,Yes,Clear,Natural,Dry,Non-Fatal Injury,Driver,85 to 89,Minor,West, , ,Yes, , , , ,Yes, , , , , ,Scarborough Southwest (36),36,123,Cliffcrest (123)
2013,17-09-2013 09:30,Major Arterial,Scarborough,43.71111258,-79.24818049,Yes,Clear,Natural,Dry,Non-Fatal Injury,Driver,65 to 69,None,North, , ,Yes, , , , ,Yes, , , , , ,Scarborough Southwest (36),36,123,Cliffcrest (123)
2009,18-01-2009 10:30,Major Arterial,North York,43.70384538,-79.45249029,Yes,Snow,Natural,Slush/Ice,Non-Fatal Injury,Vehicle Owner,unknown,unknown,Unknown, , ,Yes, , ,Yes, , , ,Yes,Yes, , ,Eglinton-Lawrence (15),15,31,Yorkdale-Glen Park (31)
2009,18-01-2009 10:30,Major Arterial,North York,43.70384538,-79.45249029,Yes,Snow,Natural,Slush/Ice,Non-Fatal Injury,Driver,45 to 49,None,South, , ,Yes, , ,Yes, , , ,Yes,Yes, , ,Eglinton-Lawrence (15),15,31,Yorkdale-Glen Park (31)
2009,18-01-2009 10:30,Major Arterial,North York,43.70384538,-79.45249029,Yes,Snow,Natural,Slush/Ice,Non-Fatal Injury,Driver,45 to 49,Major,East, , ,Yes, , ,Yes, , , ,Yes,Yes, , ,Eglinton-Lawrence (15),15,31,Yorkdale-Glen Park (31)
2012,09-05-2012 09:30,Major Arterial,Etobicoke York,43.75224538,-79.56839029,Yes,Other,Natural,Other,Non-Fatal Injury,Vehicle Owner,unknown,unknown,Unknown, , ,Yes, ,Yes, , ,Yes, ,Yes,Yes, , ,York West (7),7,21,Humber Summit (21)
2012,09-05-2012 09:30,Major Arterial,Etobicoke York,43.75224538,-79.56839029,Yes,Other,Natural,Other,Non-Fatal Injury,Truck Driver,25 to 29,None,North, , ,Yes, ,Yes, , ,Yes, ,Yes,Yes, , ,York West (7),7,21,Humber Summit (21)
2012,09-05-2012 09:30,Major Arterial,Etobicoke York,43.75224538,-79.56839029,Yes,Other,Natural,Other,Non-Fatal Injury,Passenger,10 to 14,Major,Unknown, , ,Yes, ,Yes, , ,Yes, ,Yes,Yes, , ,York West (7),7,21,Humber Summit (21)
2012,09-05-2012 09:30,Major Arterial,Etobicoke York,43.75224538,-79.56839029,Yes,Other,Natural,Other,Non-Fatal Injury,Vehicle Owner,unknown,unknown,Unknown, , ,Yes, ,Yes, , ,Yes, ,Yes,Yes, , ,York West (7),7,21,Humber Summit (21)
2012,09-05-2012 09:30,Major Arterial,Etobicoke York,43.75224538,-79.56839029,Yes,Other,Natural,Other,Non-Fatal Injury,Driver,20 to 24,Minor,West, , ,Yes, ,Yes, , ,Yes, ,Yes,Yes, , ,York West (7),7,21,Humber Summit (21)
2014,17-01-2014 10:30,Major Arterial,Etobicoke York,43.66952093,-79.49283228,Yes,Clear,Natural,Dry,Non-Fatal Injury,Driver,20 to 24,None,South,Yes, ,Yes, , , , ,Yes, ,Yes,Yes, , ,York South-Weston (11),11,111,Rockcliffe-Smythe (111)
2014,17-01-2014 10:30,Major Arterial,Etobicoke York,43.66952093,-79.49283228,Yes,Clear,Natural,Dry,Non-Fatal Injury,Driver,65 to 69,None,North,Yes, ,Yes, , , , ,Yes, ,Yes,Yes, , ,York South-Weston (11),11,111,Rockcliffe-Smythe (111)
2014,17-01-2014 10:30,Major Arterial,Etobicoke York,43.66952093,-79.49283228,Yes,Clear,Natural,Dry,Non-Fatal Injury,Passenger,25 to 29,None,Unknown,Yes, ,Yes, , , , ,Yes, ,Yes,Yes, , ,York South-Weston (11),11,111,Rockcliffe-Smythe (111)
2014,17-01-2014 10:30,Major Arterial,Etobicoke York,43.66952093,-79.49283228,Yes,Clear,Natural,Dry,Non-Fatal Injury,Passenger,60 to 64,Minor,Unknown,Yes, ,Yes, , , , ,Yes, ,Yes,Yes, , ,York South-Weston (11),11,111,Rockcliffe-Smythe (111)
2014,17-01-2014 10:30,Major Arterial,Etobicoke York,43.66952093,-79.49283228,Yes,Clear,Natural,Dry,Non-Fatal Injury,Pedestrian,45 to 49,Major,Unknown,Yes, ,Yes, , , , ,Yes, ,Yes,Yes, , ,York South-Weston (11),11,111,Rockcliffe-Smythe (111)
2014,05-03-2014 10:30,Minor Arterial,Etobicoke York,43.68171271,-79.47603998,No,Clear,Natural,Dry,Non-Fatal Injury,Driver,40 to 44,None,West, , ,Yes, , , , ,Yes,Yes,Yes, , , ,York South-Weston (11),11,110,Keelesdale-Eglinton West (110)
2014,05-03-2014 10:30,Minor Arterial,Etobicoke York,43.68171271,-79.47603998,No,Clear,Natural,Dry,Non-Fatal Injury,Driver,25 to 29,Minimal,West, , ,Yes, , , , ,Yes,Yes,Yes, , , ,York South-Weston (11),11,110,Keelesdale-Eglinton West (110)
2014,05-03-2014 10:30,Minor Arterial,Etobicoke York,43.68171271,-79.47603998,No,Clear,Natural,Dry,Non-Fatal Injury,Passenger,20 to 24,Major,Unknown, , ,Yes, , , , ,Yes,Yes,Yes, , , ,York South-Weston (11),11,110,Keelesdale-Eglinton West (110)
2017,21-12-2017 10:30,Major Arterial,Scarborough,43.68768652,-79.27088557,Yes,Other,Natural,Other,Fatal,Pedestrian,40 to 44,Fatal,South,Yes, ,Yes, , , , , , ,Yes,Yes,Yes, ,Scarborough Southwest (36),36,122,Birchcliffe-Cliffside (122)
2017,21-12-2017 10:30,Major Arterial,Scarborough,43.68768652,-79.27088557,Yes,Other,Natural,Other,Fatal,Driver,25 to 29,None,West,Yes, ,Yes, , , , , , ,Yes,Yes,Yes, ,Scarborough Southwest (36),36,122,Birchcliffe-Cliffside (122)
2008,11-09-2008 09:30,Major Arterial,Toronto East York,43.66214538,-79.37789029,No,Clear,Natural,Dry,Non-Fatal Injury,Driver,30 to 34,None,West,Yes, ,Yes, , , , , , , , , , ,Toronto Centre-Rosedale (27),27,75,Church-Yonge Corridor (75)
2008,11-09-2008 09:30,Major Arterial,Toronto East York,43.66214538,-79.37789029,No,Clear,Natural,Dry,Non-Fatal Injury,Wheelchair,45 to 49,Major,North,Yes, ,Yes, , , , , , , , , , ,Toronto Centre-Rosedale (27),27,75,Church-Yonge Corridor (75)
2012,25-08-2012 09:30,Major Arterial,Etobicoke York,43.67104538,-79.47419029,No,Clear,Natural,Dry,Non-Fatal Injury,Vehicle Owner,unknown,unknown,Unknown,Yes, , , , ,Yes, , , , , , , ,York South-Weston (11),11,90,Junction Area (90)
2012,25-08-2012 09:30,Major Arterial,Etobicoke York,43.67104538,-79.47419029,No,Clear,Natural,Dry,Non-Fatal Injury,Driver,35 to 39,None,West,Yes, , , , ,Yes, , , , , , , ,York South-Weston (11),11,90,Junction Area (90)
2012,25-08-2012 09:30,Major Arterial,Etobicoke York,43.67104538,-79.47419029,No,Clear,Natural,Dry,Non-Fatal Injury,Pedestrian,25 to 29,Major,South,Yes, , , , ,Yes, , , , , , , ,York South-Weston (11),11,90,Junction Area (90)
2012,05-10-2012 09:30,Local,North York,43.80324538,-79.37019029,No,Clear,Natural,Dry,Non-Fatal Injury,Driver,40 to 44,None,South,Yes, ,Yes, , , , , , , , , , ,Willowdale (24),24,48,Hillcrest Village (48)
2012,05-10-2012 09:30,Local,North York,43.80324538,-79.37019029,No,Clear,Natural,Dry,Non-Fatal Injury,Pedestrian,15 to 19,Major,West,Yes, ,Yes, , , , , , , , , , ,Willowdale (24),24,48,Hillcrest Village (48)
2013,18-01-2013 10:30,Major Arterial,Scarborough,43.71954538,-79.28419029,No,Clear,Natural,Dry,Non-Fatal Injury,Passenger,50 to 54,Major,Unknown, , ,Yes, , , , ,Yes,Yes,Yes, , , ,Scarborough Southwest (35),35,120,Clairlea-Birchmount (120)
2013,18-01-2013 10:30,Major Arterial,Scarborough,43.71954538,-79.28419029,No,Clear,Natural,Dry,Non-Fatal Injury,Passenger,50 to 54,Minor,Unknown, , ,Yes, , , , ,Yes,Yes,Yes, , , ,Scarborough Southwest (35),35,120,Clairlea-Birchmount (120)
2013,18-01-2013 10:30,Major Arterial,Scarborough,43.71954538,-79.28419029,No,Clear,Natural,Dry,Non-Fatal Injury,Passenger,75 to 79,Major,Unknown, , ,Yes, , , , ,Yes,Yes,Yes, , , ,Scarborough Southwest (35),35,120,Clairlea-Birchmount (120)
2013,18-01-2013 10:30,Major Arterial,Scarborough,43.71954538,-79.28419029,No,Clear,Natural,Dry,Non-Fatal Injury,Driver,80 to 84,Minor,South, , ,Yes, , , , ,Yes,Yes,Yes, , , ,Scarborough Southwest (35),35,120,Clairlea-Birchmount (120)
2013,18-01-2013 10:30,Major Arterial,Scarborough,43.71954538,-79.28419029,No,Clear,Natural,Dry,Non-Fatal Injury,Vehicle Owner,unknown,unknown,Unknown, , ,Yes, , , , ,Yes,Yes,Yes, , , ,Scarborough Southwest (35),35,120,Clairlea-Birchmount (120)
2013,18-01-2013 10:30,Major Arterial,Scarborough,43.71954538,-79.28419029,No,Clear,Natural,Dry,Non-Fatal Injury,Driver,15 to 19,Minimal,North, , ,Yes, , , , ,Yes,Yes,Yes, , , ,Scarborough Southwest (35),35,120,Clairlea-Birchmount (120)