YEAR,DATE,ROAD_CLASS,District,LATITUDE,LONGITUDE,TRAFFCTL,VISIBILITY,LIGHT,RDSFCOND,ACCLASS,INVTYPE,INVAGE,INJURY,INITDIR,PEDESTRIAN,CYCLIST,AUTOMOBILE,MOTORCYCLE,TRUCK,TRSN_CITY_VEH,EMERG_VEH,PASSENGER,SPEEDING,AG_DRIV,REDLIGHT,ALCOHOL,DISABILITY,Ward_Name,Ward_ID,Hood_ID,Hood_Name
2007,31-08-2007 09:30,Major Arterial,Etobicoke York,43.67444538,-79.56319029,Yes,Clear,Natural,Dry,Non-Fatal Injury,Driver,25 to 29,None,East, , ,Yes, ,Yes, , ,Yes, , , , , ,Etobicoke Centre (3),3,11,Eringate-Centennial-West Deane (11)
2007,31-08-2007 09:30,Major Arterial,Etobicoke York,43.67444538,-79.56319029,Yes,Clear,Natural,Dry,Non-Fatal Injury,Driver,25 to 29,None,East, , ,Yes, ,Yes, , ,Yes, , , , , ,Etobicoke Centre (3),3,11,Eringate-Centennial-West Deane (11)
2007,31-08-2007 09:30,Major Arterial,Etobicoke York,43.67444538,-79.56319029,Yes,Clear,Natural,Dry,Non-Fatal Injury,Driver,30 to 34,None,East, , ,Yes, ,Yes, , ,Yes, , , , , ,Etobicoke Centre (3),3,11,Eringate-Centennial-West Deane (11)
2007,31-08-2007 09:30,Major Arterial,Etobicoke York,43.67444538,-79.56319029,Yes,Clear,Natural,Dry,Non-Fatal Injury,Driver,25 to 29,None,East, , ,Yes, ,Yes, , ,Yes, , , , , ,Etobicoke Centre (3),3,11,Eringate-Centennial-West Deane (11)
2007,31-08-2007 09:30,Major Arterial,Etobicoke York,43.67444538,-79.56319029,Yes,Clear,Natural,Dry,Non-Fatal Injury,Vehicle Owner,unknown,None,Unknown, , ,Yes, ,Yes, , ,Yes, , , , , ,Etobicoke Centre (3),3,11,Eringate-Centennial-West Deane (11)
2007,31-08-2007 09:30,Major Arterial,Etobicoke York,43.67444538,-79.56319029,Yes,Clear,Natural,Dry,Non-Fatal Injury,Driver,20 to 24,Minor,East, , ,Yes, ,Yes, , ,Yes, , , , , ,Etobicoke Centre (3),3,11,Eringate-Centennial-West Deane (11)
2012,10-08-2012 09:30,Minor Arterial,Etobicoke York,43.61004538,-79.49579029,Yes,Clear,Natural,Dry,Non-Fatal Injury,Driver,65 to 69,None,East,Yes, ,Yes, , , , , , ,Yes, , , ,Etobicoke-Lakeshore (6),6,17,Mimico (includes Humber Bay Shores) (17)
2012,10-08-2012 09:30,Minor Arterial,Etobicoke York,43.61004538,-79.49579029,Yes,Clear,Natural,Dry,Non-Fatal Injury,Pedestrian,75 to 79,Major,South,Yes, ,Yes, , , , , , ,Yes, , , ,Etobicoke-Lakeshore (6),6,17,Mimico (includes Humber Bay Shores) (17)
2013,25-01-2013 10:30,Major Arterial,Etobicoke York,43.6500469,-79.49840937,Yes,Snow,Natural,Snow,Non-Fatal Injury,Driver,45 to 49,Major,East, , ,Yes, , , , ,Yes, ,Yes, , , ,Etobicoke-Lakeshore (5),5,16,Stonegate-Queensway (16)
2013,25-01-2013 10:30,Major Arterial,Etobicoke York,43.6500469,-79.49840937,Yes,Snow,Natural,Snow,Non-Fatal Injury,Passenger,unknown,Minimal,Unknown, , ,Yes, , , , ,Yes, ,Yes, , , ,Etobicoke-Lakeshore (5),5,16,Stonegate-Queensway (16)
2013,25-01-2013 10:30,Major Arterial,Etobicoke York,43.6500469,-79.49840937,Yes,Snow,Natural,Snow,Non-Fatal Injury,Driver,35 to 39,None,East, , ,Yes, , , , ,Yes, ,Yes, , , ,Etobicoke-Lakeshore (5),5,16,Stonegate-Queensway (16)
2013,25-01-2013 10:30,Major Arterial,Etobicoke York,43.6500469,-79.49840937,Yes,Snow,Natural,Snow,Non-Fatal Injury,Vehicle Owner,unknown,unknown,Unknown, , ,Yes, , , , ,Yes, ,Yes, , , ,Etobicoke-Lakeshore (5),5,16,Stonegate-Queensway (16)
2013,25-01-2013 10:30,Major Arterial,Etobicoke York,43.6500469,-79.49840937,Yes,Snow,Natural,Snow,Non-Fatal Injury,Driver,60 to 64,None,East, , ,Yes, , , , ,Yes, ,Yes, , , ,Etobicoke-Lakeshore (5),5,16,Stonegate-Queensway (16)
2014,12-07-2014 09:30,Major Arterial,Scarborough,43.75433691,-79.29835139,Yes,Clear,Natural,Dry,Non-Fatal Injury,Driver,50 to 54,None,North,Yes, ,Yes, , , , , , ,Yes,Yes, , ,Scarborough Centre (37),37,119,Wexford/Maryvale (119)
2014,12-07-2014 09:30,Major Arterial,Scarborough,43.75433691,-79.29835139,Yes,Clear,Natural,Dry,Non-Fatal Injury,Pedestrian,25 to 29,Major,Unknown,Yes, ,Yes, , , , , , ,Yes,Yes, , ,Scarborough Centre (37),37,119,Wexford/Maryvale (119)
2015,14-06-2015 09:30,Minor Arterial,Etobicoke York,43.69335516,-79.48318873,No,Rain,Natural,Wet,Non-Fatal Injury,Driver,50 to 54,None,West, , ,Yes, , , , ,Yes,Yes,Yes, , , ,York South-Weston (12),12,112,Beechborough-Greenbrook (112)
2015,14-06-2015 09:30,Minor Arterial,Etobicoke York,43.69335516,-79.48318873,No,Rain,Natural,Wet,Non-Fatal Injury,Driver,25 to 29,Major,East, , ,Yes, , , , ,Yes,Yes,Yes, , , ,York South-Weston (12),12,112,Beechborough-Greenbrook (112)
2015,14-06-2015 09:30,Minor Arterial,Etobicoke York,43.69335516,-79.48318873,No,Rain,Natural,Wet,Non-Fatal Injury,Passenger,20 to 24,Minor,Unknown, , ,Yes, , , , ,Yes,Yes,Yes, , , ,York South-Weston (12),12,112,Beechborough-Greenbrook (112)
2008,26-05-2008 09:30,Major Arterial,Toronto East York,43.64834538,-79.38179029,No,Clear,Natural,Dry,Non-Fatal Injury,Passenger,40 to 44,None,Unknown, ,Yes,Yes, , , , ,Yes, , , , , ,Toronto Centre-Rosedale (28),28,76,Bay Street Corridor (76)
2008,26-05-2008 09:30,Major Arterial,Toronto East York,43.64834538,-79.38179029,No,Clear,Natural,Dry,Non-Fatal Injury,Vehicle Owner,unknown,unknown,Unknown, ,Yes,Yes, , , , ,Yes, , , , , ,Toronto Centre-Rosedale (28),28,76,Bay Street Corridor (76)
2008,26-05-2008 09:30,Major Arterial,Toronto East York,43.64834538,-79.38179029,No,Clear,Natural,Dry,Non-Fatal Injury,Driver,50 to 54,None,West, ,Yes,Yes, , , , ,Yes, , , , , ,Toronto Centre-Rosedale (28),28,76,Bay Street Corridor (76)
2008,26-05-2008 09:30,Major Arterial,Toronto East York,43.64834538,-79.38179029,No,Clear,Natural,Dry,Non-Fatal Injury,Cyclist,20 to 24,Major,Unknown, ,Yes,Yes, , , , ,Yes, , , , , ,Toronto Centre-Rosedale (28),28,76,Bay Street Corridor (76)
2010,30-05-2010 09:30,Minor Arterial,Etobicoke York,43.68894538,-79.46049029,Yes,Clear,Natural,Dry,Non-Fatal Injury,Pedestrian,15 to 19,Minor,East,Yes, ,Yes, , , , , , ,Yes, , , ,Davenport (17),17,109,Caledonia-Fairbank (109)
2010,30-05-2010 09:30,Minor Arterial,Etobicoke York,43.68894538,-79.46049029,Yes,Clear,Natural,Dry,Non-Fatal Injury,Driver,50 to 54,Major,West,Yes, ,Yes, , , , , , ,Yes, , , ,Davenport (17),17,109,Caledonia-Fairbank (109)
2010,01-11-2010 09:30,Minor Arterial,Etobicoke York,43.61744538,-79.49889029,Yes,Clear,Natural,Dry,Non-Fatal Injury,Driver,85 to 89,None,West,Yes, ,Yes, , , , , , ,Yes, , , ,Etobicoke-Lakeshore (6),6,17,Mimico (includes Humber Bay Shores) (17)
2010,01-11-2010 09:30,Minor Arterial,Etobicoke York,43.61744538,-79.49889029,Yes,Clear,Natural,Dry,Non-Fatal Injury,Pedestrian,65 to 69,Major,East,Yes, ,Yes, , , , , , ,Yes, , , ,Etobicoke-Lakeshore (6),6,17,Mimico (includes Humber Bay Shores) (17)
2012,24-08-2012 09:30,Major Arterial,Etobicoke York,43.71694538,-79.55599029,Yes,Clear,Natural,Dry,Non-Fatal Injury,Passenger,85 to 89,Major,Unknown, , ,Yes, , , , ,Yes, ,Yes, , , ,Etobicoke North (2),2,4,Rexdale-Kipling (4)
2012,24-08-2012 09:30,Major Arterial,Etobicoke York,43.71694538,-79.55599029,Yes,Clear,Natural,Dry,Non-Fatal Injury,Driver,50 to 54,Minor,North, , ,Yes, , , , ,Yes, ,Yes, , , ,Etobicoke North (2),2,4,Rexdale-Kipling (4)
2012,24-08-2012 09:30,Major Arterial,Etobicoke York,43.71694538,-79.55599029,Yes,Clear,Natural,Dry,Non-Fatal Injury,Vehicle Owner,unknown,unknown,Unknown, , ,Yes, , , , ,Yes, ,Yes, , , ,Etobicoke North (2),2,4,Rexdale-Kipling (4)
2012,24-08-2012 09:30,Major Arterial,Etobicoke York,43.71694538,-79.55599029,Yes,Clear,Natural,Dry,Non-Fatal Injury,Driver,60 to 64,Minimal,West, , ,Yes, , , , ,Yes, ,Yes, , , ,Etobicoke North (2),2,4,Rexdale-Kipling (4)
2014,19-02-2014 10:30,Major Arterial,Scarborough,43.70345648,-79.29365931,Yes,Rain,Natural,Wet,Non-Fatal Injury,Driver,80 to 84,Major,West, , ,Yes, , , , , , ,Yes, , , ,Scarborough Southwest (35),35,120,Clairlea-Birchmount (120)
2014,19-02-2014 10:30,Major Arterial,Scarborough,43.70345648,-79.29365931,Yes,Rain,Natural,Wet,Non-Fatal Injury,Driver,60 to 64,Minor,North, , ,Yes, , , , , , ,Yes, , , ,Scarborough Southwest (35),35,120,Clairlea-Birchmount (120)
2014,09-10-2014 09:30,Major Arterial,Scarborough,43.73533591,-79.29063807,Yes,Clear,Natural,Dry,Fatal,Driver,45 to 49,None,North, ,Yes,Yes, , , , , , ,Yes,Yes, , ,Scarborough Centre (37),37,119,Wexford/Maryvale (119)
2014,09-10-2014 09:30,Major Arterial,Scarborough,43.73533591,-79.29063807,Yes,Clear,Natural,Dry,Fatal,Cyclist,60 to 64,Fatal,East, ,Yes,Yes, , , , , , ,Yes,Yes, , ,Scarborough Centre (37),37,119,Wexford/Maryvale (119)
2014,20-12-2014 10:30,Minor Arterial,Toronto East York,43.66197165,-79.42564783,No,Clear,Natural,Dry,Non-Fatal Injury,Driver,55 to 59,None,South, ,Yes,Yes, , , , ,Yes, ,Yes, , , ,Trinity-Spadina (19),19,80,Palmerston-Little Italy (80)
2014,20-12-2014 10:30,Minor Arterial,Toronto East York,43.66197165,-79.42564783,No,Clear,Natural,Dry,Non-Fatal Injury,Cyclist,25 to 29,Major,South, ,Yes,Yes, , , , ,Yes, ,Yes, , , ,Trinity-Spadina (19),19,80,Palmerston-Little Italy (80)
2014,20-12-2014 10:30,Minor Arterial,Toronto East York,43.66197165,-79.42564783,No,Clear,Natural,Dry,Non-Fatal Injury,Passenger,55 to 59,None,Unknown, ,Yes,Yes, , , , ,Yes, ,Yes, , , ,Trinity-Spadina (19),19,80,Palmerston-Little Italy (80)
2015,16-02-2015 10:30,Major Arterial,Etobicoke York,43.69015082,-79.47505579,No,Clear,Natural,Dry,Non-Fatal Injury,Driver,50 to 54,None,East,Yes, ,Yes, , , , ,Yes, , , , , ,York South-Weston (12),12,110,Keelesdale-Eglinton West (110)
2015,16-02-2015 10:30,Major Arterial,Etobicoke York,43.69015082,-79.47505579,No,Clear,Natural,Dry,Non-Fatal Injury,Passenger,50 to 54,None,Unknown,Yes, ,Yes, , , , ,Yes, , , , , ,York South-Weston (12),12,110,Keelesdale-Eglinton West (110)
2015,16-02-2015 10:30,Major Arterial,Etobicoke York,43.69015082,-79.47505579,No,Clear,Natural,Dry,Non-Fatal Injury,Passenger,25 to 29,None,Unknown,Yes, ,Yes, , , , ,Yes, , , , , ,York South-Weston (12),12,110,Keelesdale-Eglinton West (110)
2015,16-02-2015 10:30,Major Arterial,Etobicoke York,43.69015082,-79.47505579,No,Clear,Natural,Dry,Non-Fatal Injury,Passenger,20 to 24,None,Unknown,Yes, ,Yes, , , , ,Yes, , , , , ,York South-Weston (12),12,110,Keelesdale-Eglinton West (110)
2015,16-02-2015 10:30,Major Arterial,Etobicoke York,43.69015082,-79.47505579,No,Clear,Natural,Dry,Non-Fatal Injury,Passenger,25 to 29,None,Unknown,Yes, ,Yes, , , , ,Yes, , , , , ,York South-Weston (12),12,110,Keelesdale-Eglinton West (110)
2015,16-02-2015 10:30,Major Arterial,Etobicoke York,43.69015082,-79.47505579,No,Clear,Natural,Dry,Non-Fatal Injury,Pedestrian,40 to 44,Major,North,Yes, ,Yes, , , , ,Yes, , , , , ,York South-Weston (12),12,110,Keelesdale-Eglinton West (110)
2016,04-03-2016 10:30,Major Arterial,Toronto East York,43.65372046,-79.37324152,Yes,Clear,Natural,Dry,Fatal,Truck Driver,30 to 34,None,South,Yes, , , ,Yes, , , , , , , , ,Toronto Centre-Rosedale (28),28,73,Moss Park (73)
2016,04-03-2016 10:30,Major Arterial,Toronto East York,43.65372046,-79.37324152,Yes,Clear,Natural,Dry,Fatal,Pedestrian,30 to 34,Fatal,East,Yes, , , ,Yes, , , , , , , , ,Toronto Centre-Rosedale (28),28,73,Moss Park (73)
2009,14-09-2009 09:30,Collector,North York,43.76494538,-79.34349029,No,Clear,Natural,Dry,Non-Fatal Injury,Motorcycle Driver,30 to 34,Major,West, , ,Yes,Yes, , , , ,Yes,Yes, , , ,Don Valley East (34),34,45,Parkwoods-Donalda (45)
2009,14-09-2009 09:30,Collector,North York,43.76494538,-79.34349029,No,Clear,Natural,Dry,Non-Fatal Injury,Driver,20 to 24,None,East, , ,Yes,Yes, , , , ,Yes,Yes, , , ,Don Valley East (34),34,45,Parkwoods-Donalda (45)
2013,28-03-2013 09:30,Major Arterial,Etobicoke York,43.70844538,-79.53389029,No,Clear,Natural,Dry,Non-Fatal Injury,Passenger,35 to 39,Major,Unknown, , ,Yes, , , , ,Yes, ,Yes, , , ,York South-Weston (11),11,113,Weston (113)
2013,28-03-2013 09:30,Major Arterial,Etobicoke York,43.70844538,-79.53389029,No,Clear,Natural,Dry,Non-Fatal Injury,Driver,30 to 34,Minor,East, , ,Yes, , , , ,Yes, ,Yes, , , ,York South-Weston (11),11,113,Weston (113)
2013,28-03-2013 09:30,Major Arterial,Etobicoke York,43.70844538,-79.53389029,No,Clear,Natural,Dry,Non-Fatal Injury,Vehicle Owner,unknown,unknown,Unknown, , ,Yes, , , , ,Yes, ,Yes, , , ,York South-Weston (11),11,113,Weston (113)
2013,28-03-2013 09:30,Major Arterial,Etobicoke York,43.70844538,-79.53389029,No,Clear,Natural,Dry,Non-Fatal Injury,Driver,50 to 54,Minor,South, , ,Yes, , , , ,Yes, ,Yes, , , ,York South-Weston (11),11,113,Weston (113)
2015,24-05-2015 09:30,Major Arterial,Toronto East York,43.65973623,-79.40904627,Yes,Clear,Natural,Other,Non-Fatal Injury,Motorcycle Driver,25 to 29,Major,South, , , ,Yes, , , , , , , , , ,Trinity-Spadina (20),20,79,University (79)
2016,13-07-2016 09:30,Major Arterial,North York,43.72235449,-79.50896845,No,Clear,Natural,Dry,Non-Fatal Injury,Driver,60 to 64,None,South, , ,Yes,Yes, , , , , ,Yes, , , ,York Centre (9),9,26,Downsview-Roding-CFB (26)
2016,13-07-2016 09:30,Major Arterial,North York,43.72235449,-79.50896845,No,Clear,Natural,Dry,Non-Fatal Injury,Motorcycle Driver,20 to 24,Major,North, , ,Yes,Yes, , , , , ,Yes, , , ,York Centre (9),9,26,Downsview-Roding-CFB (26)
2016,01-09-2016 09:30,Minor Arterial,Etobicoke York,43.6820484,-79.46651087,No,Clear,Natural,Dry,Non-Fatal Injury,Cyclist,60 to 64,Major,South, ,Yes,Yes, , , , , ,Yes,Yes, , , ,Davenport (17),17,110,Keelesdale-Eglinton West (110)
2016,01-09-2016 09:30,Minor Arterial,Etobicoke York,43.6820484,-79.46651087,No,Clear,Natural,Dry,Non-Fatal Injury,Driver,70 to 74,None,East, ,Yes,Yes, , , , , ,Yes,Yes, , , ,Davenport (17),17,110,Keelesdale-Eglinton West (110)
2012,31-12-2012 10:30,Major Arterial,Etobicoke York,43.67774538,-79.44409029,No,Clear,Artificial,Dry,Non-Fatal Injury,Pedestrian,20 to 24,Major,North,Yes, , , , ,Yes, , , , , , , ,Davenport (17),17,92,Corso Italia-Davenport (92)
2012,31-12-2012 10:30,Major Arterial,Etobicoke York,43.67774538,-79.44409029,No,Clear,Artificial,Dry,Non-Fatal Injury,Driver,45 to 49,Minor,East,Yes, , , , ,Yes, , , , , , , ,Davenport (17),17,92,Corso Italia-Davenport (92)
2016,17-05-2016 09:30,Major Arterial,North York,43.73180731,-79.5112649,Yes,Clear,Natural,Dry,Fatal,Driver,55 to 59,None,South, , ,Yes,Yes, , , , , ,Yes, , , ,York Centre (9),9,26,Downsview-Roding-CFB (26)
2016,17-05-2016 09:30,Major Arterial,North York,43.73180731,-79.5112649,Yes,Clear,Natural,Dry,Fatal,Motorcycle Driver,30 to 34,Fatal,North, , ,Yes,Yes, , , , , ,Yes, , , ,York Centre (9),9,26,Downsview-Roding-CFB (26)
2017,21-08-2017 09:30,Major Arterial,Scarborough,43.71398538,-79.27192329,No,Clear,Natural,Dry,Non-Fatal Injury,Driver,25 to 29,None,North, , ,Yes, , , , , , ,Yes, , , ,Scarborough Southwest (35),35,120,Clairlea-Birchmount (120)
2017,21-08-2017 09:30,Major Arterial,Scarborough,43.71398538,-79.27192329,No,Clear,Natural,Dry,Non-Fatal Injury,Driver,35 to 39,Major,East, , ,Yes, , , , , , ,Yes, , , ,Scarborough Southwest (35),35,120,Clairlea-Birchmount (120)
2007,28-04-2007 09:30,Major Arterial,Scarborough,43.82724538,-79.29169029,Yes,Clear,Natural,Dry,Non-Fatal Injury,Driver,35 to 39,None,East,Yes, ,Yes, , , , , , , , , , ,Scarborough-Rouge River (41),41,130,Milliken (130)
2007,28-04-2007 09:30,Major Arterial,Scarborough,43.82724538,-79.29169029,Yes,Clear,Natural,Dry,Non-Fatal Injury,Pedestrian,15 to 19,Major,South,Yes, ,Yes, , , , , , , , , , ,Scarborough-Rouge River (41),41,130,Milliken (130)
2007,26-09-2007 09:30,Minor Arterial,Scarborough,43.70694538,-79.26809029,Yes,Clear,Natural,Wet,Non-Fatal Injury,Driver,75 to 79,None,West,Yes, ,Yes, , , , , , ,Yes,Yes, , ,Scarborough Southwest (35),35,120,Clairlea-Birchmount (120)
2007,26-09-2007 09:30,Minor Arterial,Scarborough,43.70694538,-79.26809029,Yes,Clear,Natural,Wet,Non-Fatal Injury,Vehicle Owner,unknown,unknown,Unknown,Yes, ,Yes, , , , , , ,Yes,Yes, , ,Scarborough Southwest (35),35,120,Clairlea-Birchmount (120)
2007,26-09-2007 09:30,Minor Arterial,Scarborough,43.70694538,-79.26809029,Yes,Clear,Natural,Wet,Non-Fatal Injury,Driver,50 to 54,None,North,Yes, ,Yes, , , , , , ,Yes,Yes, , ,Scarborough Southwest (35),35,120,Clairlea-Birchmount (120)
2007,26-09-2007 09:30,Minor Arterial,Scarborough,43.70694538,-79.26809029,Yes,Clear,Natural,Wet,Non-Fatal Injury,Pedestrian,30 to 34,Major,Unknown,Yes, ,Yes, , , , , , ,Yes,Yes, , ,Scarborough Southwest (35),35,120,Clairlea-Birchmount (120)
2008,26-01-2008 10:30,Major Arterial,Toronto East York,43.66954382,-79.38998804,No,Clear,Natural,Dry,Non-Fatal Injury,Cyclist,unknown,None,East,Yes,Yes, , , , , , , , , , , ,Toronto Centre-Rosedale (27),27,76,Bay Street Corridor (76)
2008,26-01-2008 10:30,Major Arterial,Toronto East York,43.66954382,-79.38998804,No,Clear,Natural,Dry,Non-Fatal Injury,Pedestrian,75 to 79,Major,West,Yes,Yes, , , , , , , , , , , ,Toronto Centre-Rosedale (27),27,76,Bay Street Corridor (76)
2010,12-05-2010 09:30,Expressway,Etobicoke York,43.62034538,-79.51379029,No,Clear,Natural,Dry,Non-Fatal Injury,Vehicle Owner,unknown,unknown,Unknown, , ,Yes, , , , , ,Yes,Yes, , , ,Etobicoke-Lakeshore (6),6,17,Mimico (includes Humber Bay Shores) (17)
2010,12-05-2010 09:30,Expressway,Etobicoke York,43.62034538,-79.51379029,No,Clear,Natural,Dry,Non-Fatal Injury,Driver,15 to 19,None,West, , ,Yes, , , , , ,Yes,Yes, , , ,Etobicoke-Lakeshore (6),6,17,Mimico (includes Humber Bay Shores) (17)
2010,12-05-2010 09:30,Expressway,Etobicoke York,43.62034538,-79.51379029,No,Clear,Natural,Dry,Non-Fatal Injury,Vehicle Owner,unknown,unknown,Unknown, , ,Yes, , , , , ,Yes,Yes, , , ,Etobicoke-Lakeshore (6),6,17,Mimico (includes Humber Bay Shores) (17)
2010,12-05-2010 09:30,Expressway,Etobicoke York,43.62034538,-79.51379029,No,Clear,Natural,Dry,Non-Fatal Injury,Driver,35 to 39,Major,West, , ,Yes, , , , , ,Yes,Yes, , , ,Etobicoke-Lakeshore (6),6,17,Mimico (includes Humber Bay Shores) (17)
2010,26-06-2010 09:30,Major Arterial,Toronto East York,43.69054538,-79.34919029,No,Rain,Natural,Wet,Non-Fatal Injury,Vehicle Owner,unknown,unknown,Unknown,Yes, ,Yes, , , , , , , , , , ,Toronto-Danforth (29),29,58,Old East York (58)
2010,26-06-2010 09:30,Major Arterial,Toronto East York,43.69054538,-79.34919029,No,Rain,Natural,Wet,Non-Fatal Injury,Driver,15 to 19,None,South,Yes, ,Yes, , , , , , , , , , ,Toronto-Danforth (29),29,58,Old East York (58)
2010,26-06-2010 09:30,Major Arterial,Toronto East York,43.69054538,-79.34919029,No,Rain,Natural,Wet,Non-Fatal Injury,Pedestrian,15 to 19,Major,East,Yes, ,Yes, , , , , , , , , , ,Toronto-Danforth (29),29,58,Old East York (58)
2011,06-01-2011 10:30,Major Arterial,Toronto East York,43.65104538,-79.38579029,No,Snow,Natural,Wet,Non-Fatal Injury,Pedestrian,20 to 24,Major,South,Yes, , , , ,Yes, , , , , , , ,Toronto Centre-Rosedale (28),28,76,Bay Street Corridor (76)
2011,06-01-2011 10:30,Major Arterial,Toronto East York,43.65104538,-79.38579029,No,Snow,Natural,Wet,Non-Fatal Injury,Vehicle Owner,unknown,unknown,Unknown,Yes, , , , ,Yes, , , , , , , ,Toronto Centre-Rosedale (28),28,76,Bay Street Corridor (76)
2011,06-01-2011 10:30,Major Arterial,Toronto East York,43.65104538,-79.38579029,No,Snow,Natural,Wet,Non-Fatal Injury,Driver,40 to 44,None,West,Yes, , , , ,Yes, , , , , , , ,Toronto Centre-Rosedale (28),28,76,Bay Street Corridor (76)
2012,16-02-2012 10:30,Minor Arterial,Toronto East York,43.66634538,-79.31659029,Yes,Clear,Natural,Wet,Non-Fatal Injury,Passenger,70 to 74,Major,Unknown, , , , , ,Yes, ,Yes, , , , , ,Beaches-East York (32),32,65,Greenwood-Coxwell (65)
2012,16-02-2012 10:30,Minor Arterial,Toronto East York,43.66634538,-79.31659029,Yes,Clear,Natural,Wet,Non-Fatal Injury,Vehicle Owner,unknown,unknown,Unknown, , , , , ,Yes, ,Yes, , , , , ,Beaches-East York (32),32,65,Greenwood-Coxwell (65)
2012,16-02-2012 10:30,Minor Arterial,Toronto East York,43.66634538,-79.31659029,Yes,Clear,Natural,Wet,Non-Fatal Injury,Driver,35 to 39,None,South, , , , , ,Yes, ,Yes, , , , , ,Beaches-East York (32),32,65,Greenwood-Coxwell (65)
2012,12-10-2012 09:30,Major Arterial,Etobicoke York,43.60124548,-79.50298701,Yes,Clear,Natural,Dry,Non-Fatal Injury,Driver,60 to 64,None,North, ,Yes,Yes, , , , , , , , , , ,Etobicoke-Lakeshore (6),6,18,New Toronto (18)
2012,12-10-2012 09:30,Major Arterial,Etobicoke York,43.60124548,-79.50298701,Yes,Clear,Natural,Dry,Non-Fatal Injury,Cyclist,30 to 34,Major,East, ,Yes,Yes, , , , , , , , , , ,Etobicoke-Lakeshore (6),6,18,New Toronto (18)
2015,23-01-2015 10:30,Minor Arterial,Toronto East York,43.69137533,-79.32062159,Yes,Clear,Natural,Dry,Non-Fatal Injury,Driver,55 to 59,None,North, , ,Yes, , , , ,Yes, ,Yes, , , ,Beaches-East York (31),31,59,Danforth East York (59)
2015,23-01-2015 10:30,Minor Arterial,Toronto East York,43.69137533,-79.32062159,Yes,Clear,Natural,Dry,Non-Fatal Injury,Driver,35 to 39,None,West, , ,Yes, , , , ,Yes, ,Yes, , , ,Beaches-East York (31),31,59,Danforth East York (59)
2015,23-01-2015 10:30,Minor Arterial,Toronto East York,43.69137533,-79.32062159,Yes,Clear,Natural,Dry,Non-Fatal Injury,Passenger,85 to 89,Minor,Unknown, , ,Yes, , , , ,Yes, ,Yes, , , ,Beaches-East York (31),31,59,Danforth East York (59)
2015,23-01-2015 10:30,Minor Arterial,Toronto East York,43.69137533,-79.32062159,Yes,Clear,Natural,Dry,Non-Fatal Injury,Passenger,25 to 29,Major,Unknown, , ,Yes, , , , ,Yes, ,Yes, , , ,Beaches-East York (31),31,59,Danforth East York (59)
2016,21-02-2016 10:30,Major Arterial,Etobicoke York,43.71060141,-79.57960139,No,Clear,Natural,Dry,Non-Fatal Injury,Truck Driver,50 to 54,None,East,Yes, , , ,Yes, , , , , , , , ,Etobicoke North (2),2,1,West Humber-Clairville (1)
2012,02-12-2012 10:30,Major Arterial,Scarborough,43.78754538,-79.26829029,Yes,"Fog, Mist, Smoke, Dust",Artificial,Wet,Non-Fatal Injury,Pedestrian,75 to 79,Major,West,Yes, ,Yes, , , , , , ,Yes, , , ,Scarborough-Rouge River (41),41,128,Agincourt South-Malvern West (128)
2016,21-02-2016 10:30,Major Arterial,Etobicoke York,43.71060141,-79.57960139,No,Clear,Natural,Dry,Non-Fatal Injury,Pedestrian,30 to 34,Major,Unknown,Yes, , , ,Yes, , , , , , , , ,Etobicoke North (2),2,1,West Humber-Clairville (1)
2014,21-07-2014 09:30,Major Arterial,Etobicoke York,43.68120917,-79.44436274,Yes,Clear,Natural,Dry,Non-Fatal Injury,Driver,20 to 24,None,West, , ,Yes, , , , , , , , , , ,Davenport (17),17,92,Corso Italia-Davenport (92)
2009,18-07-2009 09:30,Minor Arterial,Toronto East York,43.67134538,-79.29349029,Yes,Clear,Natural,Dry,Non-Fatal Injury,Other,unknown,None,West, , ,Yes,Yes, , , , , ,Yes, , , ,Beaches-East York (32),32,63,The Beaches (63)
2009,07-08-2009 09:30,Major Arterial,North York,43.71924538,-79.45589029,No,Clear,Natural,Dry,Non-Fatal Injury,Vehicle Owner,unknown,unknown,Unknown, ,Yes,Yes, , , , , , , , , , ,Eglinton-Lawrence (15),15,31,Yorkdale-Glen Park (31)
2009,07-08-2009 09:30,Major Arterial,North York,43.71924538,-79.45589029,No,Clear,Natural,Dry,Non-Fatal Injury,Driver,60 to 64,None,North, ,Yes,Yes, , , , , , , , , , ,Eglinton-Lawrence (15),15,31,Yorkdale-Glen Park (31)
2009,07-08-2009 09:30,Major Arterial,North York,43.71924538,-79.45589029,No,Clear,Natural,Dry,Non-Fatal Injury,Cyclist,50 to 54,Major,South, ,Yes,Yes, , , , , , , , , , ,Eglinton-Lawrence (15),15,31,Yorkdale-Glen Park (31)
2012,05-05-2012 09:30,Major Arterial,Toronto East York,43.69824538,-79.43839029,No,Clear,Natural,Dry,Non-Fatal Injury,Driver,30 to 34,None,East, , ,Yes, , , , ,Yes, ,Yes, , , ,St. Paul's (21),21,107,Oakwood Village (107)
2012,05-05-2012 09:30,Major Arterial,Toronto East York,43.69824538,-79.43839029,No,Clear,Natural,Dry,Non-Fatal Injury,Passenger,75 to 79,Major,Unknown, , ,Yes, , , , ,Yes, ,Yes, , , ,St. Paul's (21),21,107,Oakwood Village (107)
2012,05-05-2012 09:30,Major Arterial,Toronto East York,43.69824538,-79.43839029,No,Clear,Natural,Dry,Non-Fatal Injury,Passenger,20 to 24,Minimal,Unknown, , ,Yes, , , , ,Yes, ,Yes, , , ,St. Paul's (21),21,107,Oakwood Village (107)
2012,05-05-2012 09:30,Major Arterial,Toronto East York,43.69824538,-79.43839029,No,Clear,Natural,Dry,Non-Fatal Injury,Driver,45 to 49,Minimal,East, , ,Yes, , , , ,Yes, ,Yes, , , ,St. Paul's (21),21,107,Oakwood Village (107)