YEAR,DATE,ROAD_CLASS,District,LATITUDE,LONGITUDE,TRAFFCTL,VISIBILITY,LIGHT,RDSFCOND,ACCLASS,INVTYPE,INVAGE,INJURY,INITDIR,PEDESTRIAN,CYCLIST,AUTOMOBILE,MOTORCYCLE,TRUCK,TRSN_CITY_VEH,EMERG_VEH,PASSENGER,SPEEDING,AG_DRIV,REDLIGHT,ALCOHOL,DISABILITY,Ward_Name,Ward_ID,Hood_ID,Hood_Name
2012,06-11-2012 10:30,Major Arterial,Toronto East York,43.66624538,-79.37829029,Yes,Clear,Natural,Dry,Non-Fatal Injury,Driver,65 to 69,None,North,Yes, ,Yes, , , , , , ,Yes,Yes, , ,Toronto Centre-Rosedale (27),27,71,Cabbagetown-South St.James Town (71)
2012,06-11-2012 10:30,Major Arterial,Toronto East York,43.66624538,-79.37829029,Yes,Clear,Natural,Dry,Non-Fatal Injury,Pedestrian,80 to 84,Major,East,Yes, ,Yes, , , , , , ,Yes,Yes, , ,Toronto Centre-Rosedale (27),27,71,Cabbagetown-South St.James Town (71)
2009,08-12-2009 10:30,Major Arterial,Scarborough,43.78344538,-79.26639029,Yes,Clear,Natural,Dry,Non-Fatal Injury,Passenger,40 to 44,Major,Unknown, , ,Yes, , , , ,Yes, , , , , ,Scarborough-Rouge River (41),41,128,Agincourt South-Malvern West (128)
2009,08-12-2009 10:30,Major Arterial,Scarborough,43.78344538,-79.26639029,Yes,Clear,Natural,Dry,Non-Fatal Injury,Driver,60 to 64,Major,East, , ,Yes, , , , ,Yes, , , , , ,Scarborough-Rouge River (41),41,128,Agincourt South-Malvern West (128)
2009,08-12-2009 10:30,Major Arterial,Scarborough,43.78344538,-79.26639029,Yes,Clear,Natural,Dry,Non-Fatal Injury,Driver,45 to 49,None,West, , ,Yes, , , , ,Yes, , , , , ,Scarborough-Rouge River (41),41,128,Agincourt South-Malvern West (128)
2010,19-05-2010 09:30,Local,North York,43.69314538,-79.37229029,Yes,Clear,Natural,Dry,Non-Fatal Injury,Driver,15 to 19,Minimal,North, , ,Yes, , , , , , ,Yes, , , ,Don Valley West (26),26,56,Leaside-Bennington (56)
2010,19-05-2010 09:30,Local,North York,43.69314538,-79.37229029,Yes,Clear,Natural,Dry,Non-Fatal Injury,Driver,30 to 34,Major,West, , ,Yes, , , , , , ,Yes, , , ,Don Valley West (26),26,56,Leaside-Bennington (56)
2016,10-11-2016 10:30,Major Arterial,Scarborough,43.7504917,-79.25410853,No,Clear,Artificial,Dry,Fatal,Driver,70 to 74,Minimal,South,Yes, ,Yes, , , , , , , , , , ,Scarborough Centre (37),37,127,Bendale (127)
2016,10-11-2016 10:30,Major Arterial,Scarborough,43.7504917,-79.25410853,No,Clear,Artificial,Dry,Fatal,Pedestrian,60 to 64,Fatal,West,Yes, ,Yes, , , , , , , , , , ,Scarborough Centre (37),37,127,Bendale (127)
2016,10-11-2016 10:30,Major Arterial,Scarborough,43.7504917,-79.25410853,No,Clear,Artificial,Dry,Fatal,Pedestrian,65 to 69,Major,West,Yes, ,Yes, , , , , , , , , , ,Scarborough Centre (37),37,127,Bendale (127)
2017,05-06-2017 09:30,Major Arterial,Etobicoke York,43.70822438,-79.56505929,Yes,Clear,Natural,Dry,Non-Fatal Injury,Driver,30 to 34,None,East, , ,Yes,Yes, , , ,Yes, ,Yes, , , ,Etobicoke North (2),2,1,West Humber-Clairville (1)
2017,05-06-2017 09:30,Major Arterial,Etobicoke York,43.70822438,-79.56505929,Yes,Clear,Natural,Dry,Non-Fatal Injury,Motorcycle Driver,60 to 64,Major,South, , ,Yes,Yes, , , ,Yes, ,Yes, , , ,Etobicoke North (2),2,1,West Humber-Clairville (1)
2017,05-06-2017 09:30,Major Arterial,Etobicoke York,43.70822438,-79.56505929,Yes,Clear,Natural,Dry,Non-Fatal Injury,Passenger,55 to 59,None,Unknown, , ,Yes,Yes, , , ,Yes, ,Yes, , , ,Etobicoke North (2),2,1,West Humber-Clairville (1)
2008,30-06-2008 09:30,Major Arterial,North York,43.74704538,-79.38899029,Yes,Clear,Natural,Dry,Non-Fatal Injury,Vehicle Owner,unknown,unknown,Unknown,Yes, ,Yes, , , , , , ,Yes,Yes, , ,Don Valley West (25),25,40,St.Andrew-Windfields (40)
2008,30-06-2008 09:30,Major Arterial,North York,43.74704538,-79.38899029,Yes,Clear,Natural,Dry,Non-Fatal Injury,Driver,25 to 29,None,East,Yes, ,Yes, , , , , , ,Yes,Yes, , ,Don Valley West (25),25,40,St.Andrew-Windfields (40)
2008,30-06-2008 09:30,Major Arterial,North York,43.74704538,-79.38899029,Yes,Clear,Natural,Dry,Non-Fatal Injury,Pedestrian,5 to 9,None,Unknown,Yes, ,Yes, , , , , , ,Yes,Yes, , ,Don Valley West (25),25,40,St.Andrew-Windfields (40)
2008,30-06-2008 09:30,Major Arterial,North York,43.74704538,-79.38899029,Yes,Clear,Natural,Dry,Non-Fatal Injury,Pedestrian,5 to 9,None,Unknown,Yes, ,Yes, , , , , , ,Yes,Yes, , ,Don Valley West (25),25,40,St.Andrew-Windfields (40)
2008,30-06-2008 09:30,Major Arterial,North York,43.74704538,-79.38899029,Yes,Clear,Natural,Dry,Non-Fatal Injury,Pedestrian,25 to 29,Minor,Unknown,Yes, ,Yes, , , , , , ,Yes,Yes, , ,Don Valley West (25),25,40,St.Andrew-Windfields (40)
2008,30-06-2008 09:30,Major Arterial,North York,43.74704538,-79.38899029,Yes,Clear,Natural,Dry,Non-Fatal Injury,Pedestrian,15 to 19,Major,Unknown,Yes, ,Yes, , , , , , ,Yes,Yes, , ,Don Valley West (25),25,40,St.Andrew-Windfields (40)
2012,15-03-2012 09:30,Major Arterial,Etobicoke York,43.63354538,-79.57079029,Yes,Clear,Natural,Dry,Non-Fatal Injury,Passenger,20 to 24,Major,Unknown, , ,Yes, , , , ,Yes, ,Yes, , , ,Etobicoke Centre (3),3,12,Markland Wood (12)
2012,15-03-2012 09:30,Major Arterial,Etobicoke York,43.63354538,-79.57079029,Yes,Clear,Natural,Dry,Non-Fatal Injury,Driver,30 to 34,Major,East, , ,Yes, , , , ,Yes, ,Yes, , , ,Etobicoke Centre (3),3,12,Markland Wood (12)
2012,15-03-2012 09:30,Major Arterial,Etobicoke York,43.63354538,-79.57079029,Yes,Clear,Natural,Dry,Non-Fatal Injury,Driver,50 to 54,Major,West, , ,Yes, , , , ,Yes, ,Yes, , , ,Etobicoke Centre (3),3,12,Markland Wood (12)
2016,09-09-2016 09:30,Local,North York,43.69381293,-79.44590388,No,Clear,Artificial,Dry,Non-Fatal Injury,Driver,0 to 4,None,Unknown,Yes, , , , , , , , , , , , ,Eglinton-Lawrence (15),15,107,Oakwood Village (107)
2016,09-09-2016 09:30,Local,North York,43.69381293,-79.44590388,No,Clear,Artificial,Dry,Non-Fatal Injury,Pedestrian,15 to 19,Major,Unknown,Yes, , , , , , , , , , , , ,Eglinton-Lawrence (15),15,107,Oakwood Village (107)
2007,28-04-2007 09:30,Minor Arterial,Toronto East York,43.66234538,-79.42579029,No,Clear,Natural,Dry,Non-Fatal Injury,Vehicle Owner,unknown,unknown,Unknown,Yes, , , , ,Yes, , , ,Yes, , , ,Trinity-Spadina (19),19,93,Dovercourt-Wallace Emerson-Junction (93)
2007,28-04-2007 09:30,Minor Arterial,Toronto East York,43.66234538,-79.42579029,No,Clear,Natural,Dry,Non-Fatal Injury,Driver,45 to 49,None,North,Yes, , , , ,Yes, , , ,Yes, , , ,Trinity-Spadina (19),19,93,Dovercourt-Wallace Emerson-Junction (93)
2007,28-04-2007 09:30,Minor Arterial,Toronto East York,43.66234538,-79.42579029,No,Clear,Natural,Dry,Non-Fatal Injury,Pedestrian,75 to 79,Major,South,Yes, , , , ,Yes, , , ,Yes, , , ,Trinity-Spadina (19),19,93,Dovercourt-Wallace Emerson-Junction (93)
2008,07-05-2008 09:30,Major Arterial,Toronto East York,43.65324538,-79.42819029,No,Rain,Natural,Wet,Non-Fatal Injury,Driver,unknown,None,West, ,Yes,Yes, , , , , , , , , , ,Davenport (18),18,83,Dufferin Grove (83)
2008,07-05-2008 09:30,Major Arterial,Toronto East York,43.65324538,-79.42819029,No,Rain,Natural,Wet,Non-Fatal Injury,Cyclist,20 to 24,Major,West, ,Yes,Yes, , , , , , , , , , ,Davenport (18),18,83,Dufferin Grove (83)
2010,28-12-2010 10:30,Major Arterial,Scarborough,43.82534538,-79.29999029,Yes,Snow,Natural,Wet,Fatal,Passenger,70 to 74,None,Unknown,Yes, ,Yes, , , , ,Yes, , , , , ,Scarborough-Rouge River (41),41,130,Milliken (130)
2010,28-12-2010 10:30,Major Arterial,Scarborough,43.82534538,-79.29999029,Yes,Snow,Natural,Wet,Fatal,Driver,75 to 79,None,East,Yes, ,Yes, , , , ,Yes, , , , , ,Scarborough-Rouge River (41),41,130,Milliken (130)
2010,28-12-2010 10:30,Major Arterial,Scarborough,43.82534538,-79.29999029,Yes,Snow,Natural,Wet,Fatal,Pedestrian,30 to 34,Fatal,North,Yes, ,Yes, , , , ,Yes, , , , , ,Scarborough-Rouge River (41),41,130,Milliken (130)
2013,29-03-2013 09:30,Major Arterial,Toronto East York,43.65024527,-79.34849177,No,Clear,Natural,Dry,Fatal,Vehicle Owner,unknown,unknown,Unknown, , ,Yes, , , , ,Yes, , , , , ,Toronto Centre-Rosedale (28),28,77,Waterfront Communities-The Island (77)
2013,29-03-2013 09:30,Major Arterial,Toronto East York,43.65024527,-79.34849177,No,Clear,Natural,Dry,Fatal,Driver,15 to 19,Minor,East, , ,Yes, , , , ,Yes, , , , , ,Toronto Centre-Rosedale (28),28,77,Waterfront Communities-The Island (77)
2013,29-03-2013 09:30,Major Arterial,Toronto East York,43.65024527,-79.34849177,No,Clear,Natural,Dry,Fatal,Passenger,15 to 19,Minor,Unknown, , ,Yes, , , , ,Yes, , , , , ,Toronto Centre-Rosedale (28),28,77,Waterfront Communities-The Island (77)
2013,29-03-2013 09:30,Major Arterial,Toronto East York,43.65024527,-79.34849177,No,Clear,Natural,Dry,Fatal,Other Property Owner,unknown,unknown,Unknown, , ,Yes, , , , ,Yes, , , , , ,Toronto Centre-Rosedale (28),28,77,Waterfront Communities-The Island (77)
2013,29-03-2013 09:30,Major Arterial,Toronto East York,43.65024527,-79.34849177,No,Clear,Natural,Dry,Fatal,Passenger,15 to 19,Minor,Unknown, , ,Yes, , , , ,Yes, , , , , ,Toronto Centre-Rosedale (28),28,77,Waterfront Communities-The Island (77)
2013,29-03-2013 09:30,Major Arterial,Toronto East York,43.65024527,-79.34849177,No,Clear,Natural,Dry,Fatal,Passenger,15 to 19,Minor,Unknown, , ,Yes, , , , ,Yes, , , , , ,Toronto Centre-Rosedale (28),28,77,Waterfront Communities-The Island (77)
2013,29-03-2013 09:30,Major Arterial,Toronto East York,43.65024527,-79.34849177,No,Clear,Natural,Dry,Fatal,Passenger,15 to 19,Fatal,Unknown, , ,Yes, , , , ,Yes, , , , , ,Toronto Centre-Rosedale (28),28,77,Waterfront Communities-The Island (77)
2015,13-04-2015 09:30,Major Arterial,North York,43.72266348,-79.49988947,No,Clear,Natural,Dry,Fatal,Driver,85 to 89,Fatal,West, , ,Yes, , ,Yes, , , ,Yes, , , ,York Centre (9),9,26,Downsview-Roding-CFB (26)
2015,13-04-2015 09:30,Major Arterial,North York,43.72266348,-79.49988947,No,Clear,Natural,Dry,Fatal,Driver,50 to 54,None,West, , ,Yes, , ,Yes, , , ,Yes, , , ,York Centre (9),9,26,Downsview-Roding-CFB (26)
2007,16-01-2007 10:30,Major Arterial,Etobicoke York,43.69704538,-79.54669029,Yes,Clear,Natural,Dry,Non-Fatal Injury,Vehicle Owner,unknown,None,Unknown, , ,Yes, ,Yes, , , , , , , , ,Etobicoke Centre (4),4,6,Kingsview Village-The Westway (6)
2007,16-01-2007 10:30,Major Arterial,Etobicoke York,43.69704538,-79.54669029,Yes,Clear,Natural,Dry,Non-Fatal Injury,Truck Driver,40 to 44,Minimal,East, , ,Yes, ,Yes, , , , , , , , ,Etobicoke Centre (4),4,6,Kingsview Village-The Westway (6)
2007,16-01-2007 10:30,Major Arterial,Etobicoke York,43.69704538,-79.54669029,Yes,Clear,Natural,Dry,Non-Fatal Injury,Driver,25 to 29,Major,West, , ,Yes, ,Yes, , , , , , , , ,Etobicoke Centre (4),4,6,Kingsview Village-The Westway (6)
2011,16-11-2011 10:30,Major Arterial,North York,43.71044538,-79.33459029,No,Clear,Natural,Dry,Non-Fatal Injury,Vehicle Owner,unknown,unknown,Unknown,Yes, ,Yes, , , , , , , , , , ,Don Valley West (26),26,44,Flemingdon Park (44)
2011,16-11-2011 10:30,Major Arterial,North York,43.71044538,-79.33459029,No,Clear,Natural,Dry,Non-Fatal Injury,Driver,15 to 19,None,South,Yes, ,Yes, , , , , , , , , , ,Don Valley West (26),26,44,Flemingdon Park (44)
2011,16-11-2011 10:30,Major Arterial,North York,43.71044538,-79.33459029,No,Clear,Natural,Dry,Non-Fatal Injury,Pedestrian,30 to 34,Major,West,Yes, ,Yes, , , , , , , , , , ,Don Valley West (26),26,44,Flemingdon Park (44)
2011,16-11-2011 10:30,Major Arterial,North York,43.71044538,-79.33459029,No,Clear,Natural,Dry,Non-Fatal Injury,Pedestrian,10 to 14,Major,West,Yes, ,Yes, , , , , , , , , , ,Don Valley West (26),26,44,Flemingdon Park (44)
2013,08-01-2013 10:30,Major Arterial,Toronto East York,43.64294538,-79.38149029,Yes,Clear,Artificial,Dry,Non-Fatal Injury,Driver,55 to 59,None,North,Yes, ,Yes, , , , , , ,Yes,Yes, , ,Trinity-Spadina (20),20,77,Waterfront Communities-The Island (77)
2013,08-01-2013 10:30,Major Arterial,Toronto East York,43.64294538,-79.38149029,Yes,Clear,Artificial,Dry,Non-Fatal Injury,Vehicle Owner,unknown,unknown,Unknown,Yes, ,Yes, , , , , , ,Yes,Yes, , ,Trinity-Spadina (20),20,77,Waterfront Communities-The Island (77)
2013,08-01-2013 10:30,Major Arterial,Toronto East York,43.64294538,-79.38149029,Yes,Clear,Artificial,Dry,Non-Fatal Injury,Driver,20 to 24,None,East,Yes, ,Yes, , , , , , ,Yes,Yes, , ,Trinity-Spadina (20),20,77,Waterfront Communities-The Island (77)
2013,08-01-2013 10:30,Major Arterial,Toronto East York,43.64294538,-79.38149029,Yes,Clear,Artificial,Dry,Non-Fatal Injury,Other Property Owner,unknown,unknown,Unknown,Yes, ,Yes, , , , , , ,Yes,Yes, , ,Trinity-Spadina (20),20,77,Waterfront Communities-The Island (77)
2013,08-01-2013 10:30,Major Arterial,Toronto East York,43.64294538,-79.38149029,Yes,Clear,Artificial,Dry,Non-Fatal Injury,Pedestrian,45 to 49,Major,Unknown,Yes, ,Yes, , , , , , ,Yes,Yes, , ,Trinity-Spadina (20),20,77,Waterfront Communities-The Island (77)
2016,21-09-2016 09:30,Major Arterial,Toronto East York,43.68122824,-79.42766199,No,Clear,Natural,Dry,Non-Fatal Injury,Driver,30 to 34,None,West,Yes, ,Yes, , , , ,Yes, , , , , ,St. Paul's (21),21,94,Wychwood (94)
2016,21-09-2016 09:30,Major Arterial,Toronto East York,43.68122824,-79.42766199,No,Clear,Natural,Dry,Non-Fatal Injury,Passenger,25 to 29,None,Unknown,Yes, ,Yes, , , , ,Yes, , , , , ,St. Paul's (21),21,94,Wychwood (94)
2016,21-09-2016 09:30,Major Arterial,Toronto East York,43.68122824,-79.42766199,No,Clear,Natural,Dry,Non-Fatal Injury,Pedestrian,65 to 69,Major,South,Yes, ,Yes, , , , ,Yes, , , , , ,St. Paul's (21),21,94,Wychwood (94)
2017,01-08-2017 09:30,Local,Toronto East York,43.65200766,-79.39652643,No,Clear,Natural,Dry,Non-Fatal Injury,Cyclist,30 to 34,Major,East, ,Yes,Yes, , , , , , , , , , ,Trinity-Spadina (20),20,78,Kensington-Chinatown (78)
2017,01-08-2017 09:30,Local,Toronto East York,43.65200766,-79.39652643,No,Clear,Natural,Dry,Non-Fatal Injury,Driver,60 to 64,None,East, ,Yes,Yes, , , , , , , , , , ,Trinity-Spadina (20),20,78,Kensington-Chinatown (78)
2017,05-09-2017 09:30,Local,Toronto East York,43.69990118,-79.39370356,No,Clear,Natural,Dry,Non-Fatal Injury,Driver,35 to 39,None,East,Yes, ,Yes, , , , ,Yes, , , , , ,St. Paul's (22),22,104,Mount Pleasant West (104)
2017,05-09-2017 09:30,Local,Toronto East York,43.69990118,-79.39370356,No,Clear,Natural,Dry,Non-Fatal Injury,Passenger,40 to 44,None,Unknown,Yes, ,Yes, , , , ,Yes, , , , , ,St. Paul's (22),22,104,Mount Pleasant West (104)
2017,05-09-2017 09:30,Local,Toronto East York,43.69990118,-79.39370356,No,Clear,Natural,Dry,Non-Fatal Injury,Passenger,0 to 4,None,Unknown,Yes, ,Yes, , , , ,Yes, , , , , ,St. Paul's (22),22,104,Mount Pleasant West (104)
2017,05-09-2017 09:30,Local,Toronto East York,43.69990118,-79.39370356,No,Clear,Natural,Dry,Non-Fatal Injury,Pedestrian,5 to 9,Major,North,Yes, ,Yes, , , , ,Yes, , , , , ,St. Paul's (22),22,104,Mount Pleasant West (104)
2017,18-12-2017 10:30,Major Arterial,Etobicoke York,43.68542822,-79.49513636,No,Clear,Natural,Wet,Fatal,Pedestrian,85 to 89,Fatal,South,Yes, ,Yes, , , , , , , , , , ,York South-Weston (11),11,115,Mount Dennis (115)
2017,18-12-2017 10:30,Major Arterial,Etobicoke York,43.68542822,-79.49513636,No,Clear,Natural,Wet,Fatal,Driver,65 to 69,None,West,Yes, ,Yes, , , , , , , , , , ,York South-Weston (11),11,115,Mount Dennis (115)
2012,30-07-2012 09:30,Minor Arterial,Toronto East York,43.64224538,-79.42859029,Yes,Clear,Natural,Dry,Non-Fatal Injury,Driver,40 to 44,None,North,Yes, ,Yes, , , , , , , , , , ,Parkdale-High Park (14),14,86,Roncesvalles (86)
2012,30-07-2012 09:30,Minor Arterial,Toronto East York,43.64224538,-79.42859029,Yes,Clear,Natural,Dry,Non-Fatal Injury,Pedestrian,65 to 69,Major,West,Yes, ,Yes, , , , , , , , , , ,Parkdale-High Park (14),14,86,Roncesvalles (86)
2014,03-09-2014 09:30,Major Arterial,Etobicoke York,43.68446692,-79.49882136,No,Clear,Natural,Dry,Non-Fatal Injury,Driver,45 to 49,None,South,Yes, ,Yes, , , , , , , , , , ,York South-Weston (11),11,111,Rockcliffe-Smythe (111)
2014,03-09-2014 09:30,Major Arterial,Etobicoke York,43.68446692,-79.49882136,No,Clear,Natural,Dry,Non-Fatal Injury,Pedestrian,50 to 54,Major,East,Yes, ,Yes, , , , , , , , , , ,York South-Weston (11),11,111,Rockcliffe-Smythe (111)
2014,25-10-2014 09:30,Major Arterial,Toronto East York,43.64729269,-79.39577875,No,Clear,Natural,Dry,Non-Fatal Injury,Driver,35 to 39,None,North, , ,Yes,Yes, , , , , , , , , ,Trinity-Spadina (20),20,77,Waterfront Communities-The Island (77)
2014,25-10-2014 09:30,Major Arterial,Toronto East York,43.64729269,-79.39577875,No,Clear,Natural,Dry,Non-Fatal Injury,Motorcycle Driver,30 to 34,Major,North, , ,Yes,Yes, , , , , , , , , ,Trinity-Spadina (20),20,77,Waterfront Communities-The Island (77)
2008,04-08-2008 09:30,Minor Arterial,Scarborough,43.69364538,-79.27729029,Yes,Clear,Natural,Dry,Non-Fatal Injury,Passenger,35 to 39,Minor,Unknown, , ,Yes, , , , ,Yes, ,Yes, , ,Yes,Scarborough Southwest (35),35,121,Oakridge (121)
2008,04-08-2008 09:30,Minor Arterial,Scarborough,43.69364538,-79.27729029,Yes,Clear,Natural,Dry,Non-Fatal Injury,Driver,50 to 54,Minor,South, , ,Yes, , , , ,Yes, ,Yes, , ,Yes,Scarborough Southwest (35),35,121,Oakridge (121)
2008,04-08-2008 09:30,Minor Arterial,Scarborough,43.69364538,-79.27729029,Yes,Clear,Natural,Dry,Non-Fatal Injury,Passenger,15 to 19,Minor,Unknown, , ,Yes, , , , ,Yes, ,Yes, , ,Yes,Scarborough Southwest (35),35,121,Oakridge (121)
2008,04-08-2008 09:30,Minor Arterial,Scarborough,43.69364538,-79.27729029,Yes,Clear,Natural,Dry,Non-Fatal Injury,Passenger,10 to 14,Minor,Unknown, , ,Yes, , , , ,Yes, ,Yes, , ,Yes,Scarborough Southwest (35),35,121,Oakridge (121)
2008,04-08-2008 09:30,Minor Arterial,Scarborough,43.69364538,-79.27729029,Yes,Clear,Natural,Dry,Non-Fatal Injury,Vehicle Owner,unknown,unknown,Unknown, , ,Yes, , , , ,Yes, ,Yes, , ,Yes,Scarborough Southwest (35),35,121,Oakridge (121)
2008,04-08-2008 09:30,Minor Arterial,Scarborough,43.69364538,-79.27729029,Yes,Clear,Natural,Dry,Non-Fatal Injury,Driver,30 to 34,Major,South, , ,Yes, , , , ,Yes, ,Yes, , ,Yes,Scarborough Southwest (35),35,121,Oakridge (121)
2010,23-07-2010 09:30,Major Arterial,Toronto East York,43.68124538,-79.33319029,No,Clear,Natural,Dry,Non-Fatal Injury,Motorcycle Driver,25 to 29,Major,West, , ,Yes,Yes, , , , , , , , , ,Toronto-Danforth (30),30,69,Blake-Jones (69)
2010,23-07-2010 09:30,Major Arterial,Toronto East York,43.68124538,-79.33319029,No,Clear,Natural,Dry,Non-Fatal Injury,Other,unknown,None,East, , ,Yes,Yes, , , , , , , , , ,Toronto-Danforth (30),30,69,Blake-Jones (69)
2010,23-07-2010 09:30,Major Arterial,Toronto East York,43.68124538,-79.33319029,No,Clear,Natural,Dry,Non-Fatal Injury,Vehicle Owner,unknown,unknown,Unknown, , ,Yes,Yes, , , , , , , , , ,Toronto-Danforth (30),30,69,Blake-Jones (69)
2010,23-07-2010 09:30,Major Arterial,Toronto East York,43.68124538,-79.33319029,No,Clear,Natural,Dry,Non-Fatal Injury,Driver,35 to 39,None,East, , ,Yes,Yes, , , , , , , , , ,Toronto-Danforth (30),30,69,Blake-Jones (69)
2015,17-03-2015 09:30,Major Arterial,North York,43.78949698,-79.44622431,No,Clear,Natural,Dry,Non-Fatal Injury,Driver,35 to 39,Major,South, , ,Yes, , , , ,Yes, , , , , ,York Centre (10),10,36,Newtonbrook West (36)
2015,17-03-2015 09:30,Major Arterial,North York,43.78949698,-79.44622431,No,Clear,Natural,Dry,Non-Fatal Injury,Driver,45 to 49,None,North, , ,Yes, , , , ,Yes, , , , , ,York Centre (10),10,36,Newtonbrook West (36)
2015,17-03-2015 09:30,Major Arterial,North York,43.78949698,-79.44622431,No,Clear,Natural,Dry,Non-Fatal Injury,Passenger,0 to 4,Minimal,Unknown, , ,Yes, , , , ,Yes, , , , , ,York Centre (10),10,36,Newtonbrook West (36)
2015,17-03-2015 09:30,Major Arterial,North York,43.78949698,-79.44622431,No,Clear,Natural,Dry,Non-Fatal Injury,Passenger,15 to 19,None,Unknown, , ,Yes, , , , ,Yes, , , , , ,York Centre (10),10,36,Newtonbrook West (36)
2016,17-06-2016 09:30,Minor Arterial,North York,43.69888647,-79.46360407,No,Clear,Natural,Dry,Non-Fatal Injury,Motorcycle Driver,20 to 24,Major,North, , ,Yes,Yes, , , , ,Yes,Yes, , , ,Eglinton-Lawrence (15),15,108,Briar Hill-Belgravia (108)
2016,17-06-2016 09:30,Minor Arterial,North York,43.69888647,-79.46360407,No,Clear,Natural,Dry,Non-Fatal Injury,Driver,40 to 44,None,West, , ,Yes,Yes, , , , ,Yes,Yes, , , ,Eglinton-Lawrence (15),15,108,Briar Hill-Belgravia (108)
2011,20-05-2011 09:30,Major Arterial,Scarborough,43.81364538,-79.27009029,No,Clear,Natural,Dry,Non-Fatal Injury,Driver,35 to 39,None,South, , ,Yes, , , , ,Yes,Yes,Yes, , , ,Scarborough-Rouge River (41),41,129,Agincourt North (129)
2011,20-05-2011 09:30,Major Arterial,Scarborough,43.81364538,-79.27009029,No,Clear,Natural,Dry,Non-Fatal Injury,Passenger,20 to 24,Minor,Unknown, , ,Yes, , , , ,Yes,Yes,Yes, , , ,Scarborough-Rouge River (41),41,129,Agincourt North (129)
2011,20-05-2011 09:30,Major Arterial,Scarborough,43.81364538,-79.27009029,No,Clear,Natural,Dry,Non-Fatal Injury,Passenger,15 to 19,Major,Unknown, , ,Yes, , , , ,Yes,Yes,Yes, , , ,Scarborough-Rouge River (41),41,129,Agincourt North (129)
2011,20-05-2011 09:30,Major Arterial,Scarborough,43.81364538,-79.27009029,No,Clear,Natural,Dry,Non-Fatal Injury,Passenger,15 to 19,Minimal,Unknown, , ,Yes, , , , ,Yes,Yes,Yes, , , ,Scarborough-Rouge River (41),41,129,Agincourt North (129)
2011,20-05-2011 09:30,Major Arterial,Scarborough,43.81364538,-79.27009029,No,Clear,Natural,Dry,Non-Fatal Injury,Vehicle Owner,unknown,unknown,Unknown, , ,Yes, , , , ,Yes,Yes,Yes, , , ,Scarborough-Rouge River (41),41,129,Agincourt North (129)
2009,23-10-2009 09:30,Major Arterial,Etobicoke York,43.76794538,-79.55779029,No,Rain,Natural,Wet,Non-Fatal Injury,Driver,40 to 44,None,West,Yes, ,Yes, , , , , , , , , , ,York West (7),7,21,Humber Summit (21)
2011,20-05-2011 09:30,Major Arterial,Scarborough,43.81364538,-79.27009029,No,Clear,Natural,Dry,Non-Fatal Injury,Driver,15 to 19,Minor,South, , ,Yes, , , , ,Yes,Yes,Yes, , , ,Scarborough-Rouge River (41),41,129,Agincourt North (129)
2016,30-01-2016 10:30,Major Arterial,Toronto East York,43.66470679,-79.43742762,No,Clear,Artificial,Dry,Fatal,Pedestrian,90 to 94,Fatal,West,Yes, ,Yes, , , , , , , , , , ,Davenport (18),18,93,Dovercourt-Wallace Emerson-Junction (93)
2009,12-06-2009 09:30,Local,Toronto East York,43.71424538,-79.30599029,No,Clear,Natural,Dry,Non-Fatal Injury,Motorcycle Driver,35 to 39,Major,South, , ,Yes,Yes, , , , , , , , , ,Beaches-East York (31),31,54,O'Connor-Parkview (54)
2010,10-12-2010 10:30,Collector,Scarborough,43.77104538,-79.21269029,No,Snow,Natural,Slush/Ice,Non-Fatal Injury,Driver,30 to 34,Major,West, , ,Yes, , , , , ,Yes,Yes, , , ,Scarborough East (43),43,137,Woburn (137)
2012,27-01-2012 10:30,Minor Arterial,Toronto East York,43.66544538,-79.35259029,Yes,Clear,Artificial,Dry,Non-Fatal Injury,Driver,unknown,None,West,Yes, ,Yes, , , , , , , , , , ,Toronto-Danforth (30),30,70,South Riverdale (70)
2009,18-07-2009 09:30,Minor Arterial,Toronto East York,43.67134538,-79.29349029,Yes,Clear,Natural,Dry,Non-Fatal Injury,Motorcycle Driver,55 to 59,Major,West, , ,Yes,Yes, , , , , ,Yes, , , ,Beaches-East York (32),32,63,The Beaches (63)
2009,12-06-2009 09:30,Local,Toronto East York,43.71424538,-79.30599029,No,Clear,Natural,Dry,Non-Fatal Injury,Driver,45 to 49,None,North, , ,Yes,Yes, , , , , , , , , ,Beaches-East York (31),31,54,O'Connor-Parkview (54)
2014,30-11-2014 10:30,Major Arterial,Scarborough,43.7502056,-79.29670344,No,Clear,Artificial,Dry,Non-Fatal Injury,Driver,45 to 49,Major,South, , ,Yes, , , , , , , , , , ,Scarborough Centre (37),37,119,Wexford/Maryvale (119)
2014,21-07-2014 09:30,Major Arterial,Etobicoke York,43.68120917,-79.44436274,Yes,Clear,Natural,Dry,Non-Fatal Injury,Driver,35 to 39,Major,North, , ,Yes, , , , , , , , , , ,Davenport (17),17,92,Corso Italia-Davenport (92)