YEAR,DATE,ROAD_CLASS,District,LATITUDE,LONGITUDE,TRAFFCTL,VISIBILITY,LIGHT,RDSFCOND,ACCLASS,INVTYPE,INVAGE,INJURY,INITDIR,PEDESTRIAN,CYCLIST,AUTOMOBILE,MOTORCYCLE,TRUCK,TRSN_CITY_VEH,EMERG_VEH,PASSENGER,SPEEDING,AG_DRIV,REDLIGHT,ALCOHOL,DISABILITY,Ward_Name,Ward_ID,Hood_ID,Hood_Name
2015,26-10-2015 09:30,Major Arterial,Scarborough,43.78131445,-79.32584772,No,Clear,Artificial,Dry,Non-Fatal Injury,Driver,70 to 74,Major,South, , ,Yes, , , , ,Yes, , , , ,Yes,Don Valley East (33),33,117,L'Amoreaux (117)
2015,26-10-2015 09:30,Major Arterial,Scarborough,43.78131445,-79.32584772,No,Clear,Artificial,Dry,Non-Fatal Injury,Driver,30 to 34,Minor,North, , ,Yes, , , , ,Yes, , , , ,Yes,Don Valley East (33),33,117,L'Amoreaux (117)
2015,26-10-2015 09:30,Major Arterial,Scarborough,43.78131445,-79.32584772,No,Clear,Artificial,Dry,Non-Fatal Injury,Passenger,30 to 34,Minor,Unknown, , ,Yes, , , , ,Yes, , , , ,Yes,Don Valley East (33),33,117,L'Amoreaux (117)
2016,09-01-2016 10:30,Minor Arterial,Toronto East York,43.66497381,-79.42691431,No,Clear,Artificial,Wet,Non-Fatal Injury,Driver,30 to 34,None,South, , , , , ,Yes, ,Yes, , , , , ,Trinity-Spadina (19),19,93,Dovercourt-Wallace Emerson-Junction (93)
2016,09-01-2016 10:30,Minor Arterial,Toronto East York,43.66497381,-79.42691431,No,Clear,Artificial,Wet,Non-Fatal Injury,Passenger,80 to 84,Major,Unknown, , , , , ,Yes, ,Yes, , , , , ,Trinity-Spadina (19),19,93,Dovercourt-Wallace Emerson-Junction (93)
2016,07-10-2016 09:30,Local,Scarborough,43.79109152,-79.2798501,No,Clear,Natural,Dry,Non-Fatal Injury,Driver,60 to 64,None,West,Yes, ,Yes, , , , , , ,Yes, , , ,Scarborough-Rouge River (41),41,128,Agincourt South-Malvern West (128)
2016,07-10-2016 09:30,Local,Scarborough,43.79109152,-79.2798501,No,Clear,Natural,Dry,Non-Fatal Injury,Pedestrian,75 to 79,Major,West,Yes, ,Yes, , , , , , ,Yes, , , ,Scarborough-Rouge River (41),41,128,Agincourt South-Malvern West (128)
2017,30-05-2017 09:30,Minor Arterial,Toronto East York,43.64937933,-79.37142573,Yes,Rain,Natural,Wet,Non-Fatal Injury,Motorcycle Driver,30 to 34,Major,West, , , ,Yes, , , , ,Yes,Yes, , , ,Toronto Centre-Rosedale (28),28,77,Waterfront Communities-The Island (77)
2007,16-01-2007 10:30,Minor Arterial,Etobicoke York,43.67954538,-79.46539029,No,Clear,Natural,Wet,Non-Fatal Injury,Driver,60 to 64,None,South,Yes, ,Yes, , , , , , , , , , ,Davenport (17),17,91,Weston-Pellam Park (91)
2007,16-01-2007 10:30,Minor Arterial,Etobicoke York,43.67954538,-79.46539029,No,Clear,Natural,Wet,Non-Fatal Injury,Pedestrian,35 to 39,Major,East,Yes, ,Yes, , , , , , , , , , ,Davenport (17),17,91,Weston-Pellam Park (91)
2015,22-09-2015 09:30,Major Arterial,Toronto East York,43.65533026,-79.36574946,No,Clear,Natural,Dry,Fatal,Driver,30 to 34,None,West,Yes, ,Yes, , , , , , , , , , ,Toronto Centre-Rosedale (28),28,73,Moss Park (73)
2015,22-09-2015 09:30,Major Arterial,Toronto East York,43.65533026,-79.36574946,No,Clear,Natural,Dry,Fatal,Pedestrian,90 to 94,Fatal,South,Yes, ,Yes, , , , , , , , , , ,Toronto Centre-Rosedale (28),28,73,Moss Park (73)
2010,18-08-2010 09:30,Major Arterial,Scarborough,43.79694538,-79.27269029,No,Clear,Natural,Dry,Non-Fatal Injury,Driver,70 to 74,None,West,Yes, ,Yes, , , , , , ,Yes, , , ,Scarborough-Rouge River (41),41,129,Agincourt North (129)
2010,18-08-2010 09:30,Major Arterial,Scarborough,43.79694538,-79.27269029,No,Clear,Natural,Dry,Non-Fatal Injury,Pedestrian,70 to 74,Major,West,Yes, ,Yes, , , , , , ,Yes, , , ,Scarborough-Rouge River (41),41,129,Agincourt North (129)
2010,18-08-2010 09:30,Major Arterial,Scarborough,43.79694538,-79.27269029,No,Clear,Natural,Dry,Non-Fatal Injury,Pedestrian,70 to 74,Minor,West,Yes, ,Yes, , , , , , ,Yes, , , ,Scarborough-Rouge River (41),41,129,Agincourt North (129)
2012,15-04-2012 09:30,Major Arterial,Scarborough,43.77664538,-79.31719029,No,Clear,Natural,Dry,Non-Fatal Injury,Vehicle Owner,unknown,unknown,Unknown, , ,Yes,Yes, , , , , ,Yes, , , ,Scarborough-Agincourt (40),40,118,Tam O'Shanter-Sullivan (118)
2012,15-04-2012 09:30,Major Arterial,Scarborough,43.77664538,-79.31719029,No,Clear,Natural,Dry,Non-Fatal Injury,Motorcycle Driver,15 to 19,Major,East, , ,Yes,Yes, , , , , ,Yes, , , ,Scarborough-Agincourt (40),40,118,Tam O'Shanter-Sullivan (118)
2012,15-04-2012 09:30,Major Arterial,Scarborough,43.77664538,-79.31719029,No,Clear,Natural,Dry,Non-Fatal Injury,Driver,35 to 39,None,East, , ,Yes,Yes, , , , , ,Yes, , , ,Scarborough-Agincourt (40),40,118,Tam O'Shanter-Sullivan (118)
2012,13-06-2012 09:30,Minor Arterial,Toronto East York,43.66614538,-79.35289029,No,Clear,Natural,Dry,Non-Fatal Injury,Driver,60 to 64,None,West, ,Yes,Yes, , , , , , ,Yes, , , ,Toronto-Danforth (30),30,68,North Riverdale (68)
2012,13-06-2012 09:30,Minor Arterial,Toronto East York,43.66614538,-79.35289029,No,Clear,Natural,Dry,Non-Fatal Injury,Cyclist,40 to 44,Major,South, ,Yes,Yes, , , , , , ,Yes, , , ,Toronto-Danforth (30),30,68,North Riverdale (68)
2016,30-01-2016 10:30,Major Arterial,Toronto East York,43.66470679,-79.43742762,No,Clear,Artificial,Dry,Fatal,Driver,35 to 39,None,North,Yes, ,Yes, , , , , , , , , , ,Davenport (18),18,93,Dovercourt-Wallace Emerson-Junction (93)
2016,20-02-2016 10:30,Collector,Scarborough,43.75535544,-79.22108851,No,Clear,Natural,Dry,Non-Fatal Injury,Cyclist,35 to 39,Major,East, ,Yes,Yes, , , , , , , , , , ,Scarborough East (43),43,137,Woburn (137)
2016,20-03-2016 09:30,Major Arterial,Scarborough,43.62995871,-79.42554865,No,Clear,Natural,Dry,Non-Fatal Injury,Driver,60 to 64,Minor,East, , ,Yes, , , , ,Yes, , , , , ,Trinity-Spadina (19),19,82,Niagara (82)
2015,26-09-2015 09:30,Major Arterial,Scarborough,43.69184836,-79.28551111,No,Clear,Natural,Dry,Non-Fatal Injury,Driver,50 to 54,Minimal,East, , ,Yes,Yes, , , ,Yes,Yes,Yes, , , ,Scarborough Southwest (35),35,121,Oakridge (121)
2010,08-07-2010 09:30,Major Arterial,Scarborough,43.73594626,-79.25139246,No,Clear,Natural,Dry,Non-Fatal Injury,Pedestrian,55 to 59,Major,North,Yes, , , , ,Yes, , , , , , , ,Scarborough Southwest (35),35,124,Kennedy Park (124)
2009,09-12-2009 10:30,Local,Etobicoke York,43.71794538,-79.55859029,No,Clear,Natural,Wet,Non-Fatal Injury,Pedestrian,25 to 29,Major,East,Yes, ,Yes, , , , , , , , , , ,Etobicoke North (2),2,4,Rexdale-Kipling (4)
2010,13-12-2010 10:30,Major Arterial,Etobicoke York,43.61114538,-79.48999029,Yes,Clear,Natural,Dry,Non-Fatal Injury,Driver,65 to 69,Major,West,Yes, ,Yes, , , , , , , , , , ,Etobicoke-Lakeshore (6),6,17,Mimico (includes Humber Bay Shores) (17)
2015,26-09-2015 09:30,Major Arterial,Scarborough,43.69184836,-79.28551111,No,Clear,Natural,Dry,Non-Fatal Injury,Motorcycle Driver,30 to 34,Major,West, , ,Yes,Yes, , , ,Yes,Yes,Yes, , , ,Scarborough Southwest (35),35,121,Oakridge (121)
2011,04-11-2011 09:30,Major Arterial,Toronto East York,43.66064538,-79.43169029,No,Clear,Natural,Dry,Non-Fatal Injury,Driver,30 to 34,None,East, ,Yes,Yes, , , , , , ,Yes, , , ,Davenport (18),18,83,Dufferin Grove (83)
2016,20-03-2016 09:30,Major Arterial,Scarborough,43.62995871,-79.42554865,No,Clear,Natural,Dry,Non-Fatal Injury,Passenger,50 to 54,Minor,Unknown, , ,Yes, , , , ,Yes, , , , , ,Trinity-Spadina (19),19,82,Niagara (82)
2008,22-12-2008 10:30,Major Arterial,Toronto East York,43.65084538,-79.39719029,Yes,Snow,Natural,Snow,Non-Fatal Injury,Pedestrian,45 to 49,Major,West,Yes, , , , ,Yes, , , , , , , ,Trinity-Spadina (20),20,78,Kensington-Chinatown (78)
2015,26-12-2015 10:30,Major Arterial,Toronto East York,43.66992911,-79.43153773,No,Clear,Artificial,Dry,Non-Fatal Injury,Driver,60 to 64,None,East,Yes, ,Yes, , , , , , , , , , ,Trinity-Spadina (19),19,93,Dovercourt-Wallace Emerson-Junction (93)
2015,26-09-2015 09:30,Major Arterial,Scarborough,43.69184836,-79.28551111,No,Clear,Natural,Dry,Non-Fatal Injury,Passenger,50 to 54,Minor,Unknown, , ,Yes,Yes, , , ,Yes,Yes,Yes, , , ,Scarborough Southwest (35),35,121,Oakridge (121)
2010,26-11-2010 10:30,Local,Toronto East York,43.68294538,-79.42839029,Yes,Clear,Natural,Dry,Fatal,Driver,70 to 74,None,West,Yes, ,Yes, , , , , , ,Yes, , , ,St. Paul's (21),21,106,Humewood-Cedarvale (106)
2010,26-11-2010 10:30,Local,Toronto East York,43.68294538,-79.42839029,Yes,Clear,Natural,Dry,Fatal,Pedestrian,75 to 79,Fatal,North,Yes, ,Yes, , , , , , ,Yes, , , ,St. Paul's (21),21,106,Humewood-Cedarvale (106)
2014,27-08-2014 09:30,Major Arterial,North York,43.791164,-79.4183465,No,Clear,Natural,Dry,Non-Fatal Injury,Driver,20 to 24,None,South, , ,Yes, , , , , ,Yes,Yes, , , ,Willowdale (24),24,50,Newtonbrook East (50)
2014,27-08-2014 09:30,Major Arterial,North York,43.791164,-79.4183465,No,Clear,Natural,Dry,Non-Fatal Injury,Driver,35 to 39,Major,South, , ,Yes, , , , , ,Yes,Yes, , , ,Willowdale (24),24,50,Newtonbrook East (50)
2014,27-08-2014 09:30,Major Arterial,North York,43.791164,-79.4183465,No,Clear,Natural,Dry,Non-Fatal Injury,Driver,45 to 49,Minimal,South, , ,Yes, , , , , ,Yes,Yes, , , ,Willowdale (24),24,50,Newtonbrook East (50)
2017,13-06-2017 09:30,Major Arterial,North York,43.77503546,-79.34700403,Yes,Clear,Natural,Dry,Non-Fatal Injury,Driver,70 to 74,Major,East, , ,Yes, , , , ,Yes, , , , ,Yes,Don Valley East (33),33,53,Henry Farm (53)
2017,13-06-2017 09:30,Major Arterial,North York,43.77503546,-79.34700403,Yes,Clear,Natural,Dry,Non-Fatal Injury,Driver,25 to 29,None,East, , ,Yes, , , , ,Yes, , , , ,Yes,Don Valley East (33),33,53,Henry Farm (53)
2017,13-06-2017 09:30,Major Arterial,North York,43.77503546,-79.34700403,Yes,Clear,Natural,Dry,Non-Fatal Injury,Driver,25 to 29,None,East, , ,Yes, , , , ,Yes, , , , ,Yes,Don Valley East (33),33,53,Henry Farm (53)
2017,13-06-2017 09:30,Major Arterial,North York,43.77503546,-79.34700403,Yes,Clear,Natural,Dry,Non-Fatal Injury,Passenger,25 to 29,None,Unknown, , ,Yes, , , , ,Yes, , , , ,Yes,Don Valley East (33),33,53,Henry Farm (53)
2008,10-03-2008 09:30,Minor Arterial,Toronto East York,43.64054538,-79.37849029,No,Clear,Natural,Dry,Non-Fatal Injury,Driver,50 to 54,Major,West, , ,Yes, , ,Yes, , , , , , , ,Toronto Centre-Rosedale (28),28,77,Waterfront Communities-The Island (77)
2008,10-03-2008 09:30,Minor Arterial,Toronto East York,43.64054538,-79.37849029,No,Clear,Natural,Dry,Non-Fatal Injury,Vehicle Owner,unknown,unknown,Unknown, , ,Yes, , ,Yes, , , , , , , ,Toronto Centre-Rosedale (28),28,77,Waterfront Communities-The Island (77)
2008,10-03-2008 09:30,Minor Arterial,Toronto East York,43.64054538,-79.37849029,No,Clear,Natural,Dry,Non-Fatal Injury,Driver,60 to 64,None,West, , ,Yes, , ,Yes, , , , , , , ,Toronto Centre-Rosedale (28),28,77,Waterfront Communities-The Island (77)
2008,08-06-2008 09:30,Major Arterial,Etobicoke York,43.72104605,-79.53738795,No,Clear,Natural,Dry,Non-Fatal Injury,Passenger,60 to 64,Minimal,Unknown, , ,Yes, , , , ,Yes, , , , ,Yes,York West (7),7,23,Pelmo Park-Humberlea (23)
2008,08-06-2008 09:30,Major Arterial,Etobicoke York,43.72104605,-79.53738795,No,Clear,Natural,Dry,Non-Fatal Injury,Passenger,65 to 69,Minimal,Unknown, , ,Yes, , , , ,Yes, , , , ,Yes,York West (7),7,23,Pelmo Park-Humberlea (23)
2008,08-06-2008 09:30,Major Arterial,Etobicoke York,43.72104605,-79.53738795,No,Clear,Natural,Dry,Non-Fatal Injury,Passenger,75 to 79,Minimal,Unknown, , ,Yes, , , , ,Yes, , , , ,Yes,York West (7),7,23,Pelmo Park-Humberlea (23)
2008,08-06-2008 09:30,Major Arterial,Etobicoke York,43.72104605,-79.53738795,No,Clear,Natural,Dry,Non-Fatal Injury,Passenger,80 to 84,Minimal,Unknown, , ,Yes, , , , ,Yes, , , , ,Yes,York West (7),7,23,Pelmo Park-Humberlea (23)
2008,08-06-2008 09:30,Major Arterial,Etobicoke York,43.72104605,-79.53738795,No,Clear,Natural,Dry,Non-Fatal Injury,Passenger,60 to 64,Minimal,Unknown, , ,Yes, , , , ,Yes, , , , ,Yes,York West (7),7,23,Pelmo Park-Humberlea (23)
2008,08-06-2008 09:30,Major Arterial,Etobicoke York,43.72104605,-79.53738795,No,Clear,Natural,Dry,Non-Fatal Injury,Driver,65 to 69,Major,South, , ,Yes, , , , ,Yes, , , , ,Yes,York West (7),7,23,Pelmo Park-Humberlea (23)
2009,25-05-2009 09:30,Major Arterial,North York,43.76814538,-79.46959029,No,Clear,Natural,Dry,Non-Fatal Injury,Motorcycle Driver,35 to 39,Major,East, , ,Yes,Yes, , , , , ,Yes, , , ,York West (8),8,27,York University Heights (27)
2009,25-05-2009 09:30,Major Arterial,North York,43.76814538,-79.46959029,No,Clear,Natural,Dry,Non-Fatal Injury,Driver,25 to 29,None,North, , ,Yes,Yes, , , , , ,Yes, , , ,York West (8),8,27,York University Heights (27)
2009,21-07-2009 09:30,Major Arterial,North York,43.72184538,-79.45649029,Yes,Rain,Natural,Wet,Non-Fatal Injury,Driver,45 to 49,None,East,Yes, ,Yes, , , , , , ,Yes, , , ,Eglinton-Lawrence (15),15,31,Yorkdale-Glen Park (31)
2009,21-07-2009 09:30,Major Arterial,North York,43.72184538,-79.45649029,Yes,Rain,Natural,Wet,Non-Fatal Injury,Pedestrian,80 to 84,Major,West,Yes, ,Yes, , , , , , ,Yes, , , ,Eglinton-Lawrence (15),15,31,Yorkdale-Glen Park (31)
2010,24-03-2010 09:30,Expressway,North York,43.72364538,-79.33019029,No,Clear,Natural,Dry,Non-Fatal Injury,Vehicle Owner,unknown,unknown,Unknown, , ,Yes, , , , ,Yes, ,Yes, , , ,Don Valley West (26),26,42,Banbury-Don Mills (42)
2010,24-03-2010 09:30,Expressway,North York,43.72364538,-79.33019029,No,Clear,Natural,Dry,Non-Fatal Injury,Driver,40 to 44,None,North, , ,Yes, , , , ,Yes, ,Yes, , , ,Don Valley West (26),26,42,Banbury-Don Mills (42)
2010,24-03-2010 09:30,Expressway,North York,43.72364538,-79.33019029,No,Clear,Natural,Dry,Non-Fatal Injury,Driver,25 to 29,Minor,North, , ,Yes, , , , ,Yes, ,Yes, , , ,Don Valley West (26),26,42,Banbury-Don Mills (42)
2010,24-03-2010 09:30,Expressway,North York,43.72364538,-79.33019029,No,Clear,Natural,Dry,Non-Fatal Injury,Passenger,20 to 24,Major,Unknown, , ,Yes, , , , ,Yes, ,Yes, , , ,Don Valley West (26),26,42,Banbury-Don Mills (42)
2010,24-03-2010 09:30,Expressway,North York,43.72364538,-79.33019029,No,Clear,Natural,Dry,Non-Fatal Injury,Vehicle Owner,unknown,unknown,Unknown, , ,Yes, , , , ,Yes, ,Yes, , , ,Don Valley West (26),26,42,Banbury-Don Mills (42)
2010,24-03-2010 09:30,Expressway,North York,43.72364538,-79.33019029,No,Clear,Natural,Dry,Non-Fatal Injury,Driver,20 to 24,None,North, , ,Yes, , , , ,Yes, ,Yes, , , ,Don Valley West (26),26,42,Banbury-Don Mills (42)
2010,29-04-2010 09:30,Minor Arterial,Etobicoke York,43.68204538,-79.46649029,No,Clear,Natural,Dry,Non-Fatal Injury,Motorcycle Driver,30 to 34,Major,West, , ,Yes,Yes, , , , , ,Yes, , , ,Davenport (17),17,110,Keelesdale-Eglinton West (110)
2010,29-04-2010 09:30,Minor Arterial,Etobicoke York,43.68204538,-79.46649029,No,Clear,Natural,Dry,Non-Fatal Injury,Driver,40 to 44,None,West, , ,Yes,Yes, , , , , ,Yes, , , ,Davenport (17),17,110,Keelesdale-Eglinton West (110)
2012,03-06-2012 09:30,Major Arterial,Toronto East York,43.65714538,-79.40519029,No,Clear,Natural,Dry,Non-Fatal Injury,Driver,25 to 29,None,East, ,Yes, , , , , , , , , , , ,Trinity-Spadina (20),20,79,University (79)
2012,03-06-2012 09:30,Major Arterial,Toronto East York,43.65714538,-79.40519029,No,Clear,Natural,Dry,Non-Fatal Injury,Cyclist,20 to 24,Major,East, ,Yes, , , , , , , , , , , ,Trinity-Spadina (20),20,79,University (79)
2012,06-07-2012 09:30,Major Arterial,Toronto East York,43.66154538,-79.40979029,Yes,Clear,Natural,Dry,Non-Fatal Injury,Driver,25 to 29,None,South, ,Yes,Yes, , , , , , , , , , ,Trinity-Spadina (19),19,80,Palmerston-Little Italy (80)
2012,06-07-2012 09:30,Major Arterial,Toronto East York,43.66154538,-79.40979029,Yes,Clear,Natural,Dry,Non-Fatal Injury,Cyclist,25 to 29,Major,North, ,Yes,Yes, , , , , , , , , , ,Trinity-Spadina (19),19,80,Palmerston-Little Italy (80)
2012,27-11-2012 10:30,Major Arterial,Scarborough,43.80964538,-79.28999029,No,Clear,Artificial,Dry,Fatal,Vehicle Owner,unknown,unknown,Unknown,Yes, ,Yes, , , , , , , , , , ,Scarborough-Rouge River (41),41,130,Milliken (130)
2012,27-11-2012 10:30,Major Arterial,Scarborough,43.80964538,-79.28999029,No,Clear,Artificial,Dry,Fatal,Driver,65 to 69,None,North,Yes, ,Yes, , , , , , , , , , ,Scarborough-Rouge River (41),41,130,Milliken (130)
2012,27-11-2012 10:30,Major Arterial,Scarborough,43.80964538,-79.28999029,No,Clear,Artificial,Dry,Fatal,Pedestrian,40 to 44,Fatal,Unknown,Yes, ,Yes, , , , , , , , , , ,Scarborough-Rouge River (41),41,130,Milliken (130)
2012,19-12-2012 10:30,Collector,Toronto East York,43.66334538,-79.41309029,Yes,Clear,Artificial,Dry,Non-Fatal Injury,Driver,50 to 54,None,South, ,Yes,Yes, , , , , , , , , , ,Trinity-Spadina (19),19,80,Palmerston-Little Italy (80)
2012,19-12-2012 10:30,Collector,Toronto East York,43.66334538,-79.41309029,Yes,Clear,Artificial,Dry,Non-Fatal Injury,Cyclist,40 to 44,Major,West, ,Yes,Yes, , , , , , , , , , ,Trinity-Spadina (19),19,80,Palmerston-Little Italy (80)
2014,23-06-2014 09:30,Major Arterial,Toronto East York,43.64765127,-79.38480006,Yes,Clear,Natural,Dry,Non-Fatal Injury,Truck Driver,60 to 64,None,East, ,Yes, , ,Yes, , , , ,Yes, , , ,Trinity-Spadina (20),20,76,Bay Street Corridor (76)
2014,23-06-2014 09:30,Major Arterial,Toronto East York,43.64765127,-79.38480006,Yes,Clear,Natural,Dry,Non-Fatal Injury,Cyclist,15 to 19,Major,East, ,Yes, , ,Yes, , , , ,Yes, , , ,Trinity-Spadina (20),20,76,Bay Street Corridor (76)
2014,26-08-2014 09:30,Minor Arterial,Etobicoke York,43.68276556,-79.46330653,Yes,Clear,Natural,Dry,Non-Fatal Injury,Driver,30 to 34,None,West, ,Yes,Yes, , , , , , , , , , ,Davenport (17),17,110,Keelesdale-Eglinton West (110)
2014,26-08-2014 09:30,Minor Arterial,Etobicoke York,43.68276556,-79.46330653,Yes,Clear,Natural,Dry,Non-Fatal Injury,Cyclist,30 to 34,Major,West, ,Yes,Yes, , , , , , , , , , ,Davenport (17),17,110,Keelesdale-Eglinton West (110)
2015,21-12-2015 10:30,Major Arterial,Toronto East York,43.68120535,-79.33361445,No,Rain,Artificial,Wet,Non-Fatal Injury,Driver,60 to 64,None,East,Yes, ,Yes, , , , , , , , , , ,Toronto-Danforth (30),30,69,Blake-Jones (69)
2015,21-12-2015 10:30,Major Arterial,Toronto East York,43.68120535,-79.33361445,No,Rain,Artificial,Wet,Non-Fatal Injury,Pedestrian,25 to 29,Major,South,Yes, ,Yes, , , , , , , , , , ,Toronto-Danforth (30),30,69,Blake-Jones (69)
2015,16-09-2015 09:30,Minor Arterial,Toronto East York,43.64074286,-79.41146479,Yes,Clear,Natural,Dry,Non-Fatal Injury,Driver,40 to 44,None,West, , ,Yes, , , , , , ,Yes, , , ,Trinity-Spadina (19),19,82,Niagara (82)
2015,16-09-2015 09:30,Minor Arterial,Toronto East York,43.64074286,-79.41146479,Yes,Clear,Natural,Dry,Non-Fatal Injury,Driver,35 to 39,Major,South, , ,Yes, , , , , , ,Yes, , , ,Trinity-Spadina (19),19,82,Niagara (82)
2016,20-09-2016 09:30,Major Arterial,Etobicoke York,43.65287741,-79.48593531,Yes,Clear,Natural,Dry,Non-Fatal Injury,Driver,35 to 39,None,South,Yes, ,Yes, , , , , , ,Yes, , , ,Parkdale-High Park (13),13,89,Runnymede-Bloor West Village (89)
2016,20-09-2016 09:30,Major Arterial,Etobicoke York,43.65287741,-79.48593531,Yes,Clear,Natural,Dry,Non-Fatal Injury,Pedestrian,35 to 39,Major,East,Yes, ,Yes, , , , , , ,Yes, , , ,Parkdale-High Park (13),13,89,Runnymede-Bloor West Village (89)
2008,28-04-2008 09:30,Major Arterial,Etobicoke York,43.71914538,-79.60349029,No,Clear,Natural,Dry,Fatal,Vehicle Owner,unknown,unknown,Unknown,Yes, ,Yes, , , , , , , , , ,Yes,Etobicoke North (2),2,1,West Humber-Clairville (1)
2008,28-04-2008 09:30,Major Arterial,Etobicoke York,43.71914538,-79.60349029,No,Clear,Natural,Dry,Fatal,Driver,60 to 64,Minimal,East,Yes, ,Yes, , , , , , , , , ,Yes,Etobicoke North (2),2,1,West Humber-Clairville (1)
2008,28-04-2008 09:30,Major Arterial,Etobicoke York,43.71914538,-79.60349029,No,Clear,Natural,Dry,Fatal,Pedestrian,85 to 89,Fatal,Unknown,Yes, ,Yes, , , , , , , , , ,Yes,Etobicoke North (2),2,1,West Humber-Clairville (1)
2009,25-10-2009 09:30,Major Arterial,Etobicoke York,43.74104538,-79.58919029,Yes,Clear,Natural,Dry,Non-Fatal Injury,Driver,20 to 24,Major,West, , ,Yes, , , , , ,Yes,Yes, , , ,Etobicoke North (1),1,2,Mount Olive-Silverstone-Jamestown (2)
2009,25-10-2009 09:30,Major Arterial,Etobicoke York,43.74104538,-79.58919029,Yes,Clear,Natural,Dry,Non-Fatal Injury,Driver,25 to 29,Minor,East, , ,Yes, , , , , ,Yes,Yes, , , ,Etobicoke North (1),1,2,Mount Olive-Silverstone-Jamestown (2)
2010,16-06-2010 09:30,Collector,Toronto East York,43.70314538,-79.43699029,No,Clear,Natural,Dry,Non-Fatal Injury,Vehicle Owner,unknown,unknown,Unknown,Yes, ,Yes, , , , , , , , , , ,St. Paul's (21),21,102,Forest Hill North (102)
2010,16-06-2010 09:30,Collector,Toronto East York,43.70314538,-79.43699029,No,Clear,Natural,Dry,Non-Fatal Injury,Driver,60 to 64,None,East,Yes, ,Yes, , , , , , , , , , ,St. Paul's (21),21,102,Forest Hill North (102)
2010,16-06-2010 09:30,Collector,Toronto East York,43.70314538,-79.43699029,No,Clear,Natural,Dry,Non-Fatal Injury,Pedestrian,35 to 39,Major,South,Yes, ,Yes, , , , , , , , , , ,St. Paul's (21),21,102,Forest Hill North (102)
2013,08-04-2013 09:30,Major Arterial,Toronto East York,43.66794538,-79.37899029,Yes,Clear,Natural,Wet,Non-Fatal Injury,Driver,50 to 54,None,North, ,Yes,Yes, , , , , , , , , , ,Toronto Centre-Rosedale (27),27,74,North St.James Town (74)
2013,08-04-2013 09:30,Major Arterial,Toronto East York,43.66794538,-79.37899029,Yes,Clear,Natural,Wet,Non-Fatal Injury,Driver,50 to 54,None,North, ,Yes,Yes, , , , , , , , , , ,Toronto Centre-Rosedale (27),27,74,North St.James Town (74)
2013,08-04-2013 09:30,Major Arterial,Toronto East York,43.66794538,-79.37899029,Yes,Clear,Natural,Wet,Non-Fatal Injury,Cyclist,20 to 24,Major,North, ,Yes,Yes, , , , , , , , , , ,Toronto Centre-Rosedale (27),27,74,North St.James Town (74)
2014,01-08-2014 09:30,Major Arterial,Scarborough,43.79810675,-79.21767054,Yes,Clear,Natural,Dry,Fatal,Driver,15 to 19,None,West, ,Yes,Yes, , , , , ,Yes,Yes, , , ,Scarborough-Rouge River (42),42,132,Malvern (132)
2014,01-08-2014 09:30,Major Arterial,Scarborough,43.79810675,-79.21767054,Yes,Clear,Natural,Dry,Fatal,Cyclist,15 to 19,Fatal,North, ,Yes,Yes, , , , , ,Yes,Yes, , , ,Scarborough-Rouge River (42),42,132,Malvern (132)
2014,01-08-2014 09:30,Major Arterial,Scarborough,43.79810675,-79.21767054,Yes,Clear,Natural,Dry,Fatal,Driver,50 to 54,None,North, ,Yes,Yes, , , , , ,Yes,Yes, , , ,Scarborough-Rouge River (42),42,132,Malvern (132)
2010,07-07-2010 09:30,Local,Toronto East York,43.67664538,-79.32369029,No,Clear,Natural,Dry,Non-Fatal Injury,Driver,55 to 59,None,East,Yes, ,Yes, , , , , , , , , , ,Toronto-Danforth (30),30,65,Greenwood-Coxwell (65)
2010,07-07-2010 09:30,Local,Toronto East York,43.67664538,-79.32369029,No,Clear,Natural,Dry,Non-Fatal Injury,Pedestrian,55 to 59,Major,Unknown,Yes, ,Yes, , , , , , , , , , ,Toronto-Danforth (30),30,65,Greenwood-Coxwell (65)
2011,20-09-2011 09:30,Major Arterial,North York,43.78104538,-79.44479029,Yes,Clear,Natural,Dry,Non-Fatal Injury,Cyclist,45 to 49,Major,East, ,Yes, , , ,Yes, , , , , , , ,Willowdale (23),23,36,Newtonbrook West (36)
2011,20-09-2011 09:30,Major Arterial,North York,43.78104538,-79.44479029,Yes,Clear,Natural,Dry,Non-Fatal Injury,Vehicle Owner,unknown,unknown,Unknown, ,Yes, , , ,Yes, , , , , , , ,Willowdale (23),23,36,Newtonbrook West (36)
2011,20-09-2011 09:30,Major Arterial,North York,43.78104538,-79.44479029,Yes,Clear,Natural,Dry,Non-Fatal Injury,Driver,60 to 64,None,East, ,Yes, , , ,Yes, , , , , , , ,Willowdale (23),23,36,Newtonbrook West (36)
2012,28-11-2012 10:30,Minor Arterial,Toronto East York,43.69164538,-79.30339029,No,Clear,Natural,Dry,Non-Fatal Injury,Driver,unknown,None,East,Yes, ,Yes, , , , , , ,Yes, , , ,Beaches-East York (31),31,60,Woodbine-Lumsden (60)