YEAR,DATE,ROAD_CLASS,District,LATITUDE,LONGITUDE,TRAFFCTL,VISIBILITY,LIGHT,RDSFCOND,ACCLASS,INVTYPE,INVAGE,INJURY,INITDIR,PEDESTRIAN,CYCLIST,AUTOMOBILE,MOTORCYCLE,TRUCK,TRSN_CITY_VEH,EMERG_VEH,PASSENGER,SPEEDING,AG_DRIV,REDLIGHT,ALCOHOL,DISABILITY,Ward_Name,Ward_ID,Hood_ID,Hood_Name
2008,07-03-2008 10:30,Major Arterial,North York,43.77094538,-79.32479029,No,Snow,Natural,Snow,Non-Fatal Injury,Driver,50 to 54,Major,East, , ,Yes, , , , , ,Yes,Yes, , , ,Don Valley East (33),33,53,Henry Farm (53)
2008,28-04-2008 09:30,Collector,Toronto East York,43.65554538,-79.43049029,Yes,Clear,Natural,Dry,Non-Fatal Injury,Vehicle Owner,unknown,unknown,Unknown, ,Yes,Yes, , , , , , , , , , ,Davenport (18),18,83,Dufferin Grove (83)
2008,28-04-2008 09:30,Collector,Toronto East York,43.65554538,-79.43049029,Yes,Clear,Natural,Dry,Non-Fatal Injury,Driver,30 to 34,None,West, ,Yes,Yes, , , , , , , , , , ,Davenport (18),18,83,Dufferin Grove (83)
2008,28-04-2008 09:30,Collector,Toronto East York,43.65554538,-79.43049029,Yes,Clear,Natural,Dry,Non-Fatal Injury,Cyclist,60 to 64,Major,South, ,Yes,Yes, , , , , , , , , , ,Davenport (18),18,83,Dufferin Grove (83)
2009,31-01-2009 10:30,Major Arterial,Etobicoke York,43.68834538,-79.48289029,Yes,Clear,Natural,Dry,Non-Fatal Injury,Driver,40 to 44,Major,North, , ,Yes, , , , , , ,Yes, , , ,York South-Weston (12),12,110,Keelesdale-Eglinton West (110)
2009,31-01-2009 10:30,Major Arterial,Etobicoke York,43.68834538,-79.48289029,Yes,Clear,Natural,Dry,Non-Fatal Injury,Vehicle Owner,unknown,unknown,Unknown, , ,Yes, , , , , , ,Yes, , , ,York South-Weston (12),12,110,Keelesdale-Eglinton West (110)
2009,31-01-2009 10:30,Major Arterial,Etobicoke York,43.68834538,-79.48289029,Yes,Clear,Natural,Dry,Non-Fatal Injury,Driver,35 to 39,None,North, , ,Yes, , , , , , ,Yes, , , ,York South-Weston (12),12,110,Keelesdale-Eglinton West (110)
2009,25-09-2009 09:30,Major Arterial,Toronto East York,43.69774538,-79.32949029,Yes,Clear,Natural,Dry,Non-Fatal Injury,Driver,30 to 34,Minor,West, , ,Yes, , , , ,Yes,Yes,Yes, , , ,Toronto-Danforth (29),29,58,Old East York (58)
2009,25-09-2009 09:30,Major Arterial,Toronto East York,43.69774538,-79.32949029,Yes,Clear,Natural,Dry,Non-Fatal Injury,Passenger,25 to 29,Major,Unknown, , ,Yes, , , , ,Yes,Yes,Yes, , , ,Toronto-Danforth (29),29,58,Old East York (58)
2009,25-09-2009 09:30,Major Arterial,Toronto East York,43.69774538,-79.32949029,Yes,Clear,Natural,Dry,Non-Fatal Injury,Driver,20 to 24,Minor,East, , ,Yes, , , , ,Yes,Yes,Yes, , , ,Toronto-Danforth (29),29,58,Old East York (58)
2009,16-11-2009 10:30,Major Arterial,North York,43.72664538,-79.43139029,No,Clear,Natural,Dry,Non-Fatal Injury,Driver,45 to 49,None,South,Yes, ,Yes, , , , , , , , , , ,Eglinton-Lawrence (16),16,39,Bedford Park-Nortown (39)
2009,16-11-2009 10:30,Major Arterial,North York,43.72664538,-79.43139029,No,Clear,Natural,Dry,Non-Fatal Injury,Pedestrian,10 to 14,Major,West,Yes, ,Yes, , , , , , , , , , ,Eglinton-Lawrence (16),16,39,Bedford Park-Nortown (39)
2009,29-12-2009 10:30,Collector,Toronto East York,43.68584538,-79.33939029,No,Clear,Natural,Dry,Non-Fatal Injury,Cyclist,75 to 79,Major,West, ,Yes, , , , , , , , , , , ,Toronto-Danforth (29),29,59,Danforth East York (59)
2010,01-03-2010 10:30,Major Arterial,Scarborough,43.79891165,-79.14622126,Yes,Clear,Natural,Dry,Non-Fatal Injury,Vehicle Owner,unknown,unknown,Unknown, , ,Yes, , , , ,Yes,Yes,Yes, , , ,Scarborough East (44),44,133,Centennial Scarborough (133)
2010,01-03-2010 10:30,Major Arterial,Scarborough,43.79891165,-79.14622126,Yes,Clear,Natural,Dry,Non-Fatal Injury,Passenger,70 to 74,Major,Unknown, , ,Yes, , , , ,Yes,Yes,Yes, , , ,Scarborough East (44),44,133,Centennial Scarborough (133)
2010,01-03-2010 10:30,Major Arterial,Scarborough,43.79891165,-79.14622126,Yes,Clear,Natural,Dry,Non-Fatal Injury,Driver,20 to 24,None,East, , ,Yes, , , , ,Yes,Yes,Yes, , , ,Scarborough East (44),44,133,Centennial Scarborough (133)
2010,01-03-2010 10:30,Major Arterial,Scarborough,43.79891165,-79.14622126,Yes,Clear,Natural,Dry,Non-Fatal Injury,Vehicle Owner,unknown,unknown,Unknown, , ,Yes, , , , ,Yes,Yes,Yes, , , ,Scarborough East (44),44,133,Centennial Scarborough (133)
2010,01-03-2010 10:30,Major Arterial,Scarborough,43.79891165,-79.14622126,Yes,Clear,Natural,Dry,Non-Fatal Injury,Driver,55 to 59,Minimal,West, , ,Yes, , , , ,Yes,Yes,Yes, , , ,Scarborough East (44),44,133,Centennial Scarborough (133)
2010,01-03-2010 10:30,Major Arterial,Scarborough,43.79891165,-79.14622126,Yes,Clear,Natural,Dry,Non-Fatal Injury,Other Property Owner,unknown,unknown,Unknown, , ,Yes, , , , ,Yes,Yes,Yes, , , ,Scarborough East (44),44,133,Centennial Scarborough (133)
2010,01-03-2010 10:30,Major Arterial,Scarborough,43.79891165,-79.14622126,Yes,Clear,Natural,Dry,Non-Fatal Injury,Other Property Owner,unknown,unknown,Unknown, , ,Yes, , , , ,Yes,Yes,Yes, , , ,Scarborough East (44),44,133,Centennial Scarborough (133)
2010,01-05-2010 09:30,Minor Arterial,Scarborough,43.72084538,-79.24149029,Yes,Clear,Natural,Dry,Non-Fatal Injury,Driver,55 to 59,None,North,Yes, ,Yes, , , , , , , , , , ,Scarborough Southwest (36),36,123,Cliffcrest (123)
2010,01-05-2010 09:30,Minor Arterial,Scarborough,43.72084538,-79.24149029,Yes,Clear,Natural,Dry,Non-Fatal Injury,Pedestrian,35 to 39,Major,West,Yes, ,Yes, , , , , , , , , , ,Scarborough Southwest (36),36,123,Cliffcrest (123)
2010,05-05-2010 09:30,Major Arterial,Toronto East York,43.69004538,-79.29319029,No,Rain,Natural,Wet,Non-Fatal Injury,Driver,45 to 49,Major,West, , ,Yes, , , , ,Yes, , , , , ,Beaches-East York (32),32,61,Taylor-Massey (61)
2010,05-05-2010 09:30,Major Arterial,Toronto East York,43.69004538,-79.29319029,No,Rain,Natural,Wet,Non-Fatal Injury,Passenger,40 to 44,Major,Unknown, , ,Yes, , , , ,Yes, , , , , ,Beaches-East York (32),32,61,Taylor-Massey (61)
2010,05-05-2010 09:30,Major Arterial,Toronto East York,43.69004538,-79.29319029,No,Rain,Natural,Wet,Non-Fatal Injury,Driver,40 to 44,Major,West, , ,Yes, , , , ,Yes, , , , , ,Beaches-East York (32),32,61,Taylor-Massey (61)
2010,18-06-2010 09:30,Local,Etobicoke York,43.75634538,-79.59959029,No,Clear,Natural,Dry,Non-Fatal Injury,Other,unknown,None,Unknown,Yes, , , , , , , , , , , , ,Etobicoke North (1),1,2,Mount Olive-Silverstone-Jamestown (2)
2010,18-06-2010 09:30,Local,Etobicoke York,43.75634538,-79.59959029,No,Clear,Natural,Dry,Non-Fatal Injury,Pedestrian,30 to 34,Major,Unknown,Yes, , , , , , , , , , , , ,Etobicoke North (1),1,2,Mount Olive-Silverstone-Jamestown (2)
2007,06-12-2007 10:30,Minor Arterial,Toronto East York,43.64964538,-79.45039029,No,Clear,Natural,Dry,Non-Fatal Injury,Driver,unknown,None,North,Yes, ,Yes, , , , , , ,Yes, , , ,Parkdale-High Park (14),14,87,High Park-Swansea (87)
2014,22-04-2014 09:30,Local,Toronto East York,43.64853247,-79.3719369,No,Clear,Natural,Dry,Non-Fatal Injury,Driver,25 to 29,None,South,Yes, ,Yes, , , , , , , , , , ,Toronto Centre-Rosedale (28),28,77,Waterfront Communities-The Island (77)
2012,05-06-2012 09:30,Major Arterial,Toronto East York,43.65984538,-79.43539029,Yes,Clear,Natural,Dry,Non-Fatal Injury,Passenger,unknown,None,Unknown, ,Yes,Yes, , , , ,Yes, , , , , ,Davenport (18),18,83,Dufferin Grove (83)
2007,06-12-2007 10:30,Minor Arterial,Toronto East York,43.64964538,-79.45039029,No,Clear,Natural,Dry,Non-Fatal Injury,Pedestrian,70 to 74,Major,South,Yes, ,Yes, , , , , , ,Yes, , , ,Parkdale-High Park (14),14,87,High Park-Swansea (87)
2014,22-04-2014 09:30,Local,Toronto East York,43.64853247,-79.3719369,No,Clear,Natural,Dry,Non-Fatal Injury,Pedestrian,40 to 44,Major,North,Yes, ,Yes, , , , , , , , , , ,Toronto Centre-Rosedale (28),28,77,Waterfront Communities-The Island (77)
2010,27-06-2010 09:30,Major Arterial,Etobicoke York,43.63594538,-79.47299029,Yes,Clear,Natural,Wet,Non-Fatal Injury,Driver,30 to 34,None,West, , , , , ,Yes, ,Yes, ,Yes, , , ,Parkdale-High Park (13),13,87,High Park-Swansea (87)
2012,05-06-2012 09:30,Major Arterial,Toronto East York,43.65984538,-79.43539029,Yes,Clear,Natural,Dry,Non-Fatal Injury,Vehicle Owner,unknown,unknown,Unknown, ,Yes,Yes, , , , ,Yes, , , , , ,Davenport (18),18,83,Dufferin Grove (83)
2008,21-08-2008 09:30,Major Arterial,Etobicoke York,43.67634538,-79.55439029,No,Clear,Natural,Dry,Non-Fatal Injury,Driver,25 to 29,Minimal,East, , ,Yes, ,Yes, , , , ,Yes, , , ,Etobicoke Centre (3),3,10,Princess-Rosethorn (10)
2014,08-12-2014 10:30,Major Arterial,Toronto East York,43.69816168,-79.38647089,Yes,Clear,Artificial,Dry,Non-Fatal Injury,Driver,75 to 79,None,North,Yes, ,Yes, , , , , , ,Yes, , , ,St. Paul's (22),22,99,Mount Pleasant East (99)
2010,27-06-2010 09:30,Major Arterial,Etobicoke York,43.63594538,-79.47299029,Yes,Clear,Natural,Wet,Non-Fatal Injury,Passenger,unknown,Minimal,Unknown, , , , , ,Yes, ,Yes, ,Yes, , , ,Parkdale-High Park (13),13,87,High Park-Swansea (87)
2010,27-06-2010 09:30,Major Arterial,Etobicoke York,43.63594538,-79.47299029,Yes,Clear,Natural,Wet,Non-Fatal Injury,Passenger,65 to 69,Minimal,Unknown, , , , , ,Yes, ,Yes, ,Yes, , , ,Parkdale-High Park (13),13,87,High Park-Swansea (87)
2010,27-06-2010 09:30,Major Arterial,Etobicoke York,43.63594538,-79.47299029,Yes,Clear,Natural,Wet,Non-Fatal Injury,Passenger,45 to 49,Minimal,Unknown, , , , , ,Yes, ,Yes, ,Yes, , , ,Parkdale-High Park (13),13,87,High Park-Swansea (87)
2010,27-06-2010 09:30,Major Arterial,Etobicoke York,43.63594538,-79.47299029,Yes,Clear,Natural,Wet,Non-Fatal Injury,Passenger,65 to 69,Minimal,Unknown, , , , , ,Yes, ,Yes, ,Yes, , , ,Parkdale-High Park (13),13,87,High Park-Swansea (87)
2010,27-06-2010 09:30,Major Arterial,Etobicoke York,43.63594538,-79.47299029,Yes,Clear,Natural,Wet,Non-Fatal Injury,Passenger,50 to 54,Minimal,Unknown, , , , , ,Yes, ,Yes, ,Yes, , , ,Parkdale-High Park (13),13,87,High Park-Swansea (87)
2010,27-06-2010 09:30,Major Arterial,Etobicoke York,43.63594538,-79.47299029,Yes,Clear,Natural,Wet,Non-Fatal Injury,Passenger,65 to 69,Major,Unknown, , , , , ,Yes, ,Yes, ,Yes, , , ,Parkdale-High Park (13),13,87,High Park-Swansea (87)
2010,27-06-2010 09:30,Major Arterial,Etobicoke York,43.63594538,-79.47299029,Yes,Clear,Natural,Wet,Non-Fatal Injury,Vehicle Owner,unknown,unknown,Unknown, , , , , ,Yes, ,Yes, ,Yes, , , ,Parkdale-High Park (13),13,87,High Park-Swansea (87)
2010,27-06-2010 09:30,Major Arterial,Etobicoke York,43.63594538,-79.47299029,Yes,Clear,Natural,Wet,Non-Fatal Injury,Driver,35 to 39,None,West, , , , , ,Yes, ,Yes, ,Yes, , , ,Parkdale-High Park (13),13,87,High Park-Swansea (87)
2011,08-06-2011 09:30,Major Arterial,North York,43.75594538,-79.52429029,Yes,Clear,Natural,Dry,Non-Fatal Injury,Driver,45 to 49,None,South, ,Yes,Yes, , , , , , , , , , ,York West (8),8,24,Black Creek (24)
2011,08-06-2011 09:30,Major Arterial,North York,43.75594538,-79.52429029,Yes,Clear,Natural,Dry,Non-Fatal Injury,Cyclist,65 to 69,Major,East, ,Yes,Yes, , , , , , , , , , ,York West (8),8,24,Black Creek (24)
2011,21-12-2011 10:30,Major Arterial,North York,43.72034538,-79.42439029,No,Rain,Natural,Wet,Non-Fatal Injury,Driver,70 to 74,None,West,Yes, ,Yes, , , , , , , , , , ,Eglinton-Lawrence (16),16,39,Bedford Park-Nortown (39)
2011,21-12-2011 10:30,Major Arterial,North York,43.72034538,-79.42439029,No,Rain,Natural,Wet,Non-Fatal Injury,Pedestrian,60 to 64,Major,West,Yes, ,Yes, , , , , , , , , , ,Eglinton-Lawrence (16),16,39,Bedford Park-Nortown (39)
2013,28-08-2013 09:30,Minor Arterial,North York,43.73558005,-79.4478036,No,Clear,Natural,Dry,Non-Fatal Injury,Driver,50 to 54,None,South,Yes, ,Yes, , , , , , , , , , ,York Centre (10),10,33,Clanton Park (33)
2013,28-08-2013 09:30,Minor Arterial,North York,43.73558005,-79.4478036,No,Clear,Natural,Dry,Non-Fatal Injury,Pedestrian,40 to 44,Major,West,Yes, ,Yes, , , , , , , , , , ,York Centre (10),10,33,Clanton Park (33)
2013,03-10-2013 09:30,Major Arterial,Scarborough,43.71744879,-79.29961024,No,Clear,Natural,Dry,Non-Fatal Injury,Driver,30 to 34,None,North,Yes, ,Yes, , , , , , , , , , ,Scarborough Southwest (35),35,120,Clairlea-Birchmount (120)
2013,03-10-2013 09:30,Major Arterial,Scarborough,43.71744879,-79.29961024,No,Clear,Natural,Dry,Non-Fatal Injury,Pedestrian,30 to 34,Major,East,Yes, ,Yes, , , , , , , , , , ,Scarborough Southwest (35),35,120,Clairlea-Birchmount (120)
2015,31-10-2015 09:30,Minor Arterial,Etobicoke York,43.60425528,-79.53372584,Yes,Clear,Natural,Dry,Non-Fatal Injury,Driver,40 to 44,None,East, , ,Yes, , , , ,Yes, ,Yes,Yes, , ,Etobicoke-Lakeshore (6),6,20,Alderwood (20)
2015,31-10-2015 09:30,Minor Arterial,Etobicoke York,43.60425528,-79.53372584,Yes,Clear,Natural,Dry,Non-Fatal Injury,Driver,65 to 69,Minor,South, , ,Yes, , , , ,Yes, ,Yes,Yes, , ,Etobicoke-Lakeshore (6),6,20,Alderwood (20)
2015,31-10-2015 09:30,Minor Arterial,Etobicoke York,43.60425528,-79.53372584,Yes,Clear,Natural,Dry,Non-Fatal Injury,Driver,25 to 29,Major,North, , ,Yes, , , , ,Yes, ,Yes,Yes, , ,Etobicoke-Lakeshore (6),6,20,Alderwood (20)
2015,31-10-2015 09:30,Minor Arterial,Etobicoke York,43.60425528,-79.53372584,Yes,Clear,Natural,Dry,Non-Fatal Injury,Passenger,25 to 29,None,Unknown, , ,Yes, , , , ,Yes, ,Yes,Yes, , ,Etobicoke-Lakeshore (6),6,20,Alderwood (20)
2015,31-10-2015 09:30,Minor Arterial,Etobicoke York,43.60425528,-79.53372584,Yes,Clear,Natural,Dry,Non-Fatal Injury,Passenger,35 to 39,Minimal,Unknown, , ,Yes, , , , ,Yes, ,Yes,Yes, , ,Etobicoke-Lakeshore (6),6,20,Alderwood (20)
2015,31-10-2015 09:30,Minor Arterial,Etobicoke York,43.60425528,-79.53372584,Yes,Clear,Natural,Dry,Non-Fatal Injury,Passenger,20 to 24,None,Unknown, , ,Yes, , , , ,Yes, ,Yes,Yes, , ,Etobicoke-Lakeshore (6),6,20,Alderwood (20)
2015,31-10-2015 09:30,Minor Arterial,Etobicoke York,43.60425528,-79.53372584,Yes,Clear,Natural,Dry,Non-Fatal Injury,Passenger,0 to 4,None,Unknown, , ,Yes, , , , ,Yes, ,Yes,Yes, , ,Etobicoke-Lakeshore (6),6,20,Alderwood (20)
2015,18-11-2015 10:30,Major Arterial,Scarborough,43.7437168,-79.21914301,No,Rain,Artificial,Wet,Fatal,Driver,65 to 69,None,South,Yes, ,Yes, , , , , , , , , , ,Scarborough Centre (38),38,139,Scarborough Village (139)
2015,18-11-2015 10:30,Major Arterial,Scarborough,43.7437168,-79.21914301,No,Rain,Artificial,Wet,Fatal,Driver,50 to 54,None,North,Yes, ,Yes, , , , , , , , , , ,Scarborough Centre (38),38,139,Scarborough Village (139)
2015,18-11-2015 10:30,Major Arterial,Scarborough,43.7437168,-79.21914301,No,Rain,Artificial,Wet,Fatal,Pedestrian,45 to 49,Fatal,East,Yes, ,Yes, , , , , , , , , , ,Scarborough Centre (38),38,139,Scarborough Village (139)
2016,12-07-2016 09:30,Collector,Etobicoke York,43.60227926,-79.51075373,No,Clear,Natural,Dry,Fatal,Driver,55 to 59,Fatal,West, , ,Yes, , , , , , , , , ,Yes,Etobicoke-Lakeshore (6),6,18,New Toronto (18)
2007,24-09-2007 09:30,Major Arterial,Toronto East York,43.67384538,-79.41089029,No,Clear,Natural,Dry,Non-Fatal Injury,Vehicle Owner,unknown,None,Unknown, , ,Yes, , , , , , , , , , ,Trinity-Spadina (20),20,95,Annex (95)
2007,24-09-2007 09:30,Major Arterial,Toronto East York,43.67384538,-79.41089029,No,Clear,Natural,Dry,Non-Fatal Injury,Vehicle Owner,unknown,None,Unknown, , ,Yes, , , , , , , , , , ,Trinity-Spadina (20),20,95,Annex (95)
2007,24-09-2007 09:30,Major Arterial,Toronto East York,43.67384538,-79.41089029,No,Clear,Natural,Dry,Non-Fatal Injury,Driver,75 to 79,Major,West, , ,Yes, , , , , , , , , , ,Trinity-Spadina (20),20,95,Annex (95)
2007,24-09-2007 09:30,Major Arterial,Toronto East York,43.67384538,-79.41089029,No,Clear,Natural,Dry,Non-Fatal Injury,Vehicle Owner,unknown,None,Unknown, , ,Yes, , , , , , , , , , ,Trinity-Spadina (20),20,95,Annex (95)
2010,24-09-2010 09:30,Major Arterial,Toronto East York,43.68214538,-79.34609029,No,Clear,Natural,Dry,Non-Fatal Injury,Driver,40 to 44,Major,South, , ,Yes, , ,Yes, , , ,Yes, , , ,Toronto-Danforth (29),29,67,Playter Estates-Danforth (67)
2010,24-09-2010 09:30,Major Arterial,Toronto East York,43.68214538,-79.34609029,No,Clear,Natural,Dry,Non-Fatal Injury,Driver,40 to 44,None,South, , ,Yes, , ,Yes, , , ,Yes, , , ,Toronto-Danforth (29),29,67,Playter Estates-Danforth (67)
2010,24-09-2010 09:30,Major Arterial,Toronto East York,43.68214538,-79.34609029,No,Clear,Natural,Dry,Non-Fatal Injury,Vehicle Owner,unknown,unknown,Unknown, , ,Yes, , ,Yes, , , ,Yes, , , ,Toronto-Danforth (29),29,67,Playter Estates-Danforth (67)
2012,29-07-2012 09:30,Major Arterial,Toronto East York,43.65494538,-79.33739029,Yes,Clear,Natural,Dry,Non-Fatal Injury,Passenger,0 to 4,Minor,Unknown, , ,Yes, , , , ,Yes, , , , , ,Toronto-Danforth (30),30,70,South Riverdale (70)
2012,29-07-2012 09:30,Major Arterial,Toronto East York,43.65494538,-79.33739029,Yes,Clear,Natural,Dry,Non-Fatal Injury,Passenger,35 to 39,Major,Unknown, , ,Yes, , , , ,Yes, , , , , ,Toronto-Danforth (30),30,70,South Riverdale (70)
2012,29-07-2012 09:30,Major Arterial,Toronto East York,43.65494538,-79.33739029,Yes,Clear,Natural,Dry,Non-Fatal Injury,Driver,35 to 39,Major,West, , ,Yes, , , , ,Yes, , , , , ,Toronto-Danforth (30),30,70,South Riverdale (70)
2012,29-07-2012 09:30,Major Arterial,Toronto East York,43.65494538,-79.33739029,Yes,Clear,Natural,Dry,Non-Fatal Injury,Driver,55 to 59,Minimal,East, , ,Yes, , , , ,Yes, , , , , ,Toronto-Danforth (30),30,70,South Riverdale (70)
2008,26-11-2008 10:30,Major Arterial,Scarborough,43.79484538,-79.31499029,No,Rain,Natural,Wet,Fatal,Passenger,65 to 69,None,Unknown,Yes, ,Yes, , , , ,Yes, , , , , ,Scarborough-Agincourt (40),40,117,L'Amoreaux (117)
2008,26-11-2008 10:30,Major Arterial,Scarborough,43.79484538,-79.31499029,No,Rain,Natural,Wet,Fatal,Driver,70 to 74,None,North,Yes, ,Yes, , , , ,Yes, , , , , ,Scarborough-Agincourt (40),40,117,L'Amoreaux (117)
2008,26-11-2008 10:30,Major Arterial,Scarborough,43.79484538,-79.31499029,No,Rain,Natural,Wet,Fatal,Driver,45 to 49,None,South,Yes, ,Yes, , , , ,Yes, , , , , ,Scarborough-Agincourt (40),40,117,L'Amoreaux (117)
2008,26-11-2008 10:30,Major Arterial,Scarborough,43.79484538,-79.31499029,No,Rain,Natural,Wet,Fatal,Pedestrian,55 to 59,Fatal,West,Yes, ,Yes, , , , ,Yes, , , , , ,Scarborough-Agincourt (40),40,117,L'Amoreaux (117)
2015,17-07-2015 09:30,Major Arterial,North York,43.78433951,-79.39468775,No,Clear,Natural,Dry,Non-Fatal Injury,Driver,25 to 29,None,East, , ,Yes, , , , , ,Yes,Yes, , , ,Willowdale (23),23,51,Willowdale East (51)
2015,17-07-2015 09:30,Major Arterial,North York,43.78433951,-79.39468775,No,Clear,Natural,Dry,Non-Fatal Injury,Driver,55 to 59,Major,East, , ,Yes, , , , , ,Yes,Yes, , , ,Willowdale (23),23,51,Willowdale East (51)
2015,17-07-2015 09:30,Major Arterial,North York,43.78433951,-79.39468775,No,Clear,Natural,Dry,Non-Fatal Injury,Driver,unknown,None,East, , ,Yes, , , , , ,Yes,Yes, , , ,Willowdale (23),23,51,Willowdale East (51)
2007,15-01-2007 10:30,Collector,Etobicoke York,43.70064538,-79.60769029,No,Rain,Natural,Slush/Ice,Non-Fatal Injury,Driver,35 to 39,Major,East, , ,Yes, , , , , ,Yes,Yes, , , ,Etobicoke North (2),2,1,West Humber-Clairville (1)
2007,15-01-2007 10:30,Collector,Etobicoke York,43.70064538,-79.60769029,No,Rain,Natural,Slush/Ice,Non-Fatal Injury,Vehicle Owner,unknown,None,Unknown, , ,Yes, , , , , ,Yes,Yes, , , ,Etobicoke North (2),2,1,West Humber-Clairville (1)
2007,15-01-2007 10:30,Collector,Etobicoke York,43.70064538,-79.60769029,No,Rain,Natural,Slush/Ice,Non-Fatal Injury,Driver,45 to 49,None,West, , ,Yes, , , , , ,Yes,Yes, , , ,Etobicoke North (2),2,1,West Humber-Clairville (1)
2007,15-01-2007 10:30,Collector,Etobicoke York,43.70064538,-79.60769029,No,Rain,Natural,Slush/Ice,Non-Fatal Injury,Vehicle Owner,unknown,None,Unknown, , ,Yes, , , , , ,Yes,Yes, , , ,Etobicoke North (2),2,1,West Humber-Clairville (1)
2007,15-06-2007 09:30,Minor Arterial,Etobicoke York,43.63694538,-79.55669029,Yes,Clear,Natural,Dry,Non-Fatal Injury,Driver,45 to 49,None,East, , ,Yes, , , , ,Yes, , , , , ,Etobicoke-Lakeshore (5),5,14,Islington-City Centre West (14)
2007,15-06-2007 09:30,Minor Arterial,Etobicoke York,43.63694538,-79.55669029,Yes,Clear,Natural,Dry,Non-Fatal Injury,Passenger,25 to 29,Major,Unknown, , ,Yes, , , , ,Yes, , , , , ,Etobicoke-Lakeshore (5),5,14,Islington-City Centre West (14)
2007,15-06-2007 09:30,Minor Arterial,Etobicoke York,43.63694538,-79.55669029,Yes,Clear,Natural,Dry,Non-Fatal Injury,Driver,30 to 34,Minor,West, , ,Yes, , , , ,Yes, , , , , ,Etobicoke-Lakeshore (5),5,14,Islington-City Centre West (14)
2009,02-09-2009 09:30,Major Arterial,North York,43.73124538,-79.43249029,No,Clear,Natural,Dry,Non-Fatal Injury,Driver,35 to 39,None,South,Yes, ,Yes, , , , , , , , , , ,Eglinton-Lawrence (16),16,39,Bedford Park-Nortown (39)
2009,02-09-2009 09:30,Major Arterial,North York,43.73124538,-79.43249029,No,Clear,Natural,Dry,Non-Fatal Injury,Pedestrian,10 to 14,Major,West,Yes, ,Yes, , , , , , , , , , ,Eglinton-Lawrence (16),16,39,Bedford Park-Nortown (39)
2010,19-08-2010 09:30,Local,Toronto East York,43.65784538,-79.42269029,No,Clear,Natural,Dry,Non-Fatal Injury,Driver,25 to 29,None,North,Yes, ,Yes, , , , , , , , , , ,Trinity-Spadina (19),19,80,Palmerston-Little Italy (80)
2010,19-08-2010 09:30,Local,Toronto East York,43.65784538,-79.42269029,No,Clear,Natural,Dry,Non-Fatal Injury,Pedestrian,85 to 89,Major,Unknown,Yes, ,Yes, , , , , , , , , , ,Trinity-Spadina (19),19,80,Palmerston-Little Italy (80)
2010,02-09-2010 09:30,Minor Arterial,Scarborough,43.81004538,-79.22049029,No,Clear,Natural,Dry,Non-Fatal Injury,Driver,45 to 49,Minimal,West, , ,Yes, , , , ,Yes,Yes,Yes, , , ,Scarborough-Rouge River (42),42,132,Malvern (132)
2010,02-09-2010 09:30,Minor Arterial,Scarborough,43.81004538,-79.22049029,No,Clear,Natural,Dry,Non-Fatal Injury,Passenger,25 to 29,Major,Unknown, , ,Yes, , , , ,Yes,Yes,Yes, , , ,Scarborough-Rouge River (42),42,132,Malvern (132)
2010,02-09-2010 09:30,Minor Arterial,Scarborough,43.81004538,-79.22049029,No,Clear,Natural,Dry,Non-Fatal Injury,Driver,20 to 24,Major,West, , ,Yes, , , , ,Yes,Yes,Yes, , , ,Scarborough-Rouge River (42),42,132,Malvern (132)
2012,09-12-2012 10:30,Major Arterial,Toronto East York,43.65633734,-79.38895808,Yes,Clear,Artificial,Dry,Non-Fatal Injury,Driver,30 to 34,Major,South, , ,Yes, , , , , , , , , , ,Toronto Centre-Rosedale (27),27,76,Bay Street Corridor (76)
2012,09-12-2012 10:30,Major Arterial,Toronto East York,43.65633734,-79.38895808,Yes,Clear,Artificial,Dry,Non-Fatal Injury,Vehicle Owner,unknown,unknown,Unknown, , ,Yes, , , , , , , , , , ,Toronto Centre-Rosedale (27),27,76,Bay Street Corridor (76)
2012,09-12-2012 10:30,Major Arterial,Toronto East York,43.65633734,-79.38895808,Yes,Clear,Artificial,Dry,Non-Fatal Injury,Driver,unknown,None,South, , ,Yes, , , , , , , , , , ,Toronto Centre-Rosedale (27),27,76,Bay Street Corridor (76)
2012,09-12-2012 10:30,Major Arterial,Toronto East York,43.65633734,-79.38895808,Yes,Clear,Artificial,Dry,Non-Fatal Injury,Driver,30 to 34,None,South, , ,Yes, , , , , , , , , , ,Toronto Centre-Rosedale (27),27,76,Bay Street Corridor (76)
2013,19-03-2013 09:30,Major Arterial,Scarborough,43.79364538,-79.32899029,No,Clear,Natural,Dry,Non-Fatal Injury,Driver,55 to 59,Minor,West, , ,Yes, , , , , , , , , , ,Scarborough-Agincourt (40),40,117,L'Amoreaux (117)
2013,19-03-2013 09:30,Major Arterial,Scarborough,43.79364538,-79.32899029,No,Clear,Natural,Dry,Non-Fatal Injury,Driver,50 to 54,Major,East, , ,Yes, , , , , , , , , , ,Scarborough-Agincourt (40),40,117,L'Amoreaux (117)
2013,08-07-2013 09:30,Major Arterial,Scarborough,43.80144461,-79.26379023,Yes,Rain,Natural,Wet,Fatal,Vehicle Owner,unknown,unknown,Unknown,Yes, , , , ,Yes, , , , , , , ,Scarborough-Rouge River (41),41,129,Agincourt North (129)
2013,08-07-2013 09:30,Major Arterial,Scarborough,43.80144461,-79.26379023,Yes,Rain,Natural,Wet,Fatal,Driver,50 to 54,None,South,Yes, , , , ,Yes, , , , , , , ,Scarborough-Rouge River (41),41,129,Agincourt North (129)