YEAR,DATE,ROAD_CLASS,District,LATITUDE,LONGITUDE,TRAFFCTL,VISIBILITY,LIGHT,RDSFCOND,ACCLASS,INVTYPE,INVAGE,INJURY,INITDIR,PEDESTRIAN,CYCLIST,AUTOMOBILE,MOTORCYCLE,TRUCK,TRSN_CITY_VEH,EMERG_VEH,PASSENGER,SPEEDING,AG_DRIV,REDLIGHT,ALCOHOL,DISABILITY,Ward_Name,Ward_ID,Hood_ID,Hood_Name
2010,28-06-2010 09:30,Expressway,Etobicoke York,43.69004538,-79.57059029,No,Clear,Natural,Dry,Non-Fatal Injury,Pedestrian,25 to 29,Major,Unknown,Yes, ,Yes, , , , , , , , , , ,Etobicoke Centre (4),4,7,Willowridge-Martingrove-Richview (7)
2010,06-01-2010 10:30,Major Arterial,North York,43.71624538,-79.44369029,No,Clear,Natural,Dry,Non-Fatal Injury,Pedestrian,50 to 54,Minor,Unknown,Yes, , , , , , , , , , , , ,Eglinton-Lawrence (15),15,32,Englemount-Lawrence (32)
2010,06-01-2010 10:30,Major Arterial,North York,43.71624538,-79.44369029,No,Clear,Natural,Dry,Non-Fatal Injury,Pedestrian,40 to 44,Major,Unknown,Yes, , , , , , , , , , , , ,Eglinton-Lawrence (15),15,32,Englemount-Lawrence (32)
2013,27-07-2013 09:30,Major Arterial,Etobicoke York,43.75544699,-79.61407099,Yes,Clear,Natural,Dry,Non-Fatal Injury,Driver,25 to 29,Minimal,East, , ,Yes, , , , ,Yes, ,Yes,Yes, , ,Etobicoke North (1),1,1,West Humber-Clairville (1)
2013,27-07-2013 09:30,Major Arterial,Etobicoke York,43.75544699,-79.61407099,Yes,Clear,Natural,Dry,Non-Fatal Injury,Passenger,25 to 29,Minor,Unknown, , ,Yes, , , , ,Yes, ,Yes,Yes, , ,Etobicoke North (1),1,1,West Humber-Clairville (1)
2013,27-07-2013 09:30,Major Arterial,Etobicoke York,43.75544699,-79.61407099,Yes,Clear,Natural,Dry,Non-Fatal Injury,Vehicle Owner,unknown,unknown,Unknown, , ,Yes, , , , ,Yes, ,Yes,Yes, , ,Etobicoke North (1),1,1,West Humber-Clairville (1)
2013,27-07-2013 09:30,Major Arterial,Etobicoke York,43.75544699,-79.61407099,Yes,Clear,Natural,Dry,Non-Fatal Injury,Driver,25 to 29,Minor,North, , ,Yes, , , , ,Yes, ,Yes,Yes, , ,Etobicoke North (1),1,1,West Humber-Clairville (1)
2013,27-07-2013 09:30,Major Arterial,Etobicoke York,43.75544699,-79.61407099,Yes,Clear,Natural,Dry,Non-Fatal Injury,Driver,30 to 34,Minimal,East, , ,Yes, , , , ,Yes, ,Yes,Yes, , ,Etobicoke North (1),1,1,West Humber-Clairville (1)
2013,27-07-2013 09:30,Major Arterial,Etobicoke York,43.75544699,-79.61407099,Yes,Clear,Natural,Dry,Non-Fatal Injury,Passenger,15 to 19,Major,Unknown, , ,Yes, , , , ,Yes, ,Yes,Yes, , ,Etobicoke North (1),1,1,West Humber-Clairville (1)
2016,31-10-2016 09:30,Expressway,Toronto East York,43.63307913,-79.43522272,No,Clear,Natural,Dry,Fatal,Driver,25 to 29,Fatal,East, , ,Yes, , , , , , , , , , ,Parkdale-High Park (14),14,85,South Parkdale (85)
2007,02-12-2007 10:30,Major Arterial,Toronto East York,43.67434538,-79.39819029,No,Snow,Natural,Snow,Non-Fatal Injury,Driver,35 to 39,None,West,Yes, ,Yes, , , , , ,Yes,Yes, ,Yes, ,Trinity-Spadina (20),20,95,Annex (95)
2007,02-12-2007 10:30,Major Arterial,Toronto East York,43.67434538,-79.39819029,No,Snow,Natural,Snow,Non-Fatal Injury,Other Property Owner,unknown,unknown,Unknown,Yes, ,Yes, , , , , ,Yes,Yes, ,Yes, ,Trinity-Spadina (20),20,95,Annex (95)
2007,02-12-2007 10:30,Major Arterial,Toronto East York,43.67434538,-79.39819029,No,Snow,Natural,Snow,Non-Fatal Injury,Pedestrian,40 to 44,Major,East,Yes, ,Yes, , , , , ,Yes,Yes, ,Yes, ,Trinity-Spadina (20),20,95,Annex (95)
2009,01-01-2009 10:30,Major Arterial,Scarborough,43.73704538,-79.24619029,Yes,Clear,Natural,Wet,Fatal,Driver,20 to 24,None,West,Yes, ,Yes, , , , , , , , , , ,Scarborough Southwest (35),35,138,Eglinton East (138)
2009,01-01-2009 10:30,Major Arterial,Scarborough,43.73704538,-79.24619029,Yes,Clear,Natural,Wet,Fatal,Pedestrian,50 to 54,Fatal,North,Yes, ,Yes, , , , , , , , , , ,Scarborough Southwest (35),35,138,Eglinton East (138)
2007,04-03-2007 10:30,Expressway,North York,43.71534538,-79.32519029,No,Clear,Natural,Dry,Non-Fatal Injury,Passenger,25 to 29,Major,Unknown, , ,Yes, , , , ,Yes,Yes,Yes, , , ,Don Valley West (26),26,44,Flemingdon Park (44)
2007,04-03-2007 10:30,Expressway,North York,43.71534538,-79.32519029,No,Clear,Natural,Dry,Non-Fatal Injury,Driver,30 to 34,Major,North, , ,Yes, , , , ,Yes,Yes,Yes, , , ,Don Valley West (26),26,44,Flemingdon Park (44)
2007,04-03-2007 10:30,Expressway,North York,43.71534538,-79.32519029,No,Clear,Natural,Dry,Non-Fatal Injury,Other Property Owner,unknown,unknown,Unknown, , ,Yes, , , , ,Yes,Yes,Yes, , , ,Don Valley West (26),26,44,Flemingdon Park (44)
2007,11-08-2007 09:30,Major Arterial,Toronto East York,43.63444538,-79.40869029,Yes,Clear,Natural,Dry,Non-Fatal Injury,Passenger,20 to 24,Minor,Unknown, , ,Yes, , , , ,Yes, ,Yes,Yes, , ,Trinity-Spadina (20),20,82,Niagara (82)
2007,11-08-2007 09:30,Major Arterial,Toronto East York,43.63444538,-79.40869029,Yes,Clear,Natural,Dry,Non-Fatal Injury,Passenger,20 to 24,Major,Unknown, , ,Yes, , , , ,Yes, ,Yes,Yes, , ,Trinity-Spadina (20),20,82,Niagara (82)
2007,11-08-2007 09:30,Major Arterial,Toronto East York,43.63444538,-79.40869029,Yes,Clear,Natural,Dry,Non-Fatal Injury,Driver,20 to 24,Minimal,West, , ,Yes, , , , ,Yes, ,Yes,Yes, , ,Trinity-Spadina (20),20,82,Niagara (82)
2007,11-08-2007 09:30,Major Arterial,Toronto East York,43.63444538,-79.40869029,Yes,Clear,Natural,Dry,Non-Fatal Injury,Vehicle Owner,unknown,None,Unknown, , ,Yes, , , , ,Yes, ,Yes,Yes, , ,Trinity-Spadina (20),20,82,Niagara (82)
2007,11-08-2007 09:30,Major Arterial,Toronto East York,43.63444538,-79.40869029,Yes,Clear,Natural,Dry,Non-Fatal Injury,Driver,45 to 49,None,South, , ,Yes, , , , ,Yes, ,Yes,Yes, , ,Trinity-Spadina (20),20,82,Niagara (82)
2007,09-09-2007 09:30,Major Arterial,Toronto East York,43.64734538,-79.39289029,Yes,Clear,Natural,Dry,Non-Fatal Injury,Vehicle Owner,unknown,None,Unknown,Yes, ,Yes, , , , , , , , , , ,Trinity-Spadina (20),20,77,Waterfront Communities-The Island (77)
2007,09-09-2007 09:30,Major Arterial,Toronto East York,43.64734538,-79.39289029,Yes,Clear,Natural,Dry,Non-Fatal Injury,Driver,45 to 49,None,East,Yes, ,Yes, , , , , , , , , , ,Trinity-Spadina (20),20,77,Waterfront Communities-The Island (77)
2007,09-09-2007 09:30,Major Arterial,Toronto East York,43.64734538,-79.39289029,Yes,Clear,Natural,Dry,Non-Fatal Injury,Pedestrian,15 to 19,Major,North,Yes, ,Yes, , , , , , , , , , ,Trinity-Spadina (20),20,77,Waterfront Communities-The Island (77)
2007,08-10-2007 09:30,Collector,Scarborough,43.77844538,-79.15779029,Yes,Clear,Natural,Dry,Non-Fatal Injury,Driver,20 to 24,None,South, ,Yes,Yes, , , , , , ,Yes, , , ,Scarborough East (44),44,133,Centennial Scarborough (133)
2007,08-10-2007 09:30,Collector,Scarborough,43.77844538,-79.15779029,Yes,Clear,Natural,Dry,Non-Fatal Injury,Cyclist,15 to 19,Major,East, ,Yes,Yes, , , , , , ,Yes, , , ,Scarborough East (44),44,133,Centennial Scarborough (133)
2008,10-03-2008 09:30,Expressway,Toronto East York,43.63394538,-79.43739029,No,Clear,Natural,Wet,Non-Fatal Injury,Vehicle Owner,unknown,unknown,Unknown, , ,Yes, , , , , , , , , , ,Parkdale-High Park (14),14,85,South Parkdale (85)
2008,10-03-2008 09:30,Expressway,Toronto East York,43.63394538,-79.43739029,No,Clear,Natural,Wet,Non-Fatal Injury,Driver,25 to 29,Major,East, , ,Yes, , , , , , , , , , ,Parkdale-High Park (14),14,85,South Parkdale (85)
2008,20-07-2008 09:30,Major Arterial,Etobicoke York,43.68164538,-79.47679029,Yes,Rain,Natural,Wet,Non-Fatal Injury,Passenger,25 to 29,None,Unknown, , ,Yes, , , , ,Yes, , , , , ,York South-Weston (11),11,111,Rockcliffe-Smythe (111)
2008,20-07-2008 09:30,Major Arterial,Etobicoke York,43.68164538,-79.47679029,Yes,Rain,Natural,Wet,Non-Fatal Injury,Passenger,35 to 39,Minor,Unknown, , ,Yes, , , , ,Yes, , , , , ,York South-Weston (11),11,111,Rockcliffe-Smythe (111)
2008,20-07-2008 09:30,Major Arterial,Etobicoke York,43.68164538,-79.47679029,Yes,Rain,Natural,Wet,Non-Fatal Injury,Passenger,70 to 74,Major,Unknown, , ,Yes, , , , ,Yes, , , , , ,York South-Weston (11),11,111,Rockcliffe-Smythe (111)
2008,20-07-2008 09:30,Major Arterial,Etobicoke York,43.68164538,-79.47679029,Yes,Rain,Natural,Wet,Non-Fatal Injury,Vehicle Owner,unknown,unknown,Unknown, , ,Yes, , , , ,Yes, , , , , ,York South-Weston (11),11,111,Rockcliffe-Smythe (111)
2008,20-07-2008 09:30,Major Arterial,Etobicoke York,43.68164538,-79.47679029,Yes,Rain,Natural,Wet,Non-Fatal Injury,Driver,30 to 34,Minimal,North, , ,Yes, , , , ,Yes, , , , , ,York South-Weston (11),11,111,Rockcliffe-Smythe (111)
2008,20-07-2008 09:30,Major Arterial,Etobicoke York,43.68164538,-79.47679029,Yes,Rain,Natural,Wet,Non-Fatal Injury,Driver,15 to 19,Minimal,South, , ,Yes, , , , ,Yes, , , , , ,York South-Weston (11),11,111,Rockcliffe-Smythe (111)
2009,04-07-2009 09:30,Major Arterial,North York,43.69594538,-79.44909029,No,Clear,Natural,Dry,Non-Fatal Injury,Driver,unknown,None,West,Yes, ,Yes, , , , , , ,Yes, , , ,Eglinton-Lawrence (15),15,107,Oakwood Village (107)
2009,04-07-2009 09:30,Major Arterial,North York,43.69594538,-79.44909029,No,Clear,Natural,Dry,Non-Fatal Injury,Pedestrian,45 to 49,Major,North,Yes, ,Yes, , , , , , ,Yes, , , ,Eglinton-Lawrence (15),15,107,Oakwood Village (107)
2015,13-06-2015 09:30,Expressway,Etobicoke York,43.62264593,-79.50246821,No,Rain,Natural,Wet,Fatal,Driver,20 to 24,Fatal,West, , ,Yes, , , , , ,Yes,Yes, , , ,Etobicoke-Lakeshore (6),6,16,Stonegate-Queensway (16)
2016,14-03-2016 09:30,Minor Arterial,Etobicoke York,43.73373755,-79.53821192,Yes,Rain,Artificial,Wet,Non-Fatal Injury,Driver,25 to 29,Major,West, , ,Yes, , , , ,Yes, , , ,Yes, ,York West (7),7,23,Pelmo Park-Humberlea (23)
2016,14-03-2016 09:30,Minor Arterial,Etobicoke York,43.73373755,-79.53821192,Yes,Rain,Artificial,Wet,Non-Fatal Injury,Passenger,25 to 29,Minor,Unknown, , ,Yes, , , , ,Yes, , , ,Yes, ,York West (7),7,23,Pelmo Park-Humberlea (23)
2017,26-02-2017 10:30,Major Arterial,Scarborough,43.73662527,-79.24805079,No,Clear,Artificial,Dry,Non-Fatal Injury,Driver,20 to 24,Minimal,East, , ,Yes, , , , ,Yes,Yes,Yes, ,Yes, ,Scarborough Southwest (35),35,124,Kennedy Park (124)
2017,26-02-2017 10:30,Major Arterial,Scarborough,43.73662527,-79.24805079,No,Clear,Artificial,Dry,Non-Fatal Injury,Driver,45 to 49,Major,East, , ,Yes, , , , ,Yes,Yes,Yes, ,Yes, ,Scarborough Southwest (35),35,124,Kennedy Park (124)
2017,26-02-2017 10:30,Major Arterial,Scarborough,43.73662527,-79.24805079,No,Clear,Artificial,Dry,Non-Fatal Injury,Passenger,20 to 24,Major,Unknown, , ,Yes, , , , ,Yes,Yes,Yes, ,Yes, ,Scarborough Southwest (35),35,124,Kennedy Park (124)
2017,26-02-2017 10:30,Major Arterial,Scarborough,43.73662527,-79.24805079,No,Clear,Artificial,Dry,Non-Fatal Injury,Passenger,20 to 24,None,Unknown, , ,Yes, , , , ,Yes,Yes,Yes, ,Yes, ,Scarborough Southwest (35),35,124,Kennedy Park (124)
2017,26-02-2017 10:30,Major Arterial,Scarborough,43.73662527,-79.24805079,No,Clear,Artificial,Dry,Non-Fatal Injury,Passenger,20 to 24,Minor,Unknown, , ,Yes, , , , ,Yes,Yes,Yes, ,Yes, ,Scarborough Southwest (35),35,124,Kennedy Park (124)
2010,08-01-2010 10:30,Major Arterial,Toronto East York,43.65474538,-79.38829029,No,Clear,Natural,Wet,Non-Fatal Injury,Driver,30 to 34,None,North,Yes, ,Yes, , , , , , , , , , ,Toronto Centre-Rosedale (27),27,76,Bay Street Corridor (76)
2010,08-01-2010 10:30,Major Arterial,Toronto East York,43.65474538,-79.38829029,No,Clear,Natural,Wet,Non-Fatal Injury,Pedestrian,60 to 64,Major,East,Yes, ,Yes, , , , , , , , , , ,Toronto Centre-Rosedale (27),27,76,Bay Street Corridor (76)
2016,20-03-2016 09:30,Major Arterial,Toronto East York,43.6473194,-79.37972651,Yes,Clear,Artificial,Dry,Non-Fatal Injury,Driver,15 to 19,None,North, , ,Yes, , , , ,Yes, ,Yes,Yes, , ,Toronto Centre-Rosedale (28),28,76,Bay Street Corridor (76)
2016,20-03-2016 09:30,Major Arterial,Toronto East York,43.6473194,-79.37972651,Yes,Clear,Artificial,Dry,Non-Fatal Injury,Driver,35 to 39,Major,West, , ,Yes, , , , ,Yes, ,Yes,Yes, , ,Toronto Centre-Rosedale (28),28,76,Bay Street Corridor (76)
2016,20-03-2016 09:30,Major Arterial,Toronto East York,43.6473194,-79.37972651,Yes,Clear,Artificial,Dry,Non-Fatal Injury,Passenger,unknown,Minimal,Unknown, , ,Yes, , , , ,Yes, ,Yes,Yes, , ,Toronto Centre-Rosedale (28),28,76,Bay Street Corridor (76)
2016,20-03-2016 09:30,Major Arterial,Toronto East York,43.6473194,-79.37972651,Yes,Clear,Artificial,Dry,Non-Fatal Injury,Passenger,15 to 19,Major,Unknown, , ,Yes, , , , ,Yes, ,Yes,Yes, , ,Toronto Centre-Rosedale (28),28,76,Bay Street Corridor (76)
2016,20-03-2016 09:30,Major Arterial,Toronto East York,43.6473194,-79.37972651,Yes,Clear,Artificial,Dry,Non-Fatal Injury,Passenger,15 to 19,Minimal,Unknown, , ,Yes, , , , ,Yes, ,Yes,Yes, , ,Toronto Centre-Rosedale (28),28,76,Bay Street Corridor (76)
2016,20-03-2016 09:30,Major Arterial,Toronto East York,43.6473194,-79.37972651,Yes,Clear,Artificial,Dry,Non-Fatal Injury,Passenger,10 to 14,Minimal,Unknown, , ,Yes, , , , ,Yes, ,Yes,Yes, , ,Toronto Centre-Rosedale (28),28,76,Bay Street Corridor (76)
2016,20-03-2016 09:30,Major Arterial,Toronto East York,43.6473194,-79.37972651,Yes,Clear,Artificial,Dry,Non-Fatal Injury,Passenger,30 to 34,Major,Unknown, , ,Yes, , , , ,Yes, ,Yes,Yes, , ,Toronto Centre-Rosedale (28),28,76,Bay Street Corridor (76)
2016,20-03-2016 09:30,Major Arterial,Toronto East York,43.6473194,-79.37972651,Yes,Clear,Artificial,Dry,Non-Fatal Injury,Passenger,25 to 29,Minor,Unknown, , ,Yes, , , , ,Yes, ,Yes,Yes, , ,Toronto Centre-Rosedale (28),28,76,Bay Street Corridor (76)
2016,17-06-2016 09:30,Minor Arterial,Scarborough,43.71567496,-79.26038752,No,Clear,Artificial,Dry,Fatal,Pedestrian,20 to 24,Fatal,North,Yes, ,Yes, , , , , , , , , , ,Scarborough Southwest (35),35,120,Clairlea-Birchmount (120)
2016,17-06-2016 09:30,Minor Arterial,Scarborough,43.71567496,-79.26038752,No,Clear,Artificial,Dry,Fatal,Driver,unknown,None,South,Yes, ,Yes, , , , , , , , , , ,Scarborough Southwest (35),35,120,Clairlea-Birchmount (120)
2013,07-12-2013 10:30,Local,North York,43.76210745,-79.50312434,No,Clear,Artificial,Dry,Non-Fatal Injury,Driver,unknown,None,West,Yes, ,Yes, , , , , , ,Yes, , , ,York West (8),8,27,York University Heights (27)
2013,07-12-2013 10:30,Local,North York,43.76210745,-79.50312434,No,Clear,Artificial,Dry,Non-Fatal Injury,Pedestrian,20 to 24,Major,West,Yes, ,Yes, , , , , , ,Yes, , , ,York West (8),8,27,York University Heights (27)
2015,10-04-2015 09:30,Major Arterial,Scarborough,43.73219259,-79.26792536,Yes,Rain,Artificial,Wet,Non-Fatal Injury,Driver,40 to 44,None,West, , ,Yes, , , , ,Yes, ,Yes,Yes, , ,Scarborough Southwest (35),35,124,Kennedy Park (124)
2015,10-04-2015 09:30,Major Arterial,Scarborough,43.73219259,-79.26792536,Yes,Rain,Artificial,Wet,Non-Fatal Injury,Driver,20 to 24,Major,North, , ,Yes, , , , ,Yes, ,Yes,Yes, , ,Scarborough Southwest (35),35,124,Kennedy Park (124)
2015,10-04-2015 09:30,Major Arterial,Scarborough,43.73219259,-79.26792536,Yes,Rain,Artificial,Wet,Non-Fatal Injury,Passenger,25 to 29,Major,Unknown, , ,Yes, , , , ,Yes, ,Yes,Yes, , ,Scarborough Southwest (35),35,124,Kennedy Park (124)
2007,14-03-2007 09:30,Major Arterial,Toronto East York,43.65764538,-79.40819029,Yes,Clear,Natural,Wet,Non-Fatal Injury,Passenger,35 to 39,None,Unknown, , ,Yes, , , , ,Yes, , , ,Yes, ,Trinity-Spadina (20),20,79,University (79)
2007,14-03-2007 09:30,Major Arterial,Toronto East York,43.65764538,-79.40819029,Yes,Clear,Natural,Wet,Non-Fatal Injury,Vehicle Owner,unknown,None,Unknown, , ,Yes, , , , ,Yes, , , ,Yes, ,Trinity-Spadina (20),20,79,University (79)
2007,14-03-2007 09:30,Major Arterial,Toronto East York,43.65764538,-79.40819029,Yes,Clear,Natural,Wet,Non-Fatal Injury,Driver,45 to 49,None,North, , ,Yes, , , , ,Yes, , , ,Yes, ,Trinity-Spadina (20),20,79,University (79)
2007,14-03-2007 09:30,Major Arterial,Toronto East York,43.65764538,-79.40819029,Yes,Clear,Natural,Wet,Non-Fatal Injury,Passenger,20 to 24,Major,Unknown, , ,Yes, , , , ,Yes, , , ,Yes, ,Trinity-Spadina (20),20,79,University (79)
2007,14-03-2007 09:30,Major Arterial,Toronto East York,43.65764538,-79.40819029,Yes,Clear,Natural,Wet,Non-Fatal Injury,Driver,25 to 29,Minimal,North, , ,Yes, , , , ,Yes, , , ,Yes, ,Trinity-Spadina (20),20,79,University (79)
2011,10-10-2011 09:30,Major Arterial,Scarborough,43.80124538,-79.29659029,Yes,Clear,Artificial,Dry,Fatal,Other Property Owner,unknown,unknown,Unknown, , ,Yes, , , , ,Yes, , , , , ,Scarborough-Agincourt (39),39,117,L'Amoreaux (117)
2012,21-10-2012 09:30,Minor Arterial,Scarborough,43.80794485,-79.31419001,No,Clear,Artificial,Dry,Fatal,Driver,20 to 24,Minor,East, , ,Yes, , , , ,Yes,Yes,Yes, ,Yes, ,Scarborough-Agincourt (39),39,116,Steeles (116)
2010,30-07-2010 09:30,Major Arterial,Toronto East York,43.69374538,-79.42259029,Yes,Clear,Natural,Dry,Non-Fatal Injury,Driver,25 to 29,None,North, , ,Yes, , , , , , ,Yes, , , ,St. Paul's (21),21,101,Forest Hill South (101)
2015,16-05-2015 09:30,Major Arterial,Toronto East York,43.65517004,-79.45782862,No,Clear,Artificial,Dry,Fatal,Driver,65 to 69,None,East,Yes, ,Yes, , , , ,Yes, , , , , ,Parkdale-High Park (14),14,87,High Park-Swansea (87)
2008,21-07-2008 09:30,Major Arterial,North York,43.79794538,-79.42009029,Yes,Clear,Natural,Dry,Fatal,Passenger,20 to 24,Minor,Unknown,Yes, ,Yes, , , , ,Yes, , , , , ,Willowdale (23),23,36,Newtonbrook West (36)
2009,22-04-2009 09:30,Major Arterial,Etobicoke York,43.74324538,-79.58209029,Yes,Clear,Natural,Dry,Non-Fatal Injury,Vehicle Owner,unknown,unknown,Unknown,Yes, ,Yes, , , , , , , , , , ,Etobicoke North (1),1,3,Thistletown-Beaumond Heights (3)
2008,21-07-2008 09:30,Major Arterial,North York,43.79794538,-79.42009029,Yes,Clear,Natural,Dry,Fatal,Driver,30 to 34,Minor,West,Yes, ,Yes, , , , ,Yes, , , , , ,Willowdale (23),23,36,Newtonbrook West (36)
2015,16-05-2015 09:30,Major Arterial,Toronto East York,43.65517004,-79.45782862,No,Clear,Artificial,Dry,Fatal,Pedestrian,40 to 44,Fatal,North,Yes, ,Yes, , , , ,Yes, , , , , ,Parkdale-High Park (14),14,87,High Park-Swansea (87)
2008,21-07-2008 09:30,Major Arterial,North York,43.79794538,-79.42009029,Yes,Clear,Natural,Dry,Fatal,Pedestrian,35 to 39,Fatal,North,Yes, ,Yes, , , , ,Yes, , , , , ,Willowdale (23),23,36,Newtonbrook West (36)
2015,16-05-2015 09:30,Major Arterial,Toronto East York,43.65517004,-79.45782862,No,Clear,Artificial,Dry,Fatal,Passenger,30 to 34,None,Unknown,Yes, ,Yes, , , , ,Yes, , , , , ,Parkdale-High Park (14),14,87,High Park-Swansea (87)
2009,22-04-2009 09:30,Major Arterial,Etobicoke York,43.74324538,-79.58209029,Yes,Clear,Natural,Dry,Non-Fatal Injury,Driver,40 to 44,None,West,Yes, ,Yes, , , , , , , , , , ,Etobicoke North (1),1,3,Thistletown-Beaumond Heights (3)
2008,14-12-2008 10:30,Major Arterial,North York,43.75724538,-79.51769029,Yes,Rain,Natural,Wet,Non-Fatal Injury,Driver,25 to 29,None,West,Yes, ,Yes, , , , , , ,Yes, , , ,York West (8),8,24,Black Creek (24)
2017,29-04-2017 09:30,Minor Arterial,Toronto East York,43.67665823,-79.41574488,Yes,Clear,Artificial,Dry,Non-Fatal Injury,Driver,70 to 74,None,East,Yes, ,Yes, , , , , , , , , , ,St. Paul's (21),21,96,Casa Loma (96)
2009,22-04-2009 09:30,Major Arterial,Etobicoke York,43.74324538,-79.58209029,Yes,Clear,Natural,Dry,Non-Fatal Injury,Pedestrian,55 to 59,Major,South,Yes, ,Yes, , , , , , , , , , ,Etobicoke North (1),1,3,Thistletown-Beaumond Heights (3)
2008,14-12-2008 10:30,Major Arterial,North York,43.75724538,-79.51769029,Yes,Rain,Natural,Wet,Non-Fatal Injury,Pedestrian,30 to 34,Major,South,Yes, ,Yes, , , , , , ,Yes, , , ,York West (8),8,24,Black Creek (24)
2017,29-04-2017 09:30,Minor Arterial,Toronto East York,43.67665823,-79.41574488,Yes,Clear,Artificial,Dry,Non-Fatal Injury,Pedestrian,30 to 34,Major,North,Yes, ,Yes, , , , , , , , , , ,St. Paul's (21),21,96,Casa Loma (96)
2007,03-03-2007 10:30,Major Arterial,Toronto East York,43.68614538,-79.31069029,No,Clear,Natural,Slush/Ice,Non-Fatal Injury,Driver,40 to 44,Major,East, , ,Yes, , , , ,Yes, , , , , ,Beaches-East York (32),32,62,East End-Danforth (62)
2007,03-03-2007 10:30,Major Arterial,Toronto East York,43.68614538,-79.31069029,No,Clear,Natural,Slush/Ice,Non-Fatal Injury,Passenger,30 to 34,Major,Unknown, , ,Yes, , , , ,Yes, , , , , ,Beaches-East York (32),32,62,East End-Danforth (62)
2007,03-03-2007 10:30,Major Arterial,Toronto East York,43.68614538,-79.31069029,No,Clear,Natural,Slush/Ice,Non-Fatal Injury,Vehicle Owner,unknown,None,Unknown, , ,Yes, , , , ,Yes, , , , , ,Beaches-East York (32),32,62,East End-Danforth (62)
2007,03-03-2007 10:30,Major Arterial,Toronto East York,43.68614538,-79.31069029,No,Clear,Natural,Slush/Ice,Non-Fatal Injury,Driver,45 to 49,Major,West, , ,Yes, , , , ,Yes, , , , , ,Beaches-East York (32),32,62,East End-Danforth (62)
2016,10-04-2016 09:30,Major Arterial,North York,43.73937948,-79.51320277,Yes,Clear,Artificial,Dry,Fatal,Passenger,20 to 24,Fatal,Unknown, , ,Yes, , , , ,Yes,Yes,Yes, , , ,York Centre (9),9,25,Glenfield-Jane Heights (25)
2016,10-04-2016 09:30,Major Arterial,North York,43.73937948,-79.51320277,Yes,Clear,Artificial,Dry,Fatal,Passenger,20 to 24,Fatal,Unknown, , ,Yes, , , , ,Yes,Yes,Yes, , , ,York Centre (9),9,25,Glenfield-Jane Heights (25)
2016,10-04-2016 09:30,Major Arterial,North York,43.73937948,-79.51320277,Yes,Clear,Artificial,Dry,Fatal,Passenger,15 to 19,Fatal,Unknown, , ,Yes, , , , ,Yes,Yes,Yes, , , ,York Centre (9),9,25,Glenfield-Jane Heights (25)
2016,10-04-2016 09:30,Major Arterial,North York,43.73937948,-79.51320277,Yes,Clear,Artificial,Dry,Fatal,Passenger,20 to 24,Major,Unknown, , ,Yes, , , , ,Yes,Yes,Yes, , , ,York Centre (9),9,25,Glenfield-Jane Heights (25)
2016,10-04-2016 09:30,Major Arterial,North York,43.73937948,-79.51320277,Yes,Clear,Artificial,Dry,Fatal,Driver,20 to 24,Major,South, , ,Yes, , , , ,Yes,Yes,Yes, , , ,York Centre (9),9,25,Glenfield-Jane Heights (25)
2016,10-04-2016 09:30,Major Arterial,North York,43.73937948,-79.51320277,Yes,Clear,Artificial,Dry,Fatal,Driver,45 to 49,Minor,South, , ,Yes, , , , ,Yes,Yes,Yes, , , ,York Centre (9),9,25,Glenfield-Jane Heights (25)
2017,26-11-2017 10:30,Major Arterial,Scarborough,43.82398938,-79.24777629,Yes,Clear,Artificial,Dry,Non-Fatal Injury,Driver,0 to 4,None,South, , ,Yes, , , , ,Yes,Yes,Yes, , , ,Scarborough-Rouge River (42),42,131,Rouge (131)
2017,26-11-2017 10:30,Major Arterial,Scarborough,43.82398938,-79.24777629,Yes,Clear,Artificial,Dry,Non-Fatal Injury,Driver,60 to 64,Minor,North, , ,Yes, , , , ,Yes,Yes,Yes, , , ,Scarborough-Rouge River (42),42,131,Rouge (131)
2017,26-11-2017 10:30,Major Arterial,Scarborough,43.82398938,-79.24777629,Yes,Clear,Artificial,Dry,Non-Fatal Injury,Passenger,85 to 89,Minor,Unknown, , ,Yes, , , , ,Yes,Yes,Yes, , , ,Scarborough-Rouge River (42),42,131,Rouge (131)
2017,26-11-2017 10:30,Major Arterial,Scarborough,43.82398938,-79.24777629,Yes,Clear,Artificial,Dry,Non-Fatal Injury,Passenger,55 to 59,Major,Unknown, , ,Yes, , , , ,Yes,Yes,Yes, , , ,Scarborough-Rouge River (42),42,131,Rouge (131)
2008,11-01-2008 10:30,Minor Arterial,Toronto East York,43.68764538,-79.42369029,Yes,Rain,Natural,Wet,Non-Fatal Injury,Passenger,15 to 19,Minor,Unknown, , ,Yes, , , , ,Yes,Yes,Yes,Yes, , ,St. Paul's (21),21,106,Humewood-Cedarvale (106)
2008,11-01-2008 10:30,Minor Arterial,Toronto East York,43.68764538,-79.42369029,Yes,Rain,Natural,Wet,Non-Fatal Injury,Passenger,20 to 24,Major,Unknown, , ,Yes, , , , ,Yes,Yes,Yes,Yes, , ,St. Paul's (21),21,106,Humewood-Cedarvale (106)
2008,11-01-2008 10:30,Minor Arterial,Toronto East York,43.68764538,-79.42369029,Yes,Rain,Natural,Wet,Non-Fatal Injury,Driver,20 to 24,Minor,West, , ,Yes, , , , ,Yes,Yes,Yes,Yes, , ,St. Paul's (21),21,106,Humewood-Cedarvale (106)
2008,11-01-2008 10:30,Minor Arterial,Toronto East York,43.68764538,-79.42369029,Yes,Rain,Natural,Wet,Non-Fatal Injury,Other Property Owner,unknown,unknown,Unknown, , ,Yes, , , , ,Yes,Yes,Yes,Yes, , ,St. Paul's (21),21,106,Humewood-Cedarvale (106)