YEAR,DATE,ROAD_CLASS,District,LATITUDE,LONGITUDE,TRAFFCTL,VISIBILITY,LIGHT,RDSFCOND,ACCLASS,INVTYPE,INVAGE,INJURY,INITDIR,PEDESTRIAN,CYCLIST,AUTOMOBILE,MOTORCYCLE,TRUCK,TRSN_CITY_VEH,EMERG_VEH,PASSENGER,SPEEDING,AG_DRIV,REDLIGHT,ALCOHOL,DISABILITY,Ward_Name,Ward_ID,Hood_ID,Hood_Name
2013,16-01-2013 10:30,Major Arterial,Toronto East York,43.70864538,-79.39879029,No,Clear,Artificial,Dry,Non-Fatal Injury,Driver,65 to 69,None,North,Yes, ,Yes, , , , , , , , , , ,Eglinton-Lawrence (16),16,100,Yonge-Eglinton (100)
2013,16-01-2013 10:30,Major Arterial,Toronto East York,43.70864538,-79.39879029,No,Clear,Artificial,Dry,Non-Fatal Injury,Pedestrian,55 to 59,Major,West,Yes, ,Yes, , , , , , , , , , ,Eglinton-Lawrence (16),16,100,Yonge-Eglinton (100)
2013,13-06-2013 09:30,Minor Arterial,Toronto East York,43.67484538,-79.40709029,Yes,Rain,Natural,Wet,Non-Fatal Injury,Motorcycle Driver,40 to 44,Major,North, , ,Yes,Yes, , , , , ,Yes, , , ,Trinity-Spadina (20),20,95,Annex (95)
2013,13-06-2013 09:30,Minor Arterial,Toronto East York,43.67484538,-79.40709029,Yes,Rain,Natural,Wet,Non-Fatal Injury,Driver,55 to 59,None,South, , ,Yes,Yes, , , , , ,Yes, , , ,Trinity-Spadina (20),20,95,Annex (95)
2014,30-01-2014 10:30,Major Arterial,Scarborough,43.77502402,-79.23837672,No,Clear,Natural,Dry,Non-Fatal Injury,Driver,25 to 29,Major,East, , ,Yes, , , , ,Yes, , , , , ,Scarborough Centre (38),38,137,Woburn (137)
2014,30-01-2014 10:30,Major Arterial,Scarborough,43.77502402,-79.23837672,No,Clear,Natural,Dry,Non-Fatal Injury,Driver,45 to 49,Major,West, , ,Yes, , , , ,Yes, , , , , ,Scarborough Centre (38),38,137,Woburn (137)
2014,30-01-2014 10:30,Major Arterial,Scarborough,43.77502402,-79.23837672,No,Clear,Natural,Dry,Non-Fatal Injury,Passenger,15 to 19,Major,Unknown, , ,Yes, , , , ,Yes, , , , , ,Scarborough Centre (38),38,137,Woburn (137)
2016,05-01-2016 10:30,Major Arterial,North York,43.80979498,-79.36679468,No,Clear,Artificial,Dry,Non-Fatal Injury,Driver,70 to 74,None,East,Yes, ,Yes, , , , , , , , , , ,Willowdale (24),24,48,Hillcrest Village (48)
2016,05-01-2016 10:30,Major Arterial,North York,43.80979498,-79.36679468,No,Clear,Artificial,Dry,Non-Fatal Injury,Pedestrian,60 to 64,Major,North,Yes, ,Yes, , , , , , , , , , ,Willowdale (24),24,48,Hillcrest Village (48)
2008,03-10-2008 09:30,Major Arterial,Etobicoke York,43.65024538,-79.48049029,Yes,Clear,Natural,Dry,Non-Fatal Injury,Driver,40 to 44,None,North,Yes, ,Yes, , , , , , , , , , ,Parkdale-High Park (13),13,89,Runnymede-Bloor West Village (89)
2008,03-10-2008 09:30,Major Arterial,Etobicoke York,43.65024538,-79.48049029,Yes,Clear,Natural,Dry,Non-Fatal Injury,Pedestrian,55 to 59,Major,Unknown,Yes, ,Yes, , , , , , , , , , ,Parkdale-High Park (13),13,89,Runnymede-Bloor West Village (89)
2013,16-01-2013 10:30,Major Arterial,Toronto East York,43.66724538,-79.44419029,No,Clear,Artificial,Dry,Non-Fatal Injury,Driver,60 to 64,Major,East, , ,Yes, , , , , , , , , , ,Davenport (18),18,93,Dovercourt-Wallace Emerson-Junction (93)
2013,16-01-2013 10:30,Major Arterial,Toronto East York,43.66724538,-79.44419029,No,Clear,Artificial,Dry,Non-Fatal Injury,Driver,50 to 54,Minimal,West, , ,Yes, , , , , , , , , , ,Davenport (18),18,93,Dovercourt-Wallace Emerson-Junction (93)
2007,31-03-2007 09:30,Major Arterial,Scarborough,43.75114538,-79.28629029,No,Clear,Natural,Dry,Fatal,Vehicle Owner,unknown,unknown,Unknown, , ,Yes, , , , , , ,Yes, , , ,Scarborough Centre (37),37,126,Dorset Park (126)
2007,31-03-2007 09:30,Major Arterial,Scarborough,43.75114538,-79.28629029,No,Clear,Natural,Dry,Fatal,Driver,30 to 34,Fatal,North, , ,Yes, , , , , , ,Yes, , , ,Scarborough Centre (37),37,126,Dorset Park (126)
2007,31-03-2007 09:30,Major Arterial,Scarborough,43.75114538,-79.28629029,No,Clear,Natural,Dry,Fatal,Driver,40 to 44,Minimal,South, , ,Yes, , , , , , ,Yes, , , ,Scarborough Centre (37),37,126,Dorset Park (126)
2007,08-11-2007 10:30,Major Arterial,Etobicoke York,43.74114538,-79.58939029,No,Clear,Natural,Dry,Non-Fatal Injury,Pedestrian,45 to 49,Major,South,Yes, ,Yes, , , , , , , , , , ,Etobicoke North (1),1,2,Mount Olive-Silverstone-Jamestown (2)
2007,08-11-2007 10:30,Major Arterial,Etobicoke York,43.74114538,-79.58939029,No,Clear,Natural,Dry,Non-Fatal Injury,Driver,25 to 29,None,West,Yes, ,Yes, , , , , , , , , , ,Etobicoke North (1),1,2,Mount Olive-Silverstone-Jamestown (2)
2012,23-11-2012 10:30,Minor Arterial,Etobicoke York,43.67154654,-79.44829188,Yes,Clear,Artificial,Dry,Fatal,Cyclist,35 to 39,Fatal,North, ,Yes,Yes, , , , , , ,Yes,Yes, , ,Davenport (17),17,93,Dovercourt-Wallace Emerson-Junction (93)
2012,23-11-2012 10:30,Minor Arterial,Etobicoke York,43.67154654,-79.44829188,Yes,Clear,Artificial,Dry,Fatal,Driver,60 to 64,None,East, ,Yes,Yes, , , , , , ,Yes,Yes, , ,Davenport (17),17,93,Dovercourt-Wallace Emerson-Junction (93)
2012,23-11-2012 10:30,Minor Arterial,Etobicoke York,43.67154654,-79.44829188,Yes,Clear,Artificial,Dry,Fatal,Driver,20 to 24,None,West, ,Yes,Yes, , , , , , ,Yes,Yes, , ,Davenport (17),17,93,Dovercourt-Wallace Emerson-Junction (93)
2014,15-02-2014 10:30,Major Arterial,No District,43.71665915,-79.29927454,Yes,Clear,Natural,Dry,Non-Fatal Injury,Driver,20 to 24,Minor,North, , ,Yes, , , , ,Yes, , , , , ,Scarborough Southwest (35),35,120,Clairlea-Birchmount (120)
2014,15-02-2014 10:30,Major Arterial,No District,43.71665915,-79.29927454,Yes,Clear,Natural,Dry,Non-Fatal Injury,Driver,40 to 44,Major,South, , ,Yes, , , , ,Yes, , , , , ,Scarborough Southwest (35),35,120,Clairlea-Birchmount (120)
2014,15-02-2014 10:30,Major Arterial,No District,43.71665915,-79.29927454,Yes,Clear,Natural,Dry,Non-Fatal Injury,Passenger,15 to 19,Minimal,Unknown, , ,Yes, , , , ,Yes, , , , , ,Scarborough Southwest (35),35,120,Clairlea-Birchmount (120)
2014,15-02-2014 10:30,Major Arterial,No District,43.71665915,-79.29927454,Yes,Clear,Natural,Dry,Non-Fatal Injury,Passenger,15 to 19,Minimal,Unknown, , ,Yes, , , , ,Yes, , , , , ,Scarborough Southwest (35),35,120,Clairlea-Birchmount (120)
2014,14-09-2014 09:30,Major Arterial,Etobicoke York,43.71701391,-79.53727351,Yes,Clear,Natural,Dry,Non-Fatal Injury,Driver,60 to 64,Minor,North, , ,Yes, , , , , , ,Yes,Yes, , ,York West (7),7,23,Pelmo Park-Humberlea (23)
2014,14-09-2014 09:30,Major Arterial,Etobicoke York,43.71701391,-79.53727351,Yes,Clear,Natural,Dry,Non-Fatal Injury,Driver,65 to 69,Major,East, , ,Yes, , , , , , ,Yes,Yes, , ,York West (7),7,23,Pelmo Park-Humberlea (23)
2014,05-05-2014 09:30,Major Arterial,Toronto East York,43.68340643,-79.31184778,Yes,Clear,Natural,Dry,Non-Fatal Injury,Driver,25 to 29,None,East, ,Yes,Yes, , , , ,Yes, ,Yes, , , ,Beaches-East York (32),32,64,Woodbine Corridor (64)
2014,05-05-2014 09:30,Major Arterial,Toronto East York,43.68340643,-79.31184778,Yes,Clear,Natural,Dry,Non-Fatal Injury,Passenger,25 to 29,None,Unknown, ,Yes,Yes, , , , ,Yes, ,Yes, , , ,Beaches-East York (32),32,64,Woodbine Corridor (64)
2014,05-05-2014 09:30,Major Arterial,Toronto East York,43.68340643,-79.31184778,Yes,Clear,Natural,Dry,Non-Fatal Injury,Passenger,unknown,None,Unknown, ,Yes,Yes, , , , ,Yes, ,Yes, , , ,Beaches-East York (32),32,64,Woodbine Corridor (64)
2014,05-05-2014 09:30,Major Arterial,Toronto East York,43.68340643,-79.31184778,Yes,Clear,Natural,Dry,Non-Fatal Injury,Passenger,unknown,None,Unknown, ,Yes,Yes, , , , ,Yes, ,Yes, , , ,Beaches-East York (32),32,64,Woodbine Corridor (64)
2014,05-05-2014 09:30,Major Arterial,Toronto East York,43.68340643,-79.31184778,Yes,Clear,Natural,Dry,Non-Fatal Injury,Cyclist,55 to 59,Major,South, ,Yes,Yes, , , , ,Yes, ,Yes, , , ,Beaches-East York (32),32,64,Woodbine Corridor (64)
2014,16-10-2014 09:30,Major Arterial,Scarborough,43.73522528,-79.27986536,Yes,Clear,Artificial,Dry,Non-Fatal Injury,Driver,65 to 69,None,East,Yes, ,Yes, , , , , , ,Yes, , , ,Scarborough Centre (37),37,119,Wexford/Maryvale (119)
2014,16-10-2014 09:30,Major Arterial,Scarborough,43.73522528,-79.27986536,Yes,Clear,Artificial,Dry,Non-Fatal Injury,Pedestrian,55 to 59,Major,West,Yes, ,Yes, , , , , , ,Yes, , , ,Scarborough Centre (37),37,119,Wexford/Maryvale (119)
2015,16-02-2015 10:30,Major Arterial,Scarborough,43.81212958,-79.3019372,Yes,Clear,Natural,Dry,Fatal,Driver,35 to 39,None,North,Yes, ,Yes, , , , , , ,Yes,Yes, , ,Scarborough-Agincourt (39),39,130,Milliken (130)
2015,16-02-2015 10:30,Major Arterial,Scarborough,43.81212958,-79.3019372,Yes,Clear,Natural,Dry,Fatal,Pedestrian,65 to 69,Fatal,East,Yes, ,Yes, , , , , , ,Yes,Yes, , ,Scarborough-Agincourt (39),39,130,Milliken (130)
2007,07-05-2007 09:30,Minor Arterial,Scarborough,43.77394538,-79.26839029,No,Clear,Natural,Dry,Non-Fatal Injury,Vehicle Owner,unknown,None,Unknown, , ,Yes, , , , ,Yes, , , ,Yes, ,Scarborough Centre (37),37,127,Bendale (127)
2007,07-05-2007 09:30,Minor Arterial,Scarborough,43.77394538,-79.26839029,No,Clear,Natural,Dry,Non-Fatal Injury,Passenger,45 to 49,Minor,Unknown, , ,Yes, , , , ,Yes, , , ,Yes, ,Scarborough Centre (37),37,127,Bendale (127)
2007,07-05-2007 09:30,Minor Arterial,Scarborough,43.77394538,-79.26839029,No,Clear,Natural,Dry,Non-Fatal Injury,Driver,40 to 44,Minor,East, , ,Yes, , , , ,Yes, , , ,Yes, ,Scarborough Centre (37),37,127,Bendale (127)
2007,07-05-2007 09:30,Minor Arterial,Scarborough,43.77394538,-79.26839029,No,Clear,Natural,Dry,Non-Fatal Injury,Vehicle Owner,unknown,None,Unknown, , ,Yes, , , , ,Yes, , , ,Yes, ,Scarborough Centre (37),37,127,Bendale (127)
2007,07-05-2007 09:30,Minor Arterial,Scarborough,43.77394538,-79.26839029,No,Clear,Natural,Dry,Non-Fatal Injury,Driver,25 to 29,Major,East, , ,Yes, , , , ,Yes, , , ,Yes, ,Scarborough Centre (37),37,127,Bendale (127)
2008,23-01-2008 10:30,Major Arterial,Etobicoke York,43.75784538,-79.60339029,Yes,Clear,Natural,Dry,Non-Fatal Injury,Driver,30 to 34,None,South,Yes, ,Yes, , , , , , , , , , ,Etobicoke North (1),1,1,West Humber-Clairville (1)
2008,23-01-2008 10:30,Major Arterial,Etobicoke York,43.75784538,-79.60339029,Yes,Clear,Natural,Dry,Non-Fatal Injury,Pedestrian,50 to 54,Major,West,Yes, ,Yes, , , , , , , , , , ,Etobicoke North (1),1,1,West Humber-Clairville (1)
2012,01-06-2012 09:30,Major Arterial,Etobicoke York,43.68829687,-79.48283778,Yes,Rain,Natural,Wet,Non-Fatal Injury,Vehicle Owner,unknown,unknown,Unknown, , ,Yes, , , , ,Yes, ,Yes,Yes, , ,York South-Weston (12),12,110,Keelesdale-Eglinton West (110)
2012,01-06-2012 09:30,Major Arterial,Etobicoke York,43.68829687,-79.48283778,Yes,Rain,Natural,Wet,Non-Fatal Injury,Driver,50 to 54,None,East, , ,Yes, , , , ,Yes, ,Yes,Yes, , ,York South-Weston (12),12,110,Keelesdale-Eglinton West (110)
2012,01-06-2012 09:30,Major Arterial,Etobicoke York,43.68829687,-79.48283778,Yes,Rain,Natural,Wet,Non-Fatal Injury,Passenger,55 to 59,Major,Unknown, , ,Yes, , , , ,Yes, ,Yes,Yes, , ,York South-Weston (12),12,110,Keelesdale-Eglinton West (110)
2012,01-06-2012 09:30,Major Arterial,Etobicoke York,43.68829687,-79.48283778,Yes,Rain,Natural,Wet,Non-Fatal Injury,Driver,45 to 49,Minor,South, , ,Yes, , , , ,Yes, ,Yes,Yes, , ,York South-Weston (12),12,110,Keelesdale-Eglinton West (110)
2012,01-06-2012 09:30,Major Arterial,Etobicoke York,43.68829687,-79.48283778,Yes,Rain,Natural,Wet,Non-Fatal Injury,Vehicle Owner,unknown,unknown,Unknown, , ,Yes, , , , ,Yes, ,Yes,Yes, , ,York South-Weston (12),12,110,Keelesdale-Eglinton West (110)
2012,01-06-2012 09:30,Major Arterial,Etobicoke York,43.68829687,-79.48283778,Yes,Rain,Natural,Wet,Non-Fatal Injury,Driver,40 to 44,Minor,East, , ,Yes, , , , ,Yes, ,Yes,Yes, , ,York South-Weston (12),12,110,Keelesdale-Eglinton West (110)
2014,14-11-2014 10:30,Major Arterial,North York,43.71835287,-79.42955408,No,Clear,Artificial,Dry,Non-Fatal Injury,Driver,60 to 64,None,North,Yes, ,Yes, , , , , , ,Yes, , , ,Eglinton-Lawrence (16),16,39,Bedford Park-Nortown (39)
2014,14-11-2014 10:30,Major Arterial,North York,43.71835287,-79.42955408,No,Clear,Artificial,Dry,Non-Fatal Injury,Pedestrian,50 to 54,Major,North,Yes, ,Yes, , , , , , ,Yes, , , ,Eglinton-Lawrence (16),16,39,Bedford Park-Nortown (39)
2015,10-03-2015 09:30,Minor Arterial,Toronto East York,43.68923147,-79.33273707,No,Clear,Artificial,Wet,Fatal,Pedestrian,85 to 89,Fatal,South,Yes, ,Yes, , , , , , , , , , ,Toronto-Danforth (29),29,59,Danforth East York (59)
2015,10-03-2015 09:30,Minor Arterial,Toronto East York,43.68923147,-79.33273707,No,Clear,Artificial,Wet,Fatal,Driver,75 to 79,None,West,Yes, ,Yes, , , , , , , , , , ,Toronto-Danforth (29),29,59,Danforth East York (59)
2017,02-05-2017 09:30,Collector,Etobicoke York,43.72806891,-79.57461176,Yes,Clear,Artificial,Dry,Non-Fatal Injury,Driver,45 to 49,None,East, ,Yes,Yes, , , , , , , , , , ,Etobicoke North (2),2,4,Rexdale-Kipling (4)
2017,02-05-2017 09:30,Collector,Etobicoke York,43.72806891,-79.57461176,Yes,Clear,Artificial,Dry,Non-Fatal Injury,Cyclist,60 to 64,Major,West, ,Yes,Yes, , , , , , , , , , ,Etobicoke North (2),2,4,Rexdale-Kipling (4)
2017,02-10-2017 09:30,Major Arterial,North York,43.69784506,-79.45109949,Yes,Clear,Natural,Dry,Non-Fatal Injury,Driver,35 to 39,None,North,Yes, ,Yes, , , , , ,Yes,Yes, , , ,Eglinton-Lawrence (15),15,108,Briar Hill-Belgravia (108)
2017,02-10-2017 09:30,Major Arterial,North York,43.69784506,-79.45109949,Yes,Clear,Natural,Dry,Non-Fatal Injury,Pedestrian,35 to 39,Major,East,Yes, ,Yes, , , , , ,Yes,Yes, , , ,Eglinton-Lawrence (15),15,108,Briar Hill-Belgravia (108)
2015,12-12-2015 10:30,Major Arterial,Toronto East York,43.65267142,-79.37807856,Yes,Clear,Artificial,Dry,Non-Fatal Injury,Driver,45 to 49,None,West,Yes, ,Yes, , , , , , , , , , ,Toronto Centre-Rosedale (28),28,75,Church-Yonge Corridor (75)
2015,12-12-2015 10:30,Major Arterial,Toronto East York,43.65267142,-79.37807856,Yes,Clear,Artificial,Dry,Non-Fatal Injury,Pedestrian,40 to 44,Major,Unknown,Yes, ,Yes, , , , , , , , , , ,Toronto Centre-Rosedale (28),28,75,Church-Yonge Corridor (75)
2007,31-12-2007 10:30,Major Arterial,North York,43.77334538,-79.53179029,Yes,Snow,Natural,Snow,Non-Fatal Injury,Driver,65 to 69,Major,East, , ,Yes, , , , , ,Yes,Yes, , , ,York West (8),8,24,Black Creek (24)
2007,31-12-2007 10:30,Major Arterial,North York,43.77334538,-79.53179029,Yes,Snow,Natural,Snow,Non-Fatal Injury,Driver,45 to 49,Major,East, , ,Yes, , , , , ,Yes,Yes, , , ,York West (8),8,24,Black Creek (24)
2012,05-06-2012 09:30,Minor Arterial,Toronto East York,43.67124538,-79.37639029,Yes,Clear,Natural,Dry,Non-Fatal Injury,Vehicle Owner,unknown,unknown,Unknown, , , , , ,Yes, ,Yes, , , , , ,Toronto Centre-Rosedale (28),28,74,North St.James Town (74)
2012,05-06-2012 09:30,Minor Arterial,Toronto East York,43.67124538,-79.37639029,Yes,Clear,Natural,Dry,Non-Fatal Injury,Driver,55 to 59,None,North, , , , , ,Yes, ,Yes, , , , , ,Toronto Centre-Rosedale (28),28,74,North St.James Town (74)
2012,05-06-2012 09:30,Minor Arterial,Toronto East York,43.67124538,-79.37639029,Yes,Clear,Natural,Dry,Non-Fatal Injury,Passenger,65 to 69,Major,Unknown, , , , , ,Yes, ,Yes, , , , , ,Toronto Centre-Rosedale (28),28,74,North St.James Town (74)
2012,13-09-2012 09:30,Major Arterial,Scarborough,43.76444538,-79.31809029,No,Clear,Natural,Dry,Non-Fatal Injury,Motorcycle Driver,20 to 24,Minor,North,Yes, , ,Yes, , , , , , , , , ,Scarborough-Agincourt (40),40,119,Wexford/Maryvale (119)
2012,13-09-2012 09:30,Major Arterial,Scarborough,43.76444538,-79.31809029,No,Clear,Natural,Dry,Non-Fatal Injury,Pedestrian,45 to 49,Major,West,Yes, , ,Yes, , , , , , , , , ,Scarborough-Agincourt (40),40,119,Wexford/Maryvale (119)
2009,29-06-2009 09:30,Major Arterial,Etobicoke York,43.71744538,-79.53839029,No,Clear,Natural,Dry,Non-Fatal Injury,Driver,30 to 34,Major,East, , ,Yes, , , , , , , , , ,Yes,York West (7),7,23,Pelmo Park-Humberlea (23)
2009,29-06-2009 09:30,Major Arterial,Etobicoke York,43.71744538,-79.53839029,No,Clear,Natural,Dry,Non-Fatal Injury,Other Property Owner,unknown,unknown,Unknown, , ,Yes, , , , , , , , , ,Yes,York West (7),7,23,Pelmo Park-Humberlea (23)
2015,23-04-2015 09:30,Minor Arterial,Scarborough,43.81220587,-79.22574244,Yes,Clear,Natural,Dry,Non-Fatal Injury,Driver,60 to 64,None,North,Yes, ,Yes, , , , , , , , , , ,Scarborough-Rouge River (42),42,132,Malvern (132)
2015,23-04-2015 09:30,Minor Arterial,Scarborough,43.81220587,-79.22574244,Yes,Clear,Natural,Dry,Non-Fatal Injury,Pedestrian,65 to 69,Major,West,Yes, ,Yes, , , , , , , , , , ,Scarborough-Rouge River (42),42,132,Malvern (132)
2016,10-05-2016 09:30,Major Arterial,Etobicoke York,43.75321921,-79.53622065,Yes,Clear,Natural,Dry,Non-Fatal Injury,Cyclist,30 to 34,Minimal,East, ,Yes,Yes, , , , , , , , , , ,York West (7),7,22,Humbermede (22)
2016,10-05-2016 09:30,Major Arterial,Etobicoke York,43.75321921,-79.53622065,Yes,Clear,Natural,Dry,Non-Fatal Injury,Driver,30 to 34,Major,East, ,Yes,Yes, , , , , , , , , , ,York West (7),7,22,Humbermede (22)
2016,22-11-2016 10:30,Major Arterial,Scarborough,43.71610983,-79.28273402,Yes,Clear,Artificial,Wet,Non-Fatal Injury,Driver,35 to 39,None,East,Yes, ,Yes, , , , ,Yes, , , , , ,Scarborough Southwest (35),35,120,Clairlea-Birchmount (120)
2016,22-11-2016 10:30,Major Arterial,Scarborough,43.71610983,-79.28273402,Yes,Clear,Artificial,Wet,Non-Fatal Injury,Pedestrian,70 to 74,Major,West,Yes, ,Yes, , , , ,Yes, , , , , ,Scarborough Southwest (35),35,120,Clairlea-Birchmount (120)
2016,22-11-2016 10:30,Major Arterial,Scarborough,43.71610983,-79.28273402,Yes,Clear,Artificial,Wet,Non-Fatal Injury,Passenger,50 to 54,None,Unknown,Yes, ,Yes, , , , ,Yes, , , , , ,Scarborough Southwest (35),35,120,Clairlea-Birchmount (120)
2007,23-10-2007 09:30,Major Arterial,North York,43.75824538,-79.41009029,Yes,Rain,Natural,Wet,Non-Fatal Injury,Vehicle Owner,unknown,unknown,Unknown,Yes, ,Yes, , , , , , ,Yes, , , ,Willowdale (23),23,51,Willowdale East (51)
2014,10-09-2014 09:30,Local,Toronto East York,43.65538748,-79.37986384,No,Clear,Artificial,Dry,Fatal,Pedestrian,25 to 29,Fatal,Unknown,Yes, , , ,Yes, , , , , , , , ,Toronto Centre-Rosedale (27),27,75,Church-Yonge Corridor (75)
2017,07-05-2017 09:30,Major Arterial,Toronto East York,43.65780238,-79.35468729,Yes,Clear,Artificial,Dry,Non-Fatal Injury,Driver,40 to 44,None,West, , ,Yes, , , , ,Yes, , , , , ,Toronto Centre-Rosedale (28),28,72,Regent Park (72)
2017,07-05-2017 09:30,Major Arterial,Toronto East York,43.65780238,-79.35468729,Yes,Clear,Artificial,Dry,Non-Fatal Injury,Driver,45 to 49,Minimal,West, , ,Yes, , , , ,Yes, , , , , ,Toronto Centre-Rosedale (28),28,72,Regent Park (72)
2017,07-05-2017 09:30,Major Arterial,Toronto East York,43.65780238,-79.35468729,Yes,Clear,Artificial,Dry,Non-Fatal Injury,Other,20 to 24,Major,Unknown, , ,Yes, , , , ,Yes, , , , , ,Toronto Centre-Rosedale (28),28,72,Regent Park (72)
2017,07-05-2017 09:30,Major Arterial,Toronto East York,43.65780238,-79.35468729,Yes,Clear,Artificial,Dry,Non-Fatal Injury,Passenger,20 to 24,Minimal,Unknown, , ,Yes, , , , ,Yes, , , , , ,Toronto Centre-Rosedale (28),28,72,Regent Park (72)
2017,07-05-2017 09:30,Major Arterial,Toronto East York,43.65780238,-79.35468729,Yes,Clear,Artificial,Dry,Non-Fatal Injury,Passenger,20 to 24,Minimal,Unknown, , ,Yes, , , , ,Yes, , , , , ,Toronto Centre-Rosedale (28),28,72,Regent Park (72)
2017,07-05-2017 09:30,Major Arterial,Toronto East York,43.65780238,-79.35468729,Yes,Clear,Artificial,Dry,Non-Fatal Injury,Passenger,55 to 59,Minimal,Unknown, , ,Yes, , , , ,Yes, , , , , ,Toronto Centre-Rosedale (28),28,72,Regent Park (72)
2017,07-05-2017 09:30,Major Arterial,Toronto East York,43.65780238,-79.35468729,Yes,Clear,Artificial,Dry,Non-Fatal Injury,Passenger,25 to 29,Minimal,Unknown, , ,Yes, , , , ,Yes, , , , , ,Toronto Centre-Rosedale (28),28,72,Regent Park (72)
2015,06-10-2015 09:30,Major Arterial,Scarborough,43.80516012,-79.20087061,No,Clear,Artificial,Dry,Fatal,Driver,50 to 54,Fatal,South, , ,Yes, , ,Yes, , , , , , , ,Scarborough-Rouge River (42),42,132,Malvern (132)
2015,06-10-2015 09:30,Major Arterial,Scarborough,43.80516012,-79.20087061,No,Clear,Artificial,Dry,Fatal,Driver,30 to 34,Minimal,South, , ,Yes, , ,Yes, , , , , , , ,Scarborough-Rouge River (42),42,132,Malvern (132)
2010,14-10-2010 09:30,Major Arterial,North York,43.78614538,-79.47479029,Yes,Rain,Natural,Wet,Non-Fatal Injury,Driver,45 to 49,None,East,Yes, ,Yes, , , , , , , , , , ,York West (8),8,27,York University Heights (27)
2010,14-10-2010 09:30,Major Arterial,North York,43.78614538,-79.47479029,Yes,Rain,Natural,Wet,Non-Fatal Injury,Pedestrian,60 to 64,Major,South,Yes, ,Yes, , , , , , , , , , ,York West (8),8,27,York University Heights (27)
2008,08-04-2008 09:30,Major Arterial,Etobicoke York,43.68234538,-79.44479029,Yes,Clear,Natural,Dry,Non-Fatal Injury,Driver,40 to 44,None,East,Yes, ,Yes, , , , , , ,Yes, , , ,Davenport (17),17,92,Corso Italia-Davenport (92)
2008,08-04-2008 09:30,Major Arterial,Etobicoke York,43.68234538,-79.44479029,Yes,Clear,Natural,Dry,Non-Fatal Injury,Pedestrian,65 to 69,Major,West,Yes, ,Yes, , , , , , ,Yes, , , ,Davenport (17),17,92,Corso Italia-Davenport (92)
2015,01-01-2015 10:30,Major Arterial,Etobicoke York,43.70617636,-79.4774972,No,Clear,Artificial,Dry,Non-Fatal Injury,Driver,20 to 24,Major,South, , ,Yes, , , , ,Yes,Yes,Yes, , , ,York South-Weston (12),12,30,Brookhaven-Amesbury (30)
2015,01-01-2015 10:30,Major Arterial,Etobicoke York,43.70617636,-79.4774972,No,Clear,Artificial,Dry,Non-Fatal Injury,Driver,30 to 34,Minor,North, , ,Yes, , , , ,Yes,Yes,Yes, , , ,York South-Weston (12),12,30,Brookhaven-Amesbury (30)
2015,01-01-2015 10:30,Major Arterial,Etobicoke York,43.70617636,-79.4774972,No,Clear,Artificial,Dry,Non-Fatal Injury,Passenger,20 to 24,Minor,Unknown, , ,Yes, , , , ,Yes,Yes,Yes, , , ,York South-Weston (12),12,30,Brookhaven-Amesbury (30)
2017,20-07-2017 09:30,Minor Arterial,Toronto East York,43.64049109,-79.39296351,Yes,Clear,Natural,Dry,Non-Fatal Injury,Driver,20 to 24,None,West,Yes, ,Yes, , , , , , , , , , ,Trinity-Spadina (20),20,77,Waterfront Communities-The Island (77)
2017,20-07-2017 09:30,Minor Arterial,Toronto East York,43.64049109,-79.39296351,Yes,Clear,Natural,Dry,Non-Fatal Injury,Pedestrian,30 to 34,Major,North,Yes, ,Yes, , , , , , , , , , ,Trinity-Spadina (20),20,77,Waterfront Communities-The Island (77)
2010,28-09-2010 09:30,Major Arterial,North York,43.74914538,-79.51569029,Yes,Clear,Natural,Dry,Non-Fatal Injury,Driver,55 to 59,Minimal,East,Yes, ,Yes, , , , , , ,Yes, , , ,York West (7),7,25,Glenfield-Jane Heights (25)
2010,28-09-2010 09:30,Major Arterial,North York,43.74914538,-79.51569029,Yes,Clear,Natural,Dry,Non-Fatal Injury,Pedestrian,55 to 59,Major,East,Yes, ,Yes, , , , , , ,Yes, , , ,York West (7),7,25,Glenfield-Jane Heights (25)
2011,02-11-2011 09:30,Minor Arterial,North York,43.68634538,-79.43839029,Yes,Clear,Natural,Dry,Non-Fatal Injury,Motorcycle Driver,65 to 69,Major,North, , ,Yes,Yes, , , , , ,Yes, , , ,Davenport (17),17,107,Oakwood Village (107)
2011,02-11-2011 09:30,Minor Arterial,North York,43.68634538,-79.43839029,Yes,Clear,Natural,Dry,Non-Fatal Injury,Driver,35 to 39,None,West, , ,Yes,Yes, , , , , ,Yes, , , ,Davenport (17),17,107,Oakwood Village (107)
2014,11-09-2014 09:30,Major Arterial,North York,43.78863867,-79.46317683,Yes,Clear,Artificial,Wet,Non-Fatal Injury,Driver,60 to 64,None,East, , ,Yes,Yes, , , , , , , , , ,York Centre (10),10,35,Westminster-Branson (35)
2014,11-09-2014 09:30,Major Arterial,North York,43.78863867,-79.46317683,Yes,Clear,Artificial,Wet,Non-Fatal Injury,Motorcycle Driver,40 to 44,Major,West, , ,Yes,Yes, , , , , , , , , ,York Centre (10),10,35,Westminster-Branson (35)
2013,11-01-2013 10:30,Major Arterial,Scarborough,43.79314538,-79.33139029,Yes,Rain,Natural,Wet,Non-Fatal Injury,Driver,70 to 74,None,East,Yes, ,Yes, , , , , , ,Yes, , , ,Scarborough-Agincourt (39),39,117,L'Amoreaux (117)