YEAR,DATE,ROAD_CLASS,District,LATITUDE,LONGITUDE,TRAFFCTL,VISIBILITY,LIGHT,RDSFCOND,ACCLASS,INVTYPE,INVAGE,INJURY,INITDIR,PEDESTRIAN,CYCLIST,AUTOMOBILE,MOTORCYCLE,TRUCK,TRSN_CITY_VEH,EMERG_VEH,PASSENGER,SPEEDING,AG_DRIV,REDLIGHT,ALCOHOL,DISABILITY,Ward_Name,Ward_ID,Hood_ID,Hood_Name
2010,12-03-2010 10:30,Expressway Ramp,Toronto East York,43.67274538,-79.35879029,No,Clear,Natural,Dry,Fatal,Vehicle Owner,unknown,unknown,Unknown, , , , ,Yes, , ,Yes,Yes,Yes, , , ,Toronto-Danforth (30),30,68,North Riverdale (68)
2010,12-03-2010 10:30,Expressway Ramp,Toronto East York,43.67274538,-79.35879029,No,Clear,Natural,Dry,Fatal,Truck Driver,30 to 34,Fatal,South, , , , ,Yes, , ,Yes,Yes,Yes, , , ,Toronto-Danforth (30),30,68,North Riverdale (68)
2010,12-03-2010 10:30,Expressway Ramp,Toronto East York,43.67274538,-79.35879029,No,Clear,Natural,Dry,Fatal,Other Property Owner,unknown,unknown,Unknown, , , , ,Yes, , ,Yes,Yes,Yes, , , ,Toronto-Danforth (30),30,68,North Riverdale (68)
2007,21-12-2007 10:30,Major Arterial,North York,43.73244538,-79.45729029,No,Clear,Natural,Dry,Non-Fatal Injury,Passenger,20 to 24,Minimal,Unknown, , ,Yes, ,Yes, , ,Yes, , , , , ,York Centre (9),9,26,Downsview-Roding-CFB (26)
2007,21-12-2007 10:30,Major Arterial,North York,43.73244538,-79.45729029,No,Clear,Natural,Dry,Non-Fatal Injury,Driver,20 to 24,Major,East, , ,Yes, ,Yes, , ,Yes, , , , , ,York Centre (9),9,26,Downsview-Roding-CFB (26)
2007,21-12-2007 10:30,Major Arterial,North York,43.73244538,-79.45729029,No,Clear,Natural,Dry,Non-Fatal Injury,Other,unknown,None,Unknown, , ,Yes, ,Yes, , ,Yes, , , , , ,York Centre (9),9,26,Downsview-Roding-CFB (26)
2007,21-12-2007 10:30,Major Arterial,North York,43.73244538,-79.45729029,No,Clear,Natural,Dry,Non-Fatal Injury,Other Property Owner,unknown,unknown,Unknown, , ,Yes, ,Yes, , ,Yes, , , , , ,York Centre (9),9,26,Downsview-Roding-CFB (26)
2007,21-12-2007 10:30,Major Arterial,North York,43.73244538,-79.45729029,No,Clear,Natural,Dry,Non-Fatal Injury,Vehicle Owner,unknown,unknown,Unknown, , ,Yes, ,Yes, , ,Yes, , , , , ,York Centre (9),9,26,Downsview-Roding-CFB (26)
2007,21-12-2007 10:30,Major Arterial,North York,43.73244538,-79.45729029,No,Clear,Natural,Dry,Non-Fatal Injury,Truck Driver,60 to 64,None,East, , ,Yes, ,Yes, , ,Yes, , , , , ,York Centre (9),9,26,Downsview-Roding-CFB (26)
2012,07-09-2012 09:30,Minor Arterial,Etobicoke York,43.62104538,-79.50039029,Yes,Clear,Artificial,Dry,Non-Fatal Injury,Motorcycle Driver,55 to 59,Major,South, , ,Yes,Yes, , , , ,Yes,Yes, , , ,Etobicoke-Lakeshore (6),6,17,Mimico (includes Humber Bay Shores) (17)
2012,07-09-2012 09:30,Minor Arterial,Etobicoke York,43.62104538,-79.50039029,Yes,Clear,Artificial,Dry,Non-Fatal Injury,Vehicle Owner,unknown,unknown,Unknown, , ,Yes,Yes, , , , ,Yes,Yes, , , ,Etobicoke-Lakeshore (6),6,17,Mimico (includes Humber Bay Shores) (17)
2012,07-09-2012 09:30,Minor Arterial,Etobicoke York,43.62104538,-79.50039029,Yes,Clear,Artificial,Dry,Non-Fatal Injury,Driver,55 to 59,None,North, , ,Yes,Yes, , , , ,Yes,Yes, , , ,Etobicoke-Lakeshore (6),6,17,Mimico (includes Humber Bay Shores) (17)
2017,20-01-2017 10:30,Minor Arterial,North York,43.69837149,-79.463482,Yes,Clear,Artificial,Dry,Non-Fatal Injury,Driver,50 to 54,Major,North, , ,Yes, , , , , ,Yes,Yes,Yes, , ,Eglinton-Lawrence (15),15,108,Briar Hill-Belgravia (108)
2017,20-01-2017 10:30,Minor Arterial,North York,43.69837149,-79.463482,Yes,Clear,Artificial,Dry,Non-Fatal Injury,Driver,30 to 34,None,West, , ,Yes, , , , , ,Yes,Yes,Yes, , ,Eglinton-Lawrence (15),15,108,Briar Hill-Belgravia (108)
2007,05-07-2007 09:30,Collector,Scarborough,43.80314538,-79.17689029,No,"Fog, Mist, Smoke, Dust",Natural,Dry,Fatal,Passenger,15 to 19,Minor,Unknown, , ,Yes, , , , ,Yes, , , , , ,Scarborough East (44),44,131,Rouge (131)
2007,05-07-2007 09:30,Collector,Scarborough,43.80314538,-79.17689029,No,"Fog, Mist, Smoke, Dust",Natural,Dry,Fatal,Driver,15 to 19,Fatal,North, , ,Yes, , , , ,Yes, , , , , ,Scarborough East (44),44,131,Rouge (131)
2007,05-07-2007 09:30,Collector,Scarborough,43.80314538,-79.17689029,No,"Fog, Mist, Smoke, Dust",Natural,Dry,Fatal,Other,55 to 59,None,East, , ,Yes, , , , ,Yes, , , , , ,Scarborough East (44),44,131,Rouge (131)
2015,12-06-2015 09:30,Minor Arterial,Toronto East York,43.68078192,-79.31074915,Yes,Clear,Artificial,Dry,Non-Fatal Injury,Driver,40 to 44,None,West, , ,Yes, , , , ,Yes, , , , , ,Beaches-East York (32),32,62,East End-Danforth (62)
2015,12-06-2015 09:30,Minor Arterial,Toronto East York,43.68078192,-79.31074915,Yes,Clear,Artificial,Dry,Non-Fatal Injury,Passenger,25 to 29,Major,Unknown, , ,Yes, , , , ,Yes, , , , , ,Beaches-East York (32),32,62,East End-Danforth (62)
2015,27-11-2015 10:30,Major Arterial,Toronto East York,43.70098456,-79.42554865,Yes,Clear,Natural,Dry,Fatal,Truck Driver,45 to 49,None,East,Yes, , , ,Yes, , , , ,Yes,Yes, , ,St. Paul's (21),21,101,Forest Hill South (101)
2015,27-11-2015 10:30,Major Arterial,Toronto East York,43.70098456,-79.42554865,Yes,Clear,Natural,Dry,Fatal,Pedestrian,20 to 24,Fatal,South,Yes, , , ,Yes, , , , ,Yes,Yes, , ,St. Paul's (21),21,101,Forest Hill South (101)
2012,16-03-2012 09:30,Major Arterial,Scarborough,43.77154538,-79.25129029,No,Clear,Artificial,Dry,Non-Fatal Injury,Driver,25 to 29,None,North, ,Yes,Yes, , , , , , ,Yes, , , ,Scarborough Centre (38),38,137,Woburn (137)
2012,16-03-2012 09:30,Major Arterial,Scarborough,43.77154538,-79.25129029,No,Clear,Artificial,Dry,Non-Fatal Injury,Cyclist,50 to 54,Major,North, ,Yes,Yes, , , , , , ,Yes, , , ,Scarborough Centre (38),38,137,Woburn (137)
2007,05-09-2007 09:30,Major Arterial,Toronto East York,43.66574538,-79.39339029,Yes,Rain,Natural,Wet,Non-Fatal Injury,Driver,75 to 79,Major,South, , ,Yes, , , , , ,Yes,Yes, , , ,Toronto Centre-Rosedale (27),27,76,Bay Street Corridor (76)
2008,18-05-2008 09:30,Major Arterial,North York,43.77844538,-79.42159029,No,Clear,Natural,Dry,Non-Fatal Injury,Driver,25 to 29,Major,West, , ,Yes, , , , , , , , , , ,Willowdale (23),23,36,Newtonbrook West (36)
2008,18-05-2008 09:30,Major Arterial,North York,43.77844538,-79.42159029,No,Clear,Natural,Dry,Non-Fatal Injury,Other Property Owner,unknown,unknown,Unknown, , ,Yes, , , , , , , , , , ,Willowdale (23),23,36,Newtonbrook West (36)
2009,26-09-2009 09:30,Major Arterial,Etobicoke York,43.75544538,-79.61409029,Yes,Clear,Natural,Dry,Non-Fatal Injury,Driver,50 to 54,None,South, , ,Yes, , , , ,Yes, ,Yes,Yes, , ,Etobicoke North (1),1,1,West Humber-Clairville (1)
2009,26-09-2009 09:30,Major Arterial,Etobicoke York,43.75544538,-79.61409029,Yes,Clear,Natural,Dry,Non-Fatal Injury,Driver,30 to 34,Minimal,West, , ,Yes, , , , ,Yes, ,Yes,Yes, , ,Etobicoke North (1),1,1,West Humber-Clairville (1)
2009,26-09-2009 09:30,Major Arterial,Etobicoke York,43.75544538,-79.61409029,Yes,Clear,Natural,Dry,Non-Fatal Injury,Passenger,25 to 29,Minimal,Unknown, , ,Yes, , , , ,Yes, ,Yes,Yes, , ,Etobicoke North (1),1,1,West Humber-Clairville (1)
2009,26-09-2009 09:30,Major Arterial,Etobicoke York,43.75544538,-79.61409029,Yes,Clear,Natural,Dry,Non-Fatal Injury,Driver,20 to 24,Major,South, , ,Yes, , , , ,Yes, ,Yes,Yes, , ,Etobicoke North (1),1,1,West Humber-Clairville (1)
2011,20-10-2011 09:30,Major Arterial,Toronto East York,43.65644538,-79.37709029,Yes,Rain,Natural,Wet,Non-Fatal Injury,Vehicle Owner,unknown,unknown,Unknown,Yes, ,Yes, , , , , , , , , , ,Toronto Centre-Rosedale (27),27,75,Church-Yonge Corridor (75)
2011,20-10-2011 09:30,Major Arterial,Toronto East York,43.65644538,-79.37709029,Yes,Rain,Natural,Wet,Non-Fatal Injury,Driver,50 to 54,None,South,Yes, ,Yes, , , , , , , , , , ,Toronto Centre-Rosedale (27),27,75,Church-Yonge Corridor (75)
2011,20-10-2011 09:30,Major Arterial,Toronto East York,43.65644538,-79.37709029,Yes,Rain,Natural,Wet,Non-Fatal Injury,Pedestrian,40 to 44,Major,East,Yes, ,Yes, , , , , , , , , , ,Toronto Centre-Rosedale (27),27,75,Church-Yonge Corridor (75)
2012,11-12-2012 10:30,Major Arterial,Toronto East York,43.64144538,-79.38089029,Yes,Clear,Natural,Dry,Non-Fatal Injury,Driver,35 to 39,None,West,Yes, ,Yes, , , , , , ,Yes, , , ,Trinity-Spadina (20),20,77,Waterfront Communities-The Island (77)
2012,11-12-2012 10:30,Major Arterial,Toronto East York,43.64144538,-79.38089029,Yes,Clear,Natural,Dry,Non-Fatal Injury,Pedestrian,45 to 49,Major,East,Yes, ,Yes, , , , , , ,Yes, , , ,Trinity-Spadina (20),20,77,Waterfront Communities-The Island (77)
2013,02-06-2013 09:30,Major Arterial,Toronto East York,43.64884538,-79.40459029,Yes,Rain,Artificial,Wet,Non-Fatal Injury,Vehicle Owner,unknown,unknown,Unknown, ,Yes,Yes, , , , , , ,Yes, , , ,Trinity-Spadina (20),20,78,Kensington-Chinatown (78)
2013,02-06-2013 09:30,Major Arterial,Toronto East York,43.64884538,-79.40459029,Yes,Rain,Artificial,Wet,Non-Fatal Injury,Driver,25 to 29,None,North, ,Yes,Yes, , , , , , ,Yes, , , ,Trinity-Spadina (20),20,78,Kensington-Chinatown (78)
2013,02-06-2013 09:30,Major Arterial,Toronto East York,43.64884538,-79.40459029,Yes,Rain,Artificial,Wet,Non-Fatal Injury,Cyclist,35 to 39,Major,South, ,Yes,Yes, , , , , , ,Yes, , , ,Trinity-Spadina (20),20,78,Kensington-Chinatown (78)
2011,06-05-2011 09:30,Major Arterial,Etobicoke York,43.68154538,-79.47679029,Yes,Clear,Natural,Dry,Non-Fatal Injury,Driver,60 to 64,None,West,Yes, ,Yes, , , , , , ,Yes, , , ,York South-Weston (11),11,111,Rockcliffe-Smythe (111)
2011,06-05-2011 09:30,Major Arterial,Etobicoke York,43.68154538,-79.47679029,Yes,Clear,Natural,Dry,Non-Fatal Injury,Pedestrian,30 to 34,Major,North,Yes, ,Yes, , , , , , ,Yes, , , ,York South-Weston (11),11,111,Rockcliffe-Smythe (111)
2011,20-04-2011 09:30,Major Arterial,Scarborough,43.78534538,-79.23519029,No,Rain,Natural,Wet,Non-Fatal Injury,Driver,50 to 54,None,North, ,Yes,Yes, , , , , ,Yes,Yes, , , ,Scarborough Centre (38),38,137,Woburn (137)
2011,20-04-2011 09:30,Major Arterial,Scarborough,43.78534538,-79.23519029,No,Rain,Natural,Wet,Non-Fatal Injury,Cyclist,35 to 39,Major,North, ,Yes,Yes, , , , , ,Yes,Yes, , , ,Scarborough Centre (38),38,137,Woburn (137)
2009,24-08-2009 09:30,Major Arterial,North York,43.72234538,-79.50899029,No,Clear,Natural,Dry,Non-Fatal Injury,Vehicle Owner,unknown,unknown,Unknown,Yes, ,Yes, , , , , , , , , , ,York West (7),7,26,Downsview-Roding-CFB (26)
2009,24-08-2009 09:30,Major Arterial,North York,43.72234538,-79.50899029,No,Clear,Natural,Dry,Non-Fatal Injury,Driver,65 to 69,None,North,Yes, ,Yes, , , , , , , , , , ,York West (7),7,26,Downsview-Roding-CFB (26)
2009,24-08-2009 09:30,Major Arterial,North York,43.72234538,-79.50899029,No,Clear,Natural,Dry,Non-Fatal Injury,Pedestrian,20 to 24,Major,Unknown,Yes, ,Yes, , , , , , , , , , ,York West (7),7,26,Downsview-Roding-CFB (26)
2009,08-12-2009 10:30,Major Arterial,Etobicoke York,43.74324538,-79.58209029,Yes,Clear,Natural,Dry,Fatal,Vehicle Owner,unknown,unknown,Unknown,Yes, ,Yes, , , , , , , , , , ,Etobicoke North (1),1,3,Thistletown-Beaumond Heights (3)
2009,08-12-2009 10:30,Major Arterial,Etobicoke York,43.74324538,-79.58209029,Yes,Clear,Natural,Dry,Fatal,Driver,60 to 64,None,South,Yes, ,Yes, , , , , , , , , , ,Etobicoke North (1),1,3,Thistletown-Beaumond Heights (3)
2009,08-12-2009 10:30,Major Arterial,Etobicoke York,43.74324538,-79.58209029,Yes,Clear,Natural,Dry,Fatal,Pedestrian,70 to 74,Fatal,North,Yes, ,Yes, , , , , , , , , , ,Etobicoke North (1),1,3,Thistletown-Beaumond Heights (3)
2011,10-10-2011 09:30,Major Arterial,Scarborough,43.80124538,-79.29659029,Yes,Clear,Artificial,Dry,Fatal,Passenger,20 to 24,Minor,Unknown, , ,Yes, , , , ,Yes, , , , , ,Scarborough-Agincourt (39),39,117,L'Amoreaux (117)
2011,10-10-2011 09:30,Major Arterial,Scarborough,43.80124538,-79.29659029,Yes,Clear,Artificial,Dry,Fatal,Driver,25 to 29,Fatal,South, , ,Yes, , , , ,Yes, , , , , ,Scarborough-Agincourt (39),39,117,L'Amoreaux (117)
2011,10-10-2011 09:30,Major Arterial,Scarborough,43.80124538,-79.29659029,Yes,Clear,Artificial,Dry,Fatal,Other Property Owner,unknown,unknown,Unknown, , ,Yes, , , , ,Yes, , , , , ,Scarborough-Agincourt (39),39,117,L'Amoreaux (117)
2009,22-06-2009 09:30,Expressway,Etobicoke York,43.61804538,-79.52479029,No,Clear,Natural,Dry,Non-Fatal Injury,Motorcycle Driver,25 to 29,Major,East, , ,Yes,Yes, , , , ,Yes,Yes, , , ,Etobicoke-Lakeshore (6),6,17,Mimico (includes Humber Bay Shores) (17)
2015,14-04-2015 09:30,Local,Etobicoke York,43.62590368,-79.49511347,No,Clear,Artificial,Dry,Non-Fatal Injury,Driver,35 to 39,unknown,North,Yes, ,Yes, , , , , , , , , , ,Etobicoke-Lakeshore (5),5,16,Stonegate-Queensway (16)
2009,22-06-2009 09:30,Expressway,Etobicoke York,43.61804538,-79.52479029,No,Clear,Natural,Dry,Non-Fatal Injury,Driver,40 to 44,None,East, , ,Yes,Yes, , , , ,Yes,Yes, , , ,Etobicoke-Lakeshore (6),6,17,Mimico (includes Humber Bay Shores) (17)
2015,14-04-2015 09:30,Local,Etobicoke York,43.62590368,-79.49511347,No,Clear,Artificial,Dry,Non-Fatal Injury,Pedestrian,25 to 29,Major,Unknown,Yes, ,Yes, , , , , , , , , , ,Etobicoke-Lakeshore (5),5,16,Stonegate-Queensway (16)
2015,07-05-2015 09:30,Minor Arterial,Toronto East York,43.67114599,-79.36440668,No,Clear,Artificial,Dry,Non-Fatal Injury,Motorcycle Passenger,20 to 24,Major,Unknown, , , ,Yes, , , ,Yes,Yes,Yes, , , ,Toronto Centre-Rosedale (28),28,71,Cabbagetown-South St.James Town (71)
2010,24-03-2010 09:30,Minor Arterial,Scarborough,43.80904538,-79.16769029,No,Clear,Natural,Wet,Non-Fatal Injury,Vehicle Owner,unknown,unknown,Unknown, , , ,Yes, , , , , , , , , ,Scarborough East (44),44,131,Rouge (131)
2015,07-05-2015 09:30,Minor Arterial,Toronto East York,43.67114599,-79.36440668,No,Clear,Artificial,Dry,Non-Fatal Injury,Motorcycle Driver,25 to 29,Major,West, , , ,Yes, , , ,Yes,Yes,Yes, , , ,Toronto Centre-Rosedale (28),28,71,Cabbagetown-South St.James Town (71)
2010,24-03-2010 09:30,Minor Arterial,Scarborough,43.80904538,-79.16769029,No,Clear,Natural,Wet,Non-Fatal Injury,Motorcycle Driver,55 to 59,Major,West, , , ,Yes, , , , , , , , , ,Scarborough East (44),44,131,Rouge (131)
2009,25-10-2009 09:30,Major Arterial,Etobicoke York,43.68064538,-79.44419029,Yes,Clear,Natural,Dry,Non-Fatal Injury,Driver,45 to 49,Minor,South, , ,Yes, , , , ,Yes, ,Yes, , , ,Davenport (17),17,92,Corso Italia-Davenport (92)
2010,24-03-2010 09:30,Minor Arterial,Scarborough,43.80904538,-79.16769029,No,Clear,Natural,Wet,Non-Fatal Injury,Other Property Owner,unknown,unknown,Unknown, , , ,Yes, , , , , , , , , ,Scarborough East (44),44,131,Rouge (131)
2009,25-10-2009 09:30,Major Arterial,Etobicoke York,43.68064538,-79.44419029,Yes,Clear,Natural,Dry,Non-Fatal Injury,Passenger,15 to 19,Minor,Unknown, , ,Yes, , , , ,Yes, ,Yes, , , ,Davenport (17),17,92,Corso Italia-Davenport (92)
2011,29-01-2011 10:30,Major Arterial,Toronto East York,43.66174538,-79.42689029,No,Clear,Natural,Dry,Fatal,Vehicle Owner,unknown,unknown,Unknown,Yes, , , , ,Yes, , , ,Yes, , , ,Trinity-Spadina (19),19,93,Dovercourt-Wallace Emerson-Junction (93)
2009,25-10-2009 09:30,Major Arterial,Etobicoke York,43.68064538,-79.44419029,Yes,Clear,Natural,Dry,Non-Fatal Injury,Passenger,25 to 29,Minor,Unknown, , ,Yes, , , , ,Yes, ,Yes, , , ,Davenport (17),17,92,Corso Italia-Davenport (92)
2011,29-01-2011 10:30,Major Arterial,Toronto East York,43.66174538,-79.42689029,No,Clear,Natural,Dry,Fatal,Driver,35 to 39,None,West,Yes, , , , ,Yes, , , ,Yes, , , ,Trinity-Spadina (19),19,93,Dovercourt-Wallace Emerson-Junction (93)
2011,29-01-2011 10:30,Major Arterial,Toronto East York,43.66174538,-79.42689029,No,Clear,Natural,Dry,Fatal,Pedestrian,60 to 64,Fatal,East,Yes, , , , ,Yes, , , ,Yes, , , ,Trinity-Spadina (19),19,93,Dovercourt-Wallace Emerson-Junction (93)
2011,27-11-2011 10:30,Local,Scarborough,43.75714538,-79.19569029,Yes,Rain,Natural,Wet,Non-Fatal Injury,Vehicle Owner,unknown,None,Unknown, ,Yes,Yes, , , , , , , , , , ,Scarborough East (43),43,136,West Hill (136)
2011,27-11-2011 10:30,Local,Scarborough,43.75714538,-79.19569029,Yes,Rain,Natural,Wet,Non-Fatal Injury,Driver,30 to 34,None,West, ,Yes,Yes, , , , , , , , , , ,Scarborough East (43),43,136,West Hill (136)
2011,27-11-2011 10:30,Local,Scarborough,43.75714538,-79.19569029,Yes,Rain,Natural,Wet,Non-Fatal Injury,Cyclist,50 to 54,Major,South, ,Yes,Yes, , , , , , , , , , ,Scarborough East (43),43,136,West Hill (136)
2013,14-09-2013 09:30,Local,North York,43.75946387,-79.51122675,No,Clear,Natural,Dry,Non-Fatal Injury,Driver,20 to 24,Major,East, , ,Yes, , , , , ,Yes,Yes, , , ,York West (8),8,24,Black Creek (24)
2013,14-09-2013 09:30,Local,North York,43.75946387,-79.51122675,No,Clear,Natural,Dry,Non-Fatal Injury,Other,70 to 74,None,East, , ,Yes, , , , , ,Yes,Yes, , , ,York West (8),8,24,Black Creek (24)
2015,27-04-2015 09:30,Major Arterial,Scarborough,43.80801733,-79.26649866,Yes,Clear,Natural,Dry,Non-Fatal Injury,Driver,15 to 19,Minimal,North, , ,Yes, , , , ,Yes, , , , , ,Scarborough-Rouge River (41),41,129,Agincourt North (129)
2015,27-04-2015 09:30,Major Arterial,Scarborough,43.80801733,-79.26649866,Yes,Clear,Natural,Dry,Non-Fatal Injury,Driver,25 to 29,Minimal,South, , ,Yes, , , , ,Yes, , , , , ,Scarborough-Rouge River (41),41,129,Agincourt North (129)
2015,27-04-2015 09:30,Major Arterial,Scarborough,43.80801733,-79.26649866,Yes,Clear,Natural,Dry,Non-Fatal Injury,Passenger,20 to 24,Minimal,Unknown, , ,Yes, , , , ,Yes, , , , , ,Scarborough-Rouge River (41),41,129,Agincourt North (129)
2015,27-04-2015 09:30,Major Arterial,Scarborough,43.80801733,-79.26649866,Yes,Clear,Natural,Dry,Non-Fatal Injury,Passenger,15 to 19,Major,Unknown, , ,Yes, , , , ,Yes, , , , , ,Scarborough-Rouge River (41),41,129,Agincourt North (129)
2017,24-09-2017 09:30,Major Arterial,North York,43.79093138,-79.41829329,Yes,Clear,Artificial,Dry,Non-Fatal Injury,Driver,25 to 29,None,North,Yes, ,Yes, , , , , ,Yes,Yes, , , ,Willowdale (24),24,50,Newtonbrook East (50)
2017,24-09-2017 09:30,Major Arterial,North York,43.79093138,-79.41829329,Yes,Clear,Artificial,Dry,Non-Fatal Injury,Pedestrian,30 to 34,Major,Unknown,Yes, ,Yes, , , , , ,Yes,Yes, , , ,Willowdale (24),24,50,Newtonbrook East (50)
2017,24-09-2017 09:30,Major Arterial,North York,43.79093138,-79.41829329,Yes,Clear,Artificial,Dry,Non-Fatal Injury,Pedestrian,30 to 34,Major,Unknown,Yes, ,Yes, , , , , ,Yes,Yes, , , ,Willowdale (24),24,50,Newtonbrook East (50)
2008,24-03-2008 09:30,Minor Arterial,Scarborough,43.81424538,-79.23709029,Yes,Clear,Natural,Dry,Non-Fatal Injury,Driver,45 to 49,Major,South, , ,Yes, , , , , , , , , , ,Scarborough-Rouge River (42),42,131,Rouge (131)
2008,24-03-2008 09:30,Minor Arterial,Scarborough,43.81424538,-79.23709029,Yes,Clear,Natural,Dry,Non-Fatal Injury,Vehicle Owner,unknown,unknown,Unknown, , ,Yes, , , , , , , , , , ,Scarborough-Rouge River (42),42,131,Rouge (131)
2008,24-03-2008 09:30,Minor Arterial,Scarborough,43.81424538,-79.23709029,Yes,Clear,Natural,Dry,Non-Fatal Injury,Driver,45 to 49,None,South, , ,Yes, , , , , , , , , , ,Scarborough-Rouge River (42),42,131,Rouge (131)
2008,24-03-2008 09:30,Minor Arterial,Scarborough,43.81424538,-79.23709029,Yes,Clear,Natural,Dry,Non-Fatal Injury,Vehicle Owner,unknown,unknown,Unknown, , ,Yes, , , , , , , , , , ,Scarborough-Rouge River (42),42,131,Rouge (131)
2008,24-03-2008 09:30,Minor Arterial,Scarborough,43.81424538,-79.23709029,Yes,Clear,Natural,Dry,Non-Fatal Injury,Driver,55 to 59,None,East, , ,Yes, , , , , , , , , , ,Scarborough-Rouge River (42),42,131,Rouge (131)
2008,24-03-2008 09:30,Minor Arterial,Scarborough,43.81424538,-79.23709029,Yes,Clear,Natural,Dry,Non-Fatal Injury,Driver,15 to 19,None,North, , ,Yes, , , , , , , , , , ,Scarborough-Rouge River (42),42,131,Rouge (131)
2009,12-02-2009 10:30,Minor Arterial,Scarborough,43.82734538,-79.26519029,No,Rain,Natural,Wet,Non-Fatal Injury,Driver,0 to 4,Major,South, , , , , , , , , , , , , ,Scarborough-Rouge River (41),41,130,Milliken (130)
2009,12-02-2009 10:30,Minor Arterial,Scarborough,43.82734538,-79.26519029,No,Rain,Natural,Wet,Non-Fatal Injury,Other Property Owner,unknown,unknown,Unknown, , , , , , , , , , , , , ,Scarborough-Rouge River (41),41,130,Milliken (130)
2011,15-06-2011 09:30,Expressway,Toronto East York,43.64904538,-79.35679029,No,Clear,Natural,Dry,Non-Fatal Injury,Motorcycle Driver,25 to 29,Major,East, , ,Yes,Yes, , , , , , , , , ,Toronto Centre-Rosedale (28),28,77,Waterfront Communities-The Island (77)
2011,15-06-2011 09:30,Expressway,Toronto East York,43.64904538,-79.35679029,No,Clear,Natural,Dry,Non-Fatal Injury,Other,unknown,None,Unknown, , ,Yes,Yes, , , , , , , , , ,Toronto Centre-Rosedale (28),28,77,Waterfront Communities-The Island (77)
2013,28-07-2013 09:30,Major Arterial,North York,43.77494391,-79.34788904,No,Rain,Artificial,Wet,Fatal,Passenger,25 to 29,None,Unknown,Yes, ,Yes, , , , ,Yes, , , , , ,Don Valley East (33),33,47,Don Valley Village (47)
2013,28-07-2013 09:30,Major Arterial,North York,43.77494391,-79.34788904,No,Rain,Artificial,Wet,Fatal,Driver,40 to 44,None,East,Yes, ,Yes, , , , ,Yes, , , , , ,Don Valley East (33),33,47,Don Valley Village (47)
2013,28-07-2013 09:30,Major Arterial,North York,43.77494391,-79.34788904,No,Rain,Artificial,Wet,Fatal,Pedestrian,80 to 84,Fatal,South,Yes, ,Yes, , , , ,Yes, , , , , ,Don Valley East (33),33,47,Don Valley Village (47)
2013,23-11-2013 10:30,Expressway,Etobicoke York,43.66929587,-79.57491694,No,Clear,Artificial,Dry,Non-Fatal Injury,Driver,25 to 29,Major,South, , ,Yes, , , , , , , , ,Yes, ,Etobicoke Centre (3),3,11,Eringate-Centennial-West Deane (11)
2015,26-09-2015 09:30,Major Arterial,Etobicoke York,43.64589651,-79.56166468,Yes,Clear,Artificial,Dry,Fatal,Driver,30 to 34,Fatal,East, , ,Yes, , , , , ,Yes,Yes,Yes,Yes, ,Etobicoke-Lakeshore (5),5,14,Islington-City Centre West (14)
2015,26-09-2015 09:30,Major Arterial,Etobicoke York,43.64589651,-79.56166468,Yes,Clear,Artificial,Dry,Fatal,Driver,20 to 24,Major,North, , ,Yes, , , , , ,Yes,Yes,Yes,Yes, ,Etobicoke-Lakeshore (5),5,14,Islington-City Centre West (14)
2007,02-06-2007 09:30,Major Arterial,Toronto East York,43.67424353,-79.36748896,No,Clear,Natural,Dry,Fatal,Vehicle Owner,unknown,unknown,Unknown, , , ,Yes, , , , ,Yes,Yes, , , ,Toronto Centre-Rosedale (27),27,71,Cabbagetown-South St.James Town (71)
2007,02-06-2007 09:30,Major Arterial,Toronto East York,43.67424353,-79.36748896,No,Clear,Natural,Dry,Fatal,Motorcycle Driver,25 to 29,Fatal,West, , , ,Yes, , , , ,Yes,Yes, , , ,Toronto Centre-Rosedale (27),27,71,Cabbagetown-South St.James Town (71)
2009,09-02-2009 10:30,Major Arterial,Toronto East York,43.67994538,-79.34529029,No,Clear,Natural,Dry,Non-Fatal Injury,Driver,35 to 39,None,North,Yes, ,Yes, , , , , , , , , , ,Toronto-Danforth (29),29,67,Playter Estates-Danforth (67)
2009,09-02-2009 10:30,Major Arterial,Toronto East York,43.67994538,-79.34529029,No,Clear,Natural,Dry,Non-Fatal Injury,Pedestrian,70 to 74,Major,West,Yes, ,Yes, , , , , , , , , , ,Toronto-Danforth (29),29,67,Playter Estates-Danforth (67)
2014,18-12-2014 10:30,Minor Arterial,Toronto East York,43.6508251,-79.44395075,No,Clear,Artificial,Wet,Non-Fatal Injury,Driver,40 to 44,Major,East, , ,Yes, , ,Yes, , , , , , , ,Parkdale-High Park (14),14,84,Little Portugal (84)
2014,18-12-2014 10:30,Minor Arterial,Toronto East York,43.6508251,-79.44395075,No,Clear,Artificial,Wet,Non-Fatal Injury,Driver,35 to 39,None,West, , ,Yes, , ,Yes, , , , , , , ,Parkdale-High Park (14),14,84,Little Portugal (84)
2015,30-05-2015 09:30,Minor Arterial,Toronto East York,43.65721472,-79.45267115,No,Clear,Artificial,Dry,Non-Fatal Injury,Cyclist,50 to 54,Major,West, ,Yes,Yes, , , , , , , , , , ,Parkdale-High Park (14),14,88,High Park North (88)
2015,30-05-2015 09:30,Minor Arterial,Toronto East York,43.65721472,-79.45267115,No,Clear,Artificial,Dry,Non-Fatal Injury,Driver,40 to 44,None,North, ,Yes,Yes, , , , , , , , , , ,Parkdale-High Park (14),14,88,High Park North (88)