YEAR,DATE,ROAD_CLASS,District,LATITUDE,LONGITUDE,TRAFFCTL,VISIBILITY,LIGHT,RDSFCOND,ACCLASS,INVTYPE,INVAGE,INJURY,INITDIR,PEDESTRIAN,CYCLIST,AUTOMOBILE,MOTORCYCLE,TRUCK,TRSN_CITY_VEH,EMERG_VEH,PASSENGER,SPEEDING,AG_DRIV,REDLIGHT,ALCOHOL,DISABILITY,Ward_Name,Ward_ID,Hood_ID,Hood_Name
2013,27-06-2013 09:30,Major Arterial,Scarborough,43.7277828,-79.25246821,No,Clear,Natural,Dry,Non-Fatal Injury,Pedestrian,unknown,Major,North,Yes, ,Yes, , , , , , , , , , ,Scarborough Southwest (35),35,124,Kennedy Park (124)
2013,27-06-2013 09:30,Major Arterial,Scarborough,43.7277828,-79.25246821,No,Clear,Natural,Dry,Non-Fatal Injury,Driver,unknown,None,West,Yes, ,Yes, , , , , , , , , , ,Scarborough Southwest (35),35,124,Kennedy Park (124)
2013,15-08-2013 09:30,Minor Arterial,North York,43.78054538,-79.40669029,No,Clear,Artificial,Dry,Fatal,Vehicle Owner,unknown,unknown,Unknown, , ,Yes,Yes, , , , ,Yes,Yes, , , ,Willowdale (23),23,51,Willowdale East (51)
2013,15-08-2013 09:30,Minor Arterial,North York,43.78054538,-79.40669029,No,Clear,Artificial,Dry,Fatal,Driver,65 to 69,None,South, , ,Yes,Yes, , , , ,Yes,Yes, , , ,Willowdale (23),23,51,Willowdale East (51)
2013,15-08-2013 09:30,Minor Arterial,North York,43.78054538,-79.40669029,No,Clear,Artificial,Dry,Fatal,Vehicle Owner,unknown,unknown,Unknown, , ,Yes,Yes, , , , ,Yes,Yes, , , ,Willowdale (23),23,51,Willowdale East (51)
2013,15-08-2013 09:30,Minor Arterial,North York,43.78054538,-79.40669029,No,Clear,Artificial,Dry,Fatal,Motorcycle Driver,20 to 24,Fatal,North, , ,Yes,Yes, , , , ,Yes,Yes, , , ,Willowdale (23),23,51,Willowdale East (51)
2014,21-04-2014 09:30,Major Arterial,North York,43.74212607,-79.30978785,Yes,Clear,Artificial,Dry,Non-Fatal Injury,Driver,40 to 44,None,West,Yes, ,Yes, , , , ,Yes, ,Yes, , , ,Don Valley East (34),34,43,Victoria Village (43)
2014,21-04-2014 09:30,Major Arterial,North York,43.74212607,-79.30978785,Yes,Clear,Artificial,Dry,Non-Fatal Injury,Passenger,15 to 19,None,Unknown,Yes, ,Yes, , , , ,Yes, ,Yes, , , ,Don Valley East (34),34,43,Victoria Village (43)
2014,21-04-2014 09:30,Major Arterial,North York,43.74212607,-79.30978785,Yes,Clear,Artificial,Dry,Non-Fatal Injury,Pedestrian,55 to 59,Major,West,Yes, ,Yes, , , , ,Yes, ,Yes, , , ,Don Valley East (34),34,43,Victoria Village (43)
2017,25-05-2017 09:30,Major Arterial,North York,43.71105917,-79.39118586,Yes,Rain,Artificial,Wet,Non-Fatal Injury,Cyclist,65 to 69,Major,North, ,Yes,Yes, , , , ,Yes, ,Yes, , , ,St. Paul's (22),22,99,Mount Pleasant East (99)
2017,11-05-2017 09:30,Minor Arterial,Toronto East York,43.65103838,-79.44000629,Yes,Clear,Artificial,Dry,Non-Fatal Injury,Pedestrian,25 to 29,Major,Unknown,Yes, ,Yes, , , , , , , , , , ,Davenport (18),18,83,Dufferin Grove (83)
2007,03-09-2007 09:30,Minor Arterial,Toronto East York,43.66134538,-79.35759029,No,Clear,Natural,Dry,Non-Fatal Injury,Vehicle Owner,unknown,None,Unknown, , ,Yes, , , , , , , , , , ,Toronto Centre-Rosedale (28),28,72,Regent Park (72)
2016,03-11-2016 09:30,Expressway Ramp,North York,43.7274967,-79.44947443,Yes,Clear,Natural,Dry,Non-Fatal Injury,Driver,20 to 24,Major,South, , ,Yes, , , , , , , , , , ,Eglinton-Lawrence (15),15,31,Yorkdale-Glen Park (31)
2011,23-07-2011 09:30,Major Arterial,Etobicoke York,43.71134538,-79.59299029,No,Rain,Artificial,Wet,Non-Fatal Injury,Driver,45 to 49,None,South,Yes, ,Yes, , , , , , , , , , ,Etobicoke North (2),2,1,West Humber-Clairville (1)
2011,23-07-2011 09:30,Major Arterial,Etobicoke York,43.71134538,-79.59299029,No,Rain,Artificial,Wet,Non-Fatal Injury,Pedestrian,65 to 69,Major,West,Yes, ,Yes, , , , , , , , , , ,Etobicoke North (2),2,1,West Humber-Clairville (1)
2009,02-09-2009 09:30,Major Arterial,Etobicoke York,43.75174538,-79.54409029,No,Clear,Natural,Dry,Non-Fatal Injury,Driver,25 to 29,None,East,Yes, ,Yes, , , , , ,Yes,Yes, ,Yes, ,York West (7),7,22,Humbermede (22)
2009,02-09-2009 09:30,Major Arterial,Etobicoke York,43.75174538,-79.54409029,No,Clear,Natural,Dry,Non-Fatal Injury,Pedestrian,25 to 29,Major,Unknown,Yes, ,Yes, , , , , ,Yes,Yes, ,Yes, ,York West (7),7,22,Humbermede (22)
2011,14-06-2011 09:30,Local,Scarborough,43.82214538,-79.22029029,No,Clear,Natural,Dry,Non-Fatal Injury,Passenger,15 to 19,None,Unknown, , ,Yes, , , , ,Yes, , , , , ,Scarborough-Rouge River (42),42,131,Rouge (131)
2011,14-06-2011 09:30,Local,Scarborough,43.82214538,-79.22029029,No,Clear,Natural,Dry,Non-Fatal Injury,Passenger,15 to 19,Major,Unknown, , ,Yes, , , , ,Yes, , , , , ,Scarborough-Rouge River (42),42,131,Rouge (131)
2011,14-06-2011 09:30,Local,Scarborough,43.82214538,-79.22029029,No,Clear,Natural,Dry,Non-Fatal Injury,Driver,15 to 19,None,North, , ,Yes, , , , ,Yes, , , , , ,Scarborough-Rouge River (42),42,131,Rouge (131)
2008,15-09-2008 09:30,Major Arterial,North York,43.77394538,-79.44239029,No,Other,Natural,Other,Non-Fatal Injury,Driver,20 to 24,Major,Unknown, , ,Yes, , , , , , , , , , ,Willowdale (23),23,36,Newtonbrook West (36)
2008,17-12-2008 10:30,Major Arterial,Toronto East York,43.65184538,-79.38169029,Yes,Clear,Natural,Dry,Non-Fatal Injury,Driver,40 to 44,None,West,Yes, ,Yes, , , , , , , , , , ,Toronto Centre-Rosedale (28),28,76,Bay Street Corridor (76)
2008,17-12-2008 10:30,Major Arterial,Toronto East York,43.65184538,-79.38169029,Yes,Clear,Natural,Dry,Non-Fatal Injury,Pedestrian,55 to 59,Major,Unknown,Yes, ,Yes, , , , , , , , , , ,Toronto Centre-Rosedale (28),28,76,Bay Street Corridor (76)
2014,30-05-2014 09:30,Major Arterial,Etobicoke York,43.59812506,-79.51691065,Yes,Clear,Artificial,Dry,Non-Fatal Injury,Driver,20 to 24,None,East, , ,Yes,Yes, , , , , ,Yes, ,Yes, ,Etobicoke-Lakeshore (6),6,18,New Toronto (18)
2014,30-05-2014 09:30,Major Arterial,Etobicoke York,43.59812506,-79.51691065,Yes,Clear,Artificial,Dry,Non-Fatal Injury,Motorcycle Driver,35 to 39,Major,East, , ,Yes,Yes, , , , , ,Yes, ,Yes, ,Etobicoke-Lakeshore (6),6,18,New Toronto (18)
2016,13-07-2016 09:30,Major Arterial,Toronto East York,43.6575199,-79.38947687,Yes,Clear,Artificial,Dry,Non-Fatal Injury,Driver,45 to 49,None,South, , ,Yes,Yes, , , , , ,Yes, , , ,Toronto Centre-Rosedale (27),27,76,Bay Street Corridor (76)
2016,13-07-2016 09:30,Major Arterial,Toronto East York,43.6575199,-79.38947687,Yes,Clear,Artificial,Dry,Non-Fatal Injury,Motorcycle Driver,45 to 49,Major,North, , ,Yes,Yes, , , , , ,Yes, , , ,Toronto Centre-Rosedale (27),27,76,Bay Street Corridor (76)
2007,07-11-2007 10:30,Major Arterial,Scarborough,43.78472861,-79.31063471,No,Clear,Natural,Dry,Non-Fatal Injury,Vehicle Owner,unknown,unknown,Unknown,Yes, ,Yes, , , , , , , , , , ,Scarborough-Agincourt (40),40,118,Tam O'Shanter-Sullivan (118)
2007,07-11-2007 10:30,Major Arterial,Scarborough,43.78472861,-79.31063471,No,Clear,Natural,Dry,Non-Fatal Injury,Vehicle Owner,unknown,unknown,Unknown,Yes, ,Yes, , , , , , , , , , ,Scarborough-Agincourt (40),40,118,Tam O'Shanter-Sullivan (118)
2007,07-11-2007 10:30,Major Arterial,Scarborough,43.78472861,-79.31063471,No,Clear,Natural,Dry,Non-Fatal Injury,Driver,40 to 44,None,South,Yes, ,Yes, , , , , , , , , , ,Scarborough-Agincourt (40),40,118,Tam O'Shanter-Sullivan (118)
2007,07-11-2007 10:30,Major Arterial,Scarborough,43.78472861,-79.31063471,No,Clear,Natural,Dry,Non-Fatal Injury,Pedestrian,40 to 44,Major,Unknown,Yes, ,Yes, , , , , , , , , , ,Scarborough-Agincourt (40),40,118,Tam O'Shanter-Sullivan (118)
2007,07-11-2007 10:30,Major Arterial,Scarborough,43.78472861,-79.31063471,No,Clear,Natural,Dry,Non-Fatal Injury,Pedestrian,30 to 34,Major,Unknown,Yes, ,Yes, , , , , , , , , , ,Scarborough-Agincourt (40),40,118,Tam O'Shanter-Sullivan (118)
2009,14-06-2009 09:30,Major Arterial,Etobicoke York,43.63044538,-79.48349029,No,Clear,Natural,Dry,Non-Fatal Injury,Passenger,30 to 34,Major,Unknown, , ,Yes, , , , ,Yes, , , ,Yes, ,Etobicoke-Lakeshore (5),5,16,Stonegate-Queensway (16)
2009,14-06-2009 09:30,Major Arterial,Etobicoke York,43.63044538,-79.48349029,No,Clear,Natural,Dry,Non-Fatal Injury,Driver,30 to 34,Minimal,East, , ,Yes, , , , ,Yes, , , ,Yes, ,Etobicoke-Lakeshore (5),5,16,Stonegate-Queensway (16)
2016,01-04-2016 09:30,Major Arterial,Etobicoke York,43.62632712,-79.5026208,Yes,Clear,Artificial,Dry,Non-Fatal Injury,Driver,45 to 49,Minimal,East, , ,Yes, , , , ,Yes,Yes,Yes, , , ,Etobicoke-Lakeshore (5),5,16,Stonegate-Queensway (16)
2016,01-04-2016 09:30,Major Arterial,Etobicoke York,43.62632712,-79.5026208,Yes,Clear,Artificial,Dry,Non-Fatal Injury,Driver,20 to 24,Minor,West, , ,Yes, , , , ,Yes,Yes,Yes, , , ,Etobicoke-Lakeshore (5),5,16,Stonegate-Queensway (16)
2016,01-04-2016 09:30,Major Arterial,Etobicoke York,43.62632712,-79.5026208,Yes,Clear,Artificial,Dry,Non-Fatal Injury,Passenger,15 to 19,Minimal,Unknown, , ,Yes, , , , ,Yes,Yes,Yes, , , ,Etobicoke-Lakeshore (5),5,16,Stonegate-Queensway (16)
2016,01-04-2016 09:30,Major Arterial,Etobicoke York,43.62632712,-79.5026208,Yes,Clear,Artificial,Dry,Non-Fatal Injury,Passenger,25 to 29,Major,Unknown, , ,Yes, , , , ,Yes,Yes,Yes, , , ,Etobicoke-Lakeshore (5),5,16,Stonegate-Queensway (16)
2017,19-04-2017 09:30,Major Arterial,Toronto East York,43.6591297,-79.39344416,Yes,Clear,Artificial,Dry,Non-Fatal Injury,Driver,35 to 39,None,East,Yes, ,Yes, , , , ,Yes, ,Yes, , , ,Trinity-Spadina (20),20,78,Kensington-Chinatown (78)
2017,19-04-2017 09:30,Major Arterial,Toronto East York,43.6591297,-79.39344416,Yes,Clear,Artificial,Dry,Non-Fatal Injury,Passenger,20 to 24,None,Unknown,Yes, ,Yes, , , , ,Yes, ,Yes, , , ,Trinity-Spadina (20),20,78,Kensington-Chinatown (78)
2017,19-04-2017 09:30,Major Arterial,Toronto East York,43.6591297,-79.39344416,Yes,Clear,Artificial,Dry,Non-Fatal Injury,Pedestrian,25 to 29,Major,South,Yes, ,Yes, , , , ,Yes, ,Yes, , , ,Trinity-Spadina (20),20,78,Kensington-Chinatown (78)
2008,14-10-2008 09:30,Major Arterial,Etobicoke York,43.65094538,-79.53939029,Yes,Clear,Natural,Dry,Non-Fatal Injury,Driver,unknown,None,East,Yes, ,Yes, , , , , , ,Yes, , , ,Etobicoke-Lakeshore (5),5,14,Islington-City Centre West (14)
2008,14-10-2008 09:30,Major Arterial,Etobicoke York,43.65094538,-79.53939029,Yes,Clear,Natural,Dry,Non-Fatal Injury,Pedestrian,80 to 84,Major,East,Yes, ,Yes, , , , , , ,Yes, , , ,Etobicoke-Lakeshore (5),5,14,Islington-City Centre West (14)
2012,28-12-2012 10:30,Expressway,North York,43.72262533,-79.33024226,No,Clear,Artificial,Dry,Non-Fatal Injury,Driver,40 to 44,None,South, , ,Yes, , , , , , , , , , ,Don Valley West (26),26,44,Flemingdon Park (44)
2012,28-12-2012 10:30,Expressway,North York,43.72262533,-79.33024226,No,Clear,Artificial,Dry,Non-Fatal Injury,Vehicle Owner,unknown,unknown,Unknown, , ,Yes, , , , , , , , , , ,Don Valley West (26),26,44,Flemingdon Park (44)
2012,28-12-2012 10:30,Expressway,North York,43.72262533,-79.33024226,No,Clear,Artificial,Dry,Non-Fatal Injury,Driver,20 to 24,Major,South, , ,Yes, , , , , , , , , , ,Don Valley West (26),26,44,Flemingdon Park (44)
2012,28-12-2012 10:30,Expressway,North York,43.72262533,-79.33024226,No,Clear,Artificial,Dry,Non-Fatal Injury,Driver - Not Hit,unknown,None,Unknown, , ,Yes, , , , , , , , , , ,Don Valley West (26),26,44,Flemingdon Park (44)
2012,28-12-2012 10:30,Expressway,North York,43.72262533,-79.33024226,No,Clear,Artificial,Dry,Non-Fatal Injury,Other Property Owner,unknown,unknown,Unknown, , ,Yes, , , , , , , , , , ,Don Valley West (26),26,44,Flemingdon Park (44)
2011,26-06-2011 09:30,Major Arterial,Etobicoke York,43.75404538,-79.53279029,Yes,Clear,Natural,Dry,Non-Fatal Injury,Passenger,10 to 14,Major,Unknown, , ,Yes, , , , ,Yes,Yes,Yes, , , ,York West (7),7,21,Humber Summit (21)
2011,26-06-2011 09:30,Major Arterial,Etobicoke York,43.75404538,-79.53279029,Yes,Clear,Natural,Dry,Non-Fatal Injury,Passenger,25 to 29,Minor,Unknown, , ,Yes, , , , ,Yes,Yes,Yes, , , ,York West (7),7,21,Humber Summit (21)
2011,26-06-2011 09:30,Major Arterial,Etobicoke York,43.75404538,-79.53279029,Yes,Clear,Natural,Dry,Non-Fatal Injury,Driver,35 to 39,Minor,West, , ,Yes, , , , ,Yes,Yes,Yes, , , ,York West (7),7,21,Humber Summit (21)
2011,26-06-2011 09:30,Major Arterial,Etobicoke York,43.75404538,-79.53279029,Yes,Clear,Natural,Dry,Non-Fatal Injury,Vehicle Owner,unknown,unknown,Unknown, , ,Yes, , , , ,Yes,Yes,Yes, , , ,York West (7),7,21,Humber Summit (21)
2011,26-06-2011 09:30,Major Arterial,Etobicoke York,43.75404538,-79.53279029,Yes,Clear,Natural,Dry,Non-Fatal Injury,Driver,35 to 39,None,West, , ,Yes, , , , ,Yes,Yes,Yes, , , ,York West (7),7,21,Humber Summit (21)
2011,26-06-2011 09:30,Major Arterial,Etobicoke York,43.75404538,-79.53279029,Yes,Clear,Natural,Dry,Non-Fatal Injury,Passenger,55 to 59,Minimal,Unknown, , ,Yes, , , , ,Yes,Yes,Yes, , , ,York West (7),7,21,Humber Summit (21)
2011,26-06-2011 09:30,Major Arterial,Etobicoke York,43.75404538,-79.53279029,Yes,Clear,Natural,Dry,Non-Fatal Injury,Driver,55 to 59,Minimal,West, , ,Yes, , , , ,Yes,Yes,Yes, , , ,York West (7),7,21,Humber Summit (21)
2012,28-10-2012 09:30,Major Arterial,Toronto East York,43.70824538,-79.39869029,No,Rain,Natural,Wet,Non-Fatal Injury,Driver,unknown,None,North,Yes, ,Yes, , , , , , ,Yes, , , ,Eglinton-Lawrence (16),16,100,Yonge-Eglinton (100)
2012,28-10-2012 09:30,Major Arterial,Toronto East York,43.70824538,-79.39869029,No,Rain,Natural,Wet,Non-Fatal Injury,Pedestrian,25 to 29,Major,West,Yes, ,Yes, , , , , , ,Yes, , , ,Eglinton-Lawrence (16),16,100,Yonge-Eglinton (100)
2015,13-05-2015 09:30,Major Arterial,Scarborough,43.73516424,-79.2473794,Yes,Clear,Natural,Dry,Fatal,Driver,80 to 84,None,East,Yes, ,Yes, , , , , , , , , , ,Scarborough Southwest (35),35,138,Eglinton East (138)
2015,13-05-2015 09:30,Major Arterial,Scarborough,43.73516424,-79.2473794,Yes,Clear,Natural,Dry,Fatal,Pedestrian,30 to 34,Fatal,North,Yes, ,Yes, , , , , , , , , , ,Scarborough Southwest (35),35,138,Eglinton East (138)
2016,29-11-2016 10:30,Local,North York,43.72170599,-79.45640192,Yes,Clear,Artificial,Dry,Non-Fatal Injury,Driver,35 to 39,None,East,Yes, ,Yes, , , , , , ,Yes, , , ,Eglinton-Lawrence (15),15,31,Yorkdale-Glen Park (31)
2016,29-11-2016 10:30,Local,North York,43.72170599,-79.45640192,Yes,Clear,Artificial,Dry,Non-Fatal Injury,Pedestrian,25 to 29,Major,West,Yes, ,Yes, , , , , , ,Yes, , , ,Eglinton-Lawrence (15),15,31,Yorkdale-Glen Park (31)
2007,22-11-2007 10:30,Major Arterial,Etobicoke York,43.74684538,-79.58379029,Yes,Clear,Natural,Other,Non-Fatal Injury,Truck Driver,20 to 24,None,South, , ,Yes, ,Yes, , , ,Yes,Yes, , , ,Etobicoke North (1),1,2,Mount Olive-Silverstone-Jamestown (2)
2007,22-11-2007 10:30,Major Arterial,Etobicoke York,43.74684538,-79.58379029,Yes,Clear,Natural,Other,Non-Fatal Injury,Driver,25 to 29,Major,East, , ,Yes, ,Yes, , , ,Yes,Yes, , , ,Etobicoke North (1),1,2,Mount Olive-Silverstone-Jamestown (2)
2008,12-04-2008 09:30,Major Arterial,Scarborough,43.72014538,-79.23809029,No,Rain,Natural,Wet,Non-Fatal Injury,Vehicle Owner,unknown,unknown,Unknown, , ,Yes, , , , ,Yes, , , , , ,Scarborough Southwest (36),36,123,Cliffcrest (123)
2008,12-04-2008 09:30,Major Arterial,Scarborough,43.72014538,-79.23809029,No,Rain,Natural,Wet,Non-Fatal Injury,Driver,45 to 49,None,West, , ,Yes, , , , ,Yes, , , , , ,Scarborough Southwest (36),36,123,Cliffcrest (123)
2008,12-04-2008 09:30,Major Arterial,Scarborough,43.72014538,-79.23809029,No,Rain,Natural,Wet,Non-Fatal Injury,Passenger,70 to 74,Major,Unknown, , ,Yes, , , , ,Yes, , , , , ,Scarborough Southwest (36),36,123,Cliffcrest (123)
2008,12-04-2008 09:30,Major Arterial,Scarborough,43.72014538,-79.23809029,No,Rain,Natural,Wet,Non-Fatal Injury,Driver,70 to 74,Minimal,West, , ,Yes, , , , ,Yes, , , , , ,Scarborough Southwest (36),36,123,Cliffcrest (123)
2008,10-04-2008 09:30,Major Arterial,Scarborough,43.69174538,-79.28589029,No,Clear,Natural,Dry,Non-Fatal Injury,Driver,30 to 34,None,East,Yes, ,Yes, , , , , , , , , , ,Scarborough Southwest (35),35,121,Oakridge (121)
2008,10-04-2008 09:30,Major Arterial,Scarborough,43.69174538,-79.28589029,No,Clear,Natural,Dry,Non-Fatal Injury,Pedestrian,40 to 44,Major,North,Yes, ,Yes, , , , , , , , , , ,Scarborough Southwest (35),35,121,Oakridge (121)
2008,06-08-2008 09:30,Major Arterial,North York,43.77454538,-79.43879029,Yes,Clear,Natural,Dry,Non-Fatal Injury,Driver,unknown,None,North, ,Yes,Yes, , , , , , , , , , ,Willowdale (23),23,37,Willowdale West (37)
2008,06-08-2008 09:30,Major Arterial,North York,43.77454538,-79.43879029,Yes,Clear,Natural,Dry,Non-Fatal Injury,Cyclist,40 to 44,Major,West, ,Yes,Yes, , , , , , , , , , ,Willowdale (23),23,37,Willowdale West (37)
2010,05-03-2010 10:30,Major Arterial,No District,43.69564538,-79.45029029,No,Clear,Natural,Dry,Non-Fatal Injury,Driver,20 to 24,None,South,Yes, ,Yes, , , , , , , , , , ,Davenport (17),17,109,Caledonia-Fairbank (109)
2010,05-03-2010 10:30,Major Arterial,No District,43.69564538,-79.45029029,No,Clear,Natural,Dry,Non-Fatal Injury,Pedestrian,45 to 49,Major,East,Yes, ,Yes, , , , , , , , , , ,Davenport (17),17,109,Caledonia-Fairbank (109)
2011,02-04-2011 09:30,Major Arterial,North York,43.71744538,-79.43769029,Yes,Clear,Natural,Dry,Non-Fatal Injury,Driver,70 to 74,Minimal,East, , ,Yes, , , , ,Yes, ,Yes, , , ,Eglinton-Lawrence (15),15,32,Englemount-Lawrence (32)
2011,02-04-2011 09:30,Major Arterial,North York,43.71744538,-79.43769029,Yes,Clear,Natural,Dry,Non-Fatal Injury,Passenger,unknown,Minor,Unknown, , ,Yes, , , , ,Yes, ,Yes, , , ,Eglinton-Lawrence (15),15,32,Englemount-Lawrence (32)
2011,02-04-2011 09:30,Major Arterial,North York,43.71744538,-79.43769029,Yes,Clear,Natural,Dry,Non-Fatal Injury,Passenger,0 to 4,Major,Unknown, , ,Yes, , , , ,Yes, ,Yes, , , ,Eglinton-Lawrence (15),15,32,Englemount-Lawrence (32)
2011,02-04-2011 09:30,Major Arterial,North York,43.71744538,-79.43769029,Yes,Clear,Natural,Dry,Non-Fatal Injury,Vehicle Owner,unknown,unknown,Unknown, , ,Yes, , , , ,Yes, ,Yes, , , ,Eglinton-Lawrence (15),15,32,Englemount-Lawrence (32)
2011,02-04-2011 09:30,Major Arterial,North York,43.71744538,-79.43769029,Yes,Clear,Natural,Dry,Non-Fatal Injury,Driver,25 to 29,Minor,West, , ,Yes, , , , ,Yes, ,Yes, , , ,Eglinton-Lawrence (15),15,32,Englemount-Lawrence (32)
2011,04-12-2011 10:30,Major Arterial,Scarborough,43.73554538,-79.25319029,Yes,Rain,Artificial,Wet,Non-Fatal Injury,Driver,20 to 24,None,East,Yes, ,Yes, , , , , , , , , , ,Scarborough Southwest (35),35,124,Kennedy Park (124)
2011,04-12-2011 10:30,Major Arterial,Scarborough,43.73554538,-79.25319029,Yes,Rain,Artificial,Wet,Non-Fatal Injury,Pedestrian,15 to 19,Major,North,Yes, ,Yes, , , , , , , , , , ,Scarborough Southwest (35),35,124,Kennedy Park (124)
2012,13-03-2012 09:30,Collector,Toronto East York,43.66494538,-79.37289029,No,Clear,Artificial,Dry,Non-Fatal Injury,Other,unknown,None,Unknown, , ,Yes, , , , , , , , , , ,Toronto Centre-Rosedale (28),28,71,Cabbagetown-South St.James Town (71)
2012,13-03-2012 09:30,Collector,Toronto East York,43.66494538,-79.37289029,No,Clear,Artificial,Dry,Non-Fatal Injury,Vehicle Owner,unknown,unknown,Unknown, , ,Yes, , , , , , , , , , ,Toronto Centre-Rosedale (28),28,71,Cabbagetown-South St.James Town (71)
2012,13-03-2012 09:30,Collector,Toronto East York,43.66494538,-79.37289029,No,Clear,Artificial,Dry,Non-Fatal Injury,Driver,unknown,Major,North, , ,Yes, , , , , , , , , , ,Toronto Centre-Rosedale (28),28,71,Cabbagetown-South St.James Town (71)
2012,29-10-2012 09:30,Collector,North York,43.77434538,-79.35359029,No,Rain,Artificial,Wet,Non-Fatal Injury,Pedestrian,55 to 59,Major,South,Yes, ,Yes, , , , , , ,Yes, , , ,Don Valley East (33),33,47,Don Valley Village (47)
2012,29-10-2012 09:30,Collector,North York,43.77434538,-79.35359029,No,Rain,Artificial,Wet,Non-Fatal Injury,Driver,35 to 39,None,South,Yes, ,Yes, , , , , , ,Yes, , , ,Don Valley East (33),33,47,Don Valley Village (47)
2015,17-09-2015 09:30,Minor Arterial,Scarborough,43.81625708,-79.22759638,No,Clear,Artificial,Dry,Non-Fatal Injury,Driver,unknown,None,North,Yes, ,Yes, , , , , , , , , , ,Scarborough-Rouge River (42),42,132,Malvern (132)
2015,17-09-2015 09:30,Minor Arterial,Scarborough,43.81625708,-79.22759638,No,Clear,Artificial,Dry,Non-Fatal Injury,Pedestrian,40 to 44,Major,East,Yes, ,Yes, , , , , , , , , , ,Scarborough-Rouge River (42),42,132,Malvern (132)
2016,31-03-2016 09:30,Minor Arterial,North York,43.69264563,-79.44083033,Yes,Rain,Artificial,Wet,Non-Fatal Injury,Driver,40 to 44,None,North, , , , , ,Yes, ,Yes, , , , , ,Eglinton-Lawrence (15),15,107,Oakwood Village (107)
2016,31-03-2016 09:30,Minor Arterial,North York,43.69264563,-79.44083033,Yes,Rain,Artificial,Wet,Non-Fatal Injury,Passenger,60 to 64,Major,North, , , , , ,Yes, ,Yes, , , , , ,Eglinton-Lawrence (15),15,107,Oakwood Village (107)
2009,05-12-2009 10:30,Major Arterial,Scarborough,43.79434538,-79.32599029,Yes,Clear,Natural,Dry,Non-Fatal Injury,Driver,45 to 49,None,North,Yes, ,Yes, , , , , , ,Yes, , , ,Scarborough-Agincourt (39),39,117,L'Amoreaux (117)
2017,25-05-2017 09:30,Major Arterial,North York,43.71105917,-79.39118586,Yes,Rain,Artificial,Wet,Non-Fatal Injury,Passenger,15 to 19,None,Unknown, ,Yes,Yes, , , , ,Yes, ,Yes, , , ,St. Paul's (22),22,99,Mount Pleasant East (99)
2012,06-07-2012 09:30,Major Arterial,Scarborough,43.82324538,-79.24749029,No,Clear,Artificial,Dry,Non-Fatal Injury,Passenger,20 to 24,Minor,Unknown, , ,Yes, , , , ,Yes,Yes,Yes, , , ,Scarborough-Rouge River (42),42,131,Rouge (131)
2011,24-03-2011 09:30,Major Arterial,Scarborough,43.79914538,-79.21289029,Yes,Clear,Natural,Dry,Fatal,Driver,30 to 34,None,East,Yes, ,Yes, , , , , ,Yes,Yes, , , ,Scarborough-Rouge River (42),42,132,Malvern (132)
2012,06-07-2012 09:30,Major Arterial,Scarborough,43.82324538,-79.24749029,No,Clear,Artificial,Dry,Non-Fatal Injury,Driver,20 to 24,Major,South, , ,Yes, , , , ,Yes,Yes,Yes, , , ,Scarborough-Rouge River (42),42,131,Rouge (131)
2009,04-03-2009 10:30,Major Arterial,Toronto East York,43.68814538,-79.30179029,No,Other,Natural,Other,Non-Fatal Injury,Vehicle Owner,unknown,None,Unknown, , ,Yes, , , , ,Yes, , , , , ,Beaches-East York (32),32,62,East End-Danforth (62)
2017,10-10-2017 09:30,Major Arterial,Scarborough,43.82553824,-79.27529536,No,Clear,Artificial,Dry,Non-Fatal Injury,Driver,20 to 24,None,South,Yes, ,Yes, , , , , , , , , , ,Scarborough-Rouge River (41),41,130,Milliken (130)
2009,18-06-2009 09:30,Major Arterial,Etobicoke York,43.67444538,-79.56319029,Yes,Clear,Natural,Dry,Non-Fatal Injury,Driver,40 to 44,Major,East, , ,Yes, , , , , ,Yes,Yes, , , ,Etobicoke Centre (3),3,11,Eringate-Centennial-West Deane (11)
2009,18-06-2009 09:30,Major Arterial,Etobicoke York,43.67444538,-79.56319029,Yes,Clear,Natural,Dry,Non-Fatal Injury,Driver,20 to 24,Major,West, , ,Yes, , , , , ,Yes,Yes, , , ,Etobicoke Centre (3),3,11,Eringate-Centennial-West Deane (11)
2011,27-04-2011 09:30,Major Arterial,Etobicoke York,43.67234538,-79.46829029,No,Clear,Natural,Dry,Non-Fatal Injury,Passenger,25 to 29,Major,Unknown, , ,Yes, , , , ,Yes,Yes,Yes, ,Yes, ,York South-Weston (11),11,90,Junction Area (90)
2011,27-04-2011 09:30,Major Arterial,Etobicoke York,43.67234538,-79.46829029,No,Clear,Natural,Dry,Non-Fatal Injury,Driver,20 to 24,Minimal,West, , ,Yes, , , , ,Yes,Yes,Yes, ,Yes, ,York South-Weston (11),11,90,Junction Area (90)
2011,27-04-2011 09:30,Major Arterial,Etobicoke York,43.67234538,-79.46829029,No,Clear,Natural,Dry,Non-Fatal Injury,Other Property Owner,unknown,unknown,Unknown, , ,Yes, , , , ,Yes,Yes,Yes, ,Yes, ,York South-Weston (11),11,90,Junction Area (90)
2013,03-08-2013 09:30,Major Arterial,Etobicoke York,43.69758566,-79.50236903,Yes,Clear,Artificial,Dry,Non-Fatal Injury,Driver,35 to 39,None,North,Yes, ,Yes, , , , , , , , , , ,York South-Weston (12),12,30,Brookhaven-Amesbury (30)