YEAR,DATE,ROAD_CLASS,District,LATITUDE,LONGITUDE,TRAFFCTL,VISIBILITY,LIGHT,RDSFCOND,ACCLASS,INVTYPE,INVAGE,INJURY,INITDIR,PEDESTRIAN,CYCLIST,AUTOMOBILE,MOTORCYCLE,TRUCK,TRSN_CITY_VEH,EMERG_VEH,PASSENGER,SPEEDING,AG_DRIV,REDLIGHT,ALCOHOL,DISABILITY,Ward_Name,Ward_ID,Hood_ID,Hood_Name
2013,03-08-2013 09:30,Major Arterial,Etobicoke York,43.69758566,-79.50236903,Yes,Clear,Artificial,Dry,Non-Fatal Injury,Pedestrian,20 to 24,Major,East,Yes, ,Yes, , , , , , , , , , ,York South-Weston (12),12,30,Brookhaven-Amesbury (30)
2017,24-03-2017 09:30,Major Arterial,North York,43.78040655,-79.41227351,Yes,Rain,Artificial,Wet,Non-Fatal Injury,Driver,50 to 54,None,North, ,Yes,Yes, , , , , , , , , , ,Willowdale (23),23,51,Willowdale East (51)
2017,24-03-2017 09:30,Major Arterial,North York,43.78040655,-79.41227351,Yes,Rain,Artificial,Wet,Non-Fatal Injury,Cyclist,20 to 24,Major,South, ,Yes,Yes, , , , , , , , , , ,Willowdale (23),23,51,Willowdale East (51)
2012,20-01-2012 10:30,Collector,North York,43.79004538,-79.35519029,No,Snow,Natural,Snow,Fatal,Driver,85 to 89,Fatal,West, , ,Yes, , , , , , , , , , ,Don Valley East (33),33,47,Don Valley Village (47)
2012,13-07-2012 09:30,Major Arterial,Scarborough,43.73644538,-79.24899029,No,Clear,Artificial,Dry,Fatal,Driver,20 to 24,None,West,Yes, ,Yes, , , , , , , , , , ,Scarborough Southwest (35),35,124,Kennedy Park (124)
2014,07-08-2014 09:30,Major Arterial,Etobicoke York,43.67599447,-79.4519311,No,Clear,Artificial,Dry,Fatal,Driver,50 to 54,None,West,Yes, , , , ,Yes, , , , , , , ,Davenport (17),17,92,Corso Italia-Davenport (92)
2014,07-08-2014 09:30,Major Arterial,Etobicoke York,43.67599447,-79.4519311,No,Clear,Artificial,Dry,Fatal,Pedestrian,65 to 69,Minor,Unknown,Yes, , , , ,Yes, , , , , , , ,Davenport (17),17,92,Corso Italia-Davenport (92)
2014,07-08-2014 09:30,Major Arterial,Etobicoke York,43.67599447,-79.4519311,No,Clear,Artificial,Dry,Fatal,Pedestrian,65 to 69,Fatal,Unknown,Yes, , , , ,Yes, , , , , , , ,Davenport (17),17,92,Corso Italia-Davenport (92)
2010,20-08-2010 09:30,Major Arterial,Toronto East York,43.66434439,-79.30618677,Yes,Clear,Natural,Dry,Fatal,Vehicle Owner,unknown,unknown,Unknown,Yes, , , , ,Yes, , , , , , , ,Beaches-East York (32),32,70,South Riverdale (70)
2010,20-08-2010 09:30,Major Arterial,Toronto East York,43.66434439,-79.30618677,Yes,Clear,Natural,Dry,Fatal,Driver,35 to 39,None,East,Yes, , , , ,Yes, , , , , , , ,Beaches-East York (32),32,70,South Riverdale (70)
2010,20-08-2010 09:30,Major Arterial,Toronto East York,43.66434439,-79.30618677,Yes,Clear,Natural,Dry,Fatal,Pedestrian,15 to 19,Fatal,North,Yes, , , , ,Yes, , , , , , , ,Beaches-East York (32),32,70,South Riverdale (70)
2011,20-03-2011 09:30,Major Arterial,Scarborough,43.74714538,-79.22069029,No,Clear,Natural,Dry,Non-Fatal Injury,Vehicle Owner,unknown,unknown,Unknown,Yes, ,Yes, , , , ,Yes, , , , , ,Scarborough Centre (38),38,139,Scarborough Village (139)
2011,20-03-2011 09:30,Major Arterial,Scarborough,43.74714538,-79.22069029,No,Clear,Natural,Dry,Non-Fatal Injury,Passenger,15 to 19,None,Unknown,Yes, ,Yes, , , , ,Yes, , , , , ,Scarborough Centre (38),38,139,Scarborough Village (139)
2011,20-03-2011 09:30,Major Arterial,Scarborough,43.74714538,-79.22069029,No,Clear,Natural,Dry,Non-Fatal Injury,Driver,15 to 19,None,North,Yes, ,Yes, , , , ,Yes, , , , , ,Scarborough Centre (38),38,139,Scarborough Village (139)
2011,20-03-2011 09:30,Major Arterial,Scarborough,43.74714538,-79.22069029,No,Clear,Natural,Dry,Non-Fatal Injury,Pedestrian,85 to 89,Major,South,Yes, ,Yes, , , , ,Yes, , , , , ,Scarborough Centre (38),38,139,Scarborough Village (139)
2012,21-03-2012 09:30,Major Arterial,Etobicoke York,43.69154538,-79.50099029,No,Clear,Artificial,Dry,Fatal,Driver,55 to 59,None,South,Yes, ,Yes, , , , , , , , , , ,York South-Weston (11),11,115,Mount Dennis (115)
2012,21-03-2012 09:30,Major Arterial,Etobicoke York,43.69154538,-79.50099029,No,Clear,Artificial,Dry,Fatal,Pedestrian,75 to 79,Fatal,East,Yes, ,Yes, , , , , , , , , , ,York South-Weston (11),11,115,Mount Dennis (115)
2013,11-03-2013 09:30,Minor Arterial,Etobicoke York,43.68754538,-79.52889029,Yes,Rain,Artificial,Wet,Non-Fatal Injury,Driver,25 to 29,None,South,Yes, ,Yes, , , , , , , , , , ,Etobicoke North (2),2,8,Humber Heights-Westmount (8)
2013,11-03-2013 09:30,Minor Arterial,Etobicoke York,43.68754538,-79.52889029,Yes,Rain,Artificial,Wet,Non-Fatal Injury,Pedestrian,45 to 49,Major,North,Yes, ,Yes, , , , , , , , , , ,Etobicoke North (2),2,8,Humber Heights-Westmount (8)
2016,26-08-2016 09:30,Major Arterial,Toronto East York,43.63057669,-79.42726527,No,Clear,Artificial,Dry,Non-Fatal Injury,Motorcycle Driver,40 to 44,Major,East, , ,Yes,Yes, , , ,Yes,Yes,Yes, , , ,Trinity-Spadina (19),19,82,Niagara (82)
2016,26-08-2016 09:30,Major Arterial,Toronto East York,43.63057669,-79.42726527,No,Clear,Artificial,Dry,Non-Fatal Injury,Driver,55 to 59,None,East, , ,Yes,Yes, , , ,Yes,Yes,Yes, , , ,Trinity-Spadina (19),19,82,Niagara (82)
2016,26-08-2016 09:30,Major Arterial,Toronto East York,43.63057669,-79.42726527,No,Clear,Artificial,Dry,Non-Fatal Injury,Passenger,50 to 54,None,Unknown, , ,Yes,Yes, , , ,Yes,Yes,Yes, , , ,Trinity-Spadina (19),19,82,Niagara (82)
2016,05-10-2016 09:30,Major Arterial,Toronto East York,43.67429693,-79.36732874,No,Clear,Artificial,Dry,Non-Fatal Injury,Driver,unknown,None,East, ,Yes,Yes, , , , , , , , , , ,Toronto Centre-Rosedale (27),27,71,Cabbagetown-South St.James Town (71)
2016,05-10-2016 09:30,Major Arterial,Toronto East York,43.67429693,-79.36732874,No,Clear,Artificial,Dry,Non-Fatal Injury,Cyclist,35 to 39,Major,West, ,Yes,Yes, , , , , , , , , , ,Toronto Centre-Rosedale (27),27,71,Cabbagetown-South St.James Town (71)
2017,17-08-2017 09:30,Major Arterial,North York,43.723785,-79.45685969,No,Rain,Artificial,Wet,Non-Fatal Injury,Driver,40 to 44,None,South,Yes, ,Yes, , , , , , , , , , ,Eglinton-Lawrence (15),15,31,Yorkdale-Glen Park (31)
2017,17-08-2017 09:30,Major Arterial,North York,43.723785,-79.45685969,No,Rain,Artificial,Wet,Non-Fatal Injury,Pedestrian,15 to 19,Major,West,Yes, ,Yes, , , , , , , , , , ,Eglinton-Lawrence (15),15,31,Yorkdale-Glen Park (31)
2017,02-11-2017 09:30,Major Arterial,Toronto East York,43.64271138,-79.42622729,No,Rain,Natural,Wet,Non-Fatal Injury,Driver,50 to 54,None,West,Yes, , , , ,Yes, , , , , , , ,Davenport (18),18,84,Little Portugal (84)
2017,02-11-2017 09:30,Major Arterial,Toronto East York,43.64271138,-79.42622729,No,Rain,Natural,Wet,Non-Fatal Injury,Pedestrian,30 to 34,Major,Unknown,Yes, , , , ,Yes, , , , , , , ,Davenport (18),18,84,Little Portugal (84)
2013,18-07-2013 09:30,Major Arterial,North York,43.77524908,-79.46832667,No,Clear,Artificial,Dry,Non-Fatal Injury,Driver,25 to 29,Major,South, , ,Yes, , , , , , , , , , ,York Centre (10),10,34,Bathurst Manor (34)
2013,18-07-2013 09:30,Major Arterial,North York,43.77524908,-79.46832667,No,Clear,Artificial,Dry,Non-Fatal Injury,Vehicle Owner,unknown,unknown,Unknown, , ,Yes, , , , , , , , , , ,York Centre (10),10,34,Bathurst Manor (34)
2013,18-07-2013 09:30,Major Arterial,North York,43.77524908,-79.46832667,No,Clear,Artificial,Dry,Non-Fatal Injury,Driver,25 to 29,Major,North, , ,Yes, , , , , , , , , , ,York Centre (10),10,34,Bathurst Manor (34)
2014,31-05-2014 09:30,Expressway,Toronto East York,43.63889273,-79.39097986,No,Clear,Artificial,Dry,Non-Fatal Injury,Driver,45 to 49,None,West, , ,Yes, , , , ,Yes, , , , , ,Trinity-Spadina (20),20,77,Waterfront Communities-The Island (77)
2014,31-05-2014 09:30,Expressway,Toronto East York,43.63889273,-79.39097986,No,Clear,Artificial,Dry,Non-Fatal Injury,Driver,15 to 19,Major,West, , ,Yes, , , , ,Yes, , , , , ,Trinity-Spadina (20),20,77,Waterfront Communities-The Island (77)
2014,31-05-2014 09:30,Expressway,Toronto East York,43.63889273,-79.39097986,No,Clear,Artificial,Dry,Non-Fatal Injury,Passenger,15 to 19,None,Unknown, , ,Yes, , , , ,Yes, , , , , ,Trinity-Spadina (20),20,77,Waterfront Communities-The Island (77)
2014,31-05-2014 09:30,Expressway,Toronto East York,43.63889273,-79.39097986,No,Clear,Artificial,Dry,Non-Fatal Injury,Passenger,45 to 49,None,Unknown, , ,Yes, , , , ,Yes, , , , , ,Trinity-Spadina (20),20,77,Waterfront Communities-The Island (77)
2014,31-05-2014 09:30,Expressway,Toronto East York,43.63889273,-79.39097986,No,Clear,Artificial,Dry,Non-Fatal Injury,Passenger,45 to 49,None,Unknown, , ,Yes, , , , ,Yes, , , , , ,Trinity-Spadina (20),20,77,Waterfront Communities-The Island (77)
2014,31-05-2014 09:30,Expressway,Toronto East York,43.63889273,-79.39097986,No,Clear,Artificial,Dry,Non-Fatal Injury,Passenger,45 to 49,None,Unknown, , ,Yes, , , , ,Yes, , , , , ,Trinity-Spadina (20),20,77,Waterfront Communities-The Island (77)
2014,31-05-2014 09:30,Expressway,Toronto East York,43.63889273,-79.39097986,No,Clear,Artificial,Dry,Non-Fatal Injury,Passenger,15 to 19,None,Unknown, , ,Yes, , , , ,Yes, , , , , ,Trinity-Spadina (20),20,77,Waterfront Communities-The Island (77)
2015,11-10-2015 09:30,Major Arterial,Toronto East York,43.65405234,-79.37996302,Yes,Clear,Artificial,Dry,Non-Fatal Injury,Driver,40 to 44,Minor,North, , ,Yes, , , , ,Yes, , , , ,Yes,Toronto Centre-Rosedale (27),27,75,Church-Yonge Corridor (75)
2015,11-10-2015 09:30,Major Arterial,Toronto East York,43.65405234,-79.37996302,Yes,Clear,Artificial,Dry,Non-Fatal Injury,Driver,25 to 29,None,South, , ,Yes, , , , ,Yes, , , , ,Yes,Toronto Centre-Rosedale (27),27,75,Church-Yonge Corridor (75)
2015,11-10-2015 09:30,Major Arterial,Toronto East York,43.65405234,-79.37996302,Yes,Clear,Artificial,Dry,Non-Fatal Injury,Driver,60 to 64,None,South, , ,Yes, , , , ,Yes, , , , ,Yes,Toronto Centre-Rosedale (27),27,75,Church-Yonge Corridor (75)
2015,11-10-2015 09:30,Major Arterial,Toronto East York,43.65405234,-79.37996302,Yes,Clear,Artificial,Dry,Non-Fatal Injury,Passenger,35 to 39,Minor,Unknown, , ,Yes, , , , ,Yes, , , , ,Yes,Toronto Centre-Rosedale (27),27,75,Church-Yonge Corridor (75)
2015,11-10-2015 09:30,Major Arterial,Toronto East York,43.65405234,-79.37996302,Yes,Clear,Artificial,Dry,Non-Fatal Injury,Passenger,10 to 14,Minor,Unknown, , ,Yes, , , , ,Yes, , , , ,Yes,Toronto Centre-Rosedale (27),27,75,Church-Yonge Corridor (75)
2015,11-10-2015 09:30,Major Arterial,Toronto East York,43.65405234,-79.37996302,Yes,Clear,Artificial,Dry,Non-Fatal Injury,Passenger,5 to 9,Minor,Unknown, , ,Yes, , , , ,Yes, , , , ,Yes,Toronto Centre-Rosedale (27),27,75,Church-Yonge Corridor (75)
2015,11-10-2015 09:30,Major Arterial,Toronto East York,43.65405234,-79.37996302,Yes,Clear,Artificial,Dry,Non-Fatal Injury,Passenger,5 to 9,Major,Unknown, , ,Yes, , , , ,Yes, , , , ,Yes,Toronto Centre-Rosedale (27),27,75,Church-Yonge Corridor (75)
2015,11-10-2015 09:30,Major Arterial,Toronto East York,43.65405234,-79.37996302,Yes,Clear,Artificial,Dry,Non-Fatal Injury,Passenger,15 to 19,Minor,Unknown, , ,Yes, , , , ,Yes, , , , ,Yes,Toronto Centre-Rosedale (27),27,75,Church-Yonge Corridor (75)
2015,11-10-2015 09:30,Major Arterial,Toronto East York,43.65405234,-79.37996302,Yes,Clear,Artificial,Dry,Non-Fatal Injury,Passenger,10 to 14,Major,Unknown, , ,Yes, , , , ,Yes, , , , ,Yes,Toronto Centre-Rosedale (27),27,75,Church-Yonge Corridor (75)
2017,06-09-2017 09:30,Major Arterial,Toronto East York,43.6566387,-79.37439356,No,Clear,Artificial,Dry,Non-Fatal Injury,Driver,50 to 54,None,South,Yes, ,Yes, , , , , , , , , , ,Toronto Centre-Rosedale (27),27,73,Moss Park (73)
2017,06-09-2017 09:30,Major Arterial,Toronto East York,43.6566387,-79.37439356,No,Clear,Artificial,Dry,Non-Fatal Injury,Pedestrian,25 to 29,Major,West,Yes, ,Yes, , , , , , , , , , ,Toronto Centre-Rosedale (27),27,73,Moss Park (73)
2009,22-06-2009 09:30,Major Arterial,Toronto East York,43.68144538,-79.33239029,Yes,Clear,Natural,Dry,Non-Fatal Injury,Passenger,25 to 29,Major,Unknown, , ,Yes,Yes, , , ,Yes, , , , , ,Toronto-Danforth (30),30,69,Blake-Jones (69)
2009,22-06-2009 09:30,Major Arterial,Toronto East York,43.68144538,-79.33239029,Yes,Clear,Natural,Dry,Non-Fatal Injury,Motorcycle Driver,30 to 34,Minimal,East, , ,Yes,Yes, , , ,Yes, , , , , ,Toronto-Danforth (30),30,69,Blake-Jones (69)
2009,22-06-2009 09:30,Major Arterial,Toronto East York,43.68144538,-79.33239029,Yes,Clear,Natural,Dry,Non-Fatal Injury,Vehicle Owner,unknown,unknown,Unknown, , ,Yes,Yes, , , ,Yes, , , , , ,Toronto-Danforth (30),30,69,Blake-Jones (69)
2009,22-06-2009 09:30,Major Arterial,Toronto East York,43.68144538,-79.33239029,Yes,Clear,Natural,Dry,Non-Fatal Injury,Driver,40 to 44,None,West, , ,Yes,Yes, , , ,Yes, , , , , ,Toronto-Danforth (30),30,69,Blake-Jones (69)
2017,23-08-2017 09:30,Major Arterial,Toronto East York,43.64197119,-79.41193018,Yes,Clear,Artificial,Dry,Non-Fatal Injury,Driver,45 to 49,None,West,Yes, ,Yes, , , , , , ,Yes, , , ,Trinity-Spadina (19),19,82,Niagara (82)
2017,23-08-2017 09:30,Major Arterial,Toronto East York,43.64197119,-79.41193018,Yes,Clear,Artificial,Dry,Non-Fatal Injury,Pedestrian,30 to 34,Major,West,Yes, ,Yes, , , , , , ,Yes, , , ,Trinity-Spadina (19),19,82,Niagara (82)
2008,13-03-2008 09:30,Major Arterial,Toronto East York,43.64764538,-79.38479029,Yes,Clear,Natural,Dry,Non-Fatal Injury,Driver,35 to 39,Major,East, , ,Yes, , , , , , ,Yes, , , ,Toronto Centre-Rosedale (28),28,76,Bay Street Corridor (76)
2008,13-03-2008 09:30,Major Arterial,Toronto East York,43.64764538,-79.38479029,Yes,Clear,Natural,Dry,Non-Fatal Injury,Driver,30 to 34,None,East, , ,Yes, , , , , , ,Yes, , , ,Toronto Centre-Rosedale (28),28,76,Bay Street Corridor (76)
2008,08-11-2008 10:30,Major Arterial,Toronto East York,43.64784538,-79.39029029,Yes,Clear,Natural,Dry,Non-Fatal Injury,Pedestrian,20 to 24,Major,North,Yes, ,Yes, , , , , , , , , , ,Trinity-Spadina (20),20,77,Waterfront Communities-The Island (77)
2008,08-11-2008 10:30,Major Arterial,Toronto East York,43.64784538,-79.39029029,Yes,Clear,Natural,Dry,Non-Fatal Injury,Driver,20 to 24,None,East,Yes, ,Yes, , , , , , , , , , ,Trinity-Spadina (20),20,77,Waterfront Communities-The Island (77)
2009,22-09-2009 09:30,Major Arterial,Toronto East York,43.66304538,-79.38379029,Yes,Clear,Natural,Dry,Non-Fatal Injury,Driver,40 to 44,None,South,Yes, ,Yes, , , , , , , , , , ,Toronto Centre-Rosedale (27),27,75,Church-Yonge Corridor (75)
2009,22-09-2009 09:30,Major Arterial,Toronto East York,43.66304538,-79.38379029,Yes,Clear,Natural,Dry,Non-Fatal Injury,Vehicle Owner,unknown,unknown,Unknown,Yes, ,Yes, , , , , , , , , , ,Toronto Centre-Rosedale (27),27,75,Church-Yonge Corridor (75)
2009,22-09-2009 09:30,Major Arterial,Toronto East York,43.66304538,-79.38379029,Yes,Clear,Natural,Dry,Non-Fatal Injury,Driver,20 to 24,None,South,Yes, ,Yes, , , , , , , , , , ,Toronto Centre-Rosedale (27),27,75,Church-Yonge Corridor (75)
2009,22-09-2009 09:30,Major Arterial,Toronto East York,43.66304538,-79.38379029,Yes,Clear,Natural,Dry,Non-Fatal Injury,Pedestrian,30 to 34,Major,Unknown,Yes, ,Yes, , , , , , , , , , ,Toronto Centre-Rosedale (27),27,75,Church-Yonge Corridor (75)
2013,29-06-2013 09:30,Major Arterial,Toronto East York,43.63440664,-79.40874872,Yes,Clear,Artificial,Dry,Non-Fatal Injury,Passenger,25 to 29,Minor,Unknown, , ,Yes,Yes, , , ,Yes, , , , , ,Trinity-Spadina (19),19,82,Niagara (82)
2013,29-06-2013 09:30,Major Arterial,Toronto East York,43.63440664,-79.40874872,Yes,Clear,Artificial,Dry,Non-Fatal Injury,Motorcycle Driver,35 to 39,Major,East, , ,Yes,Yes, , , ,Yes, , , , , ,Trinity-Spadina (19),19,82,Niagara (82)
2013,29-06-2013 09:30,Major Arterial,Toronto East York,43.63440664,-79.40874872,Yes,Clear,Artificial,Dry,Non-Fatal Injury,Vehicle Owner,unknown,unknown,Unknown, , ,Yes,Yes, , , ,Yes, , , , , ,Trinity-Spadina (19),19,82,Niagara (82)
2013,29-06-2013 09:30,Major Arterial,Toronto East York,43.63440664,-79.40874872,Yes,Clear,Artificial,Dry,Non-Fatal Injury,Driver,40 to 44,Minimal,West, , ,Yes,Yes, , , ,Yes, , , , , ,Trinity-Spadina (19),19,82,Niagara (82)
2014,03-06-2014 09:30,Major Arterial,Scarborough,43.70297583,-79.25593195,No,Clear,Natural,Dry,Non-Fatal Injury,Motorcycle Driver,45 to 49,Major,North, , ,Yes,Yes, , , ,Yes, ,Yes, , , ,Scarborough Southwest (36),36,122,Birchcliffe-Cliffside (122)
2014,03-06-2014 09:30,Major Arterial,Scarborough,43.70297583,-79.25593195,No,Clear,Natural,Dry,Non-Fatal Injury,Driver,15 to 19,None,North, , ,Yes,Yes, , , ,Yes, ,Yes, , , ,Scarborough Southwest (36),36,122,Birchcliffe-Cliffside (122)
2014,03-06-2014 09:30,Major Arterial,Scarborough,43.70297583,-79.25593195,No,Clear,Natural,Dry,Non-Fatal Injury,Passenger,15 to 19,None,Unknown, , ,Yes,Yes, , , ,Yes, ,Yes, , , ,Scarborough Southwest (36),36,122,Birchcliffe-Cliffside (122)
2015,19-12-2015 10:30,Major Arterial,North York,43.71493872,-79.40009699,Yes,Clear,Artificial,Dry,Non-Fatal Injury,Driver,50 to 54,None,North,Yes, ,Yes, , , , ,Yes, , , , , ,Don Valley West (25),25,99,Mount Pleasant East (99)
2015,19-12-2015 10:30,Major Arterial,North York,43.71493872,-79.40009699,Yes,Clear,Artificial,Dry,Non-Fatal Injury,Passenger,60 to 64,None,Unknown,Yes, ,Yes, , , , ,Yes, , , , , ,Don Valley West (25),25,99,Mount Pleasant East (99)
2015,19-12-2015 10:30,Major Arterial,North York,43.71493872,-79.40009699,Yes,Clear,Artificial,Dry,Non-Fatal Injury,Pedestrian,65 to 69,Major,West,Yes, ,Yes, , , , ,Yes, , , , , ,Don Valley West (25),25,99,Mount Pleasant East (99)
2016,06-12-2016 10:30,Minor Arterial,Toronto East York,43.67525824,-79.3202859,Yes,Rain,Artificial,Wet,Non-Fatal Injury,Driver,50 to 54,None,West,Yes, ,Yes, , , , , , ,Yes, , , ,Toronto-Danforth (30),30,65,Greenwood-Coxwell (65)
2016,06-12-2016 10:30,Minor Arterial,Toronto East York,43.67525824,-79.3202859,Yes,Rain,Artificial,Wet,Non-Fatal Injury,Pedestrian,50 to 54,Major,West,Yes, ,Yes, , , , , , ,Yes, , , ,Toronto-Danforth (30),30,65,Greenwood-Coxwell (65)
2017,07-01-2017 10:30,Major Arterial,Etobicoke York,43.64543875,-79.52377711,No,Clear,Artificial,Dry,Non-Fatal Injury,Driver,20 to 24,Minor,North, , ,Yes, , , , ,Yes, ,Yes, , , ,Etobicoke-Lakeshore (5),5,14,Islington-City Centre West (14)
2017,07-01-2017 10:30,Major Arterial,Etobicoke York,43.64543875,-79.52377711,No,Clear,Artificial,Dry,Non-Fatal Injury,Driver,60 to 64,None,North, , ,Yes, , , , ,Yes, ,Yes, , , ,Etobicoke-Lakeshore (5),5,14,Islington-City Centre West (14)
2017,07-01-2017 10:30,Major Arterial,Etobicoke York,43.64543875,-79.52377711,No,Clear,Artificial,Dry,Non-Fatal Injury,Passenger,20 to 24,Major,Unknown, , ,Yes, , , , ,Yes, ,Yes, , , ,Etobicoke-Lakeshore (5),5,14,Islington-City Centre West (14)
2017,07-01-2017 10:30,Major Arterial,Etobicoke York,43.64543875,-79.52377711,No,Clear,Artificial,Dry,Non-Fatal Injury,Passenger,60 to 64,None,Unknown, , ,Yes, , , , ,Yes, ,Yes, , , ,Etobicoke-Lakeshore (5),5,14,Islington-City Centre West (14)
2016,12-06-2016 09:30,Major Arterial,Etobicoke York,43.64464148,-79.52342615,Yes,Clear,Artificial,Dry,Non-Fatal Injury,Driver,50 to 54,Major,North, , ,Yes, , , , ,Yes, ,Yes,Yes, , ,Etobicoke-Lakeshore (5),5,16,Stonegate-Queensway (16)
2016,12-06-2016 09:30,Major Arterial,Etobicoke York,43.64464148,-79.52342615,Yes,Clear,Artificial,Dry,Non-Fatal Injury,Driver,40 to 44,Minor,East, , ,Yes, , , , ,Yes, ,Yes,Yes, , ,Etobicoke-Lakeshore (5),5,16,Stonegate-Queensway (16)
2016,12-06-2016 09:30,Major Arterial,Etobicoke York,43.64464148,-79.52342615,Yes,Clear,Artificial,Dry,Non-Fatal Injury,Passenger,55 to 59,Major,Unknown, , ,Yes, , , , ,Yes, ,Yes,Yes, , ,Etobicoke-Lakeshore (5),5,16,Stonegate-Queensway (16)
2011,24-03-2011 09:30,Major Arterial,Scarborough,43.79914538,-79.21289029,Yes,Clear,Natural,Dry,Fatal,Pedestrian,20 to 24,Fatal,South,Yes, ,Yes, , , , , ,Yes,Yes, , , ,Scarborough-Rouge River (42),42,132,Malvern (132)
2009,04-03-2009 10:30,Major Arterial,Toronto East York,43.68814538,-79.30179029,No,Other,Natural,Other,Non-Fatal Injury,Driver,50 to 54,Minor,Unknown, , ,Yes, , , , ,Yes, , , , , ,Beaches-East York (32),32,62,East End-Danforth (62)
2012,13-07-2012 09:30,Major Arterial,Scarborough,43.73644538,-79.24899029,No,Clear,Artificial,Dry,Fatal,Pedestrian,45 to 49,Fatal,North,Yes, ,Yes, , , , , , , , , , ,Scarborough Southwest (35),35,124,Kennedy Park (124)
2009,04-03-2009 10:30,Major Arterial,Toronto East York,43.68814538,-79.30179029,No,Other,Natural,Other,Non-Fatal Injury,Vehicle Owner,unknown,None,Unknown, , ,Yes, , , , ,Yes, , , , , ,Beaches-East York (32),32,62,East End-Danforth (62)
2017,10-10-2017 09:30,Major Arterial,Scarborough,43.82553824,-79.27529536,No,Clear,Artificial,Dry,Non-Fatal Injury,Pedestrian,65 to 69,Major,East,Yes, ,Yes, , , , , , , , , , ,Scarborough-Rouge River (41),41,130,Milliken (130)
2017,18-12-2017 10:30,Major Arterial,Etobicoke York,43.75328438,-79.53622829,Yes,Clear,Artificial,Dry,Non-Fatal Injury,Driver,70 to 74,None,South,Yes, ,Yes, , , , , , ,Yes,Yes, , ,York West (7),7,22,Humbermede (22)
2011,27-06-2011 09:30,Major Arterial,North York,43.75154538,-79.48809029,No,Clear,Natural,Dry,Non-Fatal Injury,Driver,60 to 64,None,South,Yes, ,Yes, , , , , , , , , , ,York Centre (9),9,27,York University Heights (27)
2017,15-11-2017 10:30,Minor Arterial,North York,43.76480438,-79.50129329,Yes,Clear,Artificial,Dry,Non-Fatal Injury,Driver,0 to 4,None,North,Yes, ,Yes, , , , , , ,Yes, , , ,York West (8),8,27,York University Heights (27)
2009,04-03-2009 10:30,Major Arterial,Toronto East York,43.68814538,-79.30179029,No,Other,Natural,Other,Non-Fatal Injury,Driver,unknown,None,Unknown, , ,Yes, , , , ,Yes, , , , , ,Beaches-East York (32),32,62,East End-Danforth (62)
2017,18-12-2017 10:30,Major Arterial,Etobicoke York,43.75328438,-79.53622829,Yes,Clear,Artificial,Dry,Non-Fatal Injury,Pedestrian,35 to 39,Major,Unknown,Yes, ,Yes, , , , , , ,Yes,Yes, , ,York West (7),7,22,Humbermede (22)
2017,15-11-2017 10:30,Minor Arterial,North York,43.76480438,-79.50129329,Yes,Clear,Artificial,Dry,Non-Fatal Injury,Pedestrian,15 to 19,Major,Unknown,Yes, ,Yes, , , , , , ,Yes, , , ,York West (8),8,27,York University Heights (27)
2011,27-06-2011 09:30,Major Arterial,North York,43.75154538,-79.48809029,No,Clear,Natural,Dry,Non-Fatal Injury,Pedestrian,45 to 49,Major,West,Yes, ,Yes, , , , , , , , , , ,York Centre (9),9,27,York University Heights (27)
2009,04-03-2009 10:30,Major Arterial,Toronto East York,43.68814538,-79.30179029,No,Other,Natural,Other,Non-Fatal Injury,Passenger,unknown,Major,Unknown, , ,Yes, , , , ,Yes, , , , , ,Beaches-East York (32),32,62,East End-Danforth (62)
2008,26-03-2008 09:30,Major Arterial,North York,43.75584538,-79.34699029,Yes,Clear,Natural,Dry,Non-Fatal Injury,Vehicle Owner,unknown,unknown,Unknown,Yes, ,Yes, , , , , , , , , , ,Don Valley East (34),34,40,St.Andrew-Windfields (40)
2008,26-03-2008 09:30,Major Arterial,North York,43.75584538,-79.34699029,Yes,Clear,Natural,Dry,Non-Fatal Injury,Driver,20 to 24,None,West,Yes, ,Yes, , , , , , , , , , ,Don Valley East (34),34,40,St.Andrew-Windfields (40)
2008,26-03-2008 09:30,Major Arterial,North York,43.75584538,-79.34699029,Yes,Clear,Natural,Dry,Non-Fatal Injury,Pedestrian,40 to 44,Major,North,Yes, ,Yes, , , , , , , , , , ,Don Valley East (34),34,40,St.Andrew-Windfields (40)
2008,14-09-2008 09:30,Expressway,Toronto East York,43.65094538,-79.34839029,No,Rain,Natural,Wet,Non-Fatal Injury,Driver,30 to 34,Major,East, , ,Yes, , , , , , , , , , ,Toronto Centre-Rosedale (28),28,77,Waterfront Communities-The Island (77)
2009,20-06-2009 09:30,Minor Arterial,Toronto East York,43.69204538,-79.33779029,Yes,Clear,Natural,Wet,Non-Fatal Injury,Driver,45 to 49,None,West,Yes, ,Yes, , , , , , , , , , ,Toronto-Danforth (29),29,58,Old East York (58)