YEAR,DATE,ROAD_CLASS,District,LATITUDE,LONGITUDE,TRAFFCTL,VISIBILITY,LIGHT,RDSFCOND,ACCLASS,INVTYPE,INVAGE,INJURY,INITDIR,PEDESTRIAN,CYCLIST,AUTOMOBILE,MOTORCYCLE,TRUCK,TRSN_CITY_VEH,EMERG_VEH,PASSENGER,SPEEDING,AG_DRIV,REDLIGHT,ALCOHOL,DISABILITY,Ward_Name,Ward_ID,Hood_ID,Hood_Name
2011,29-10-2011 09:30,Minor Arterial,Toronto East York,43.65824538,-79.37789029,Yes,Clear,Natural,Dry,Non-Fatal Injury,Other,unknown,None,Unknown, ,Yes,Yes, , , , , , , , , , ,Toronto Centre-Rosedale (27),27,75,Church-Yonge Corridor (75)
2011,29-10-2011 09:30,Minor Arterial,Toronto East York,43.65824538,-79.37789029,Yes,Clear,Natural,Dry,Non-Fatal Injury,Vehicle Owner,unknown,unknown,Unknown, ,Yes,Yes, , , , , , , , , , ,Toronto Centre-Rosedale (27),27,75,Church-Yonge Corridor (75)
2011,29-10-2011 09:30,Minor Arterial,Toronto East York,43.65824538,-79.37789029,Yes,Clear,Natural,Dry,Non-Fatal Injury,Driver,50 to 54,None,North, ,Yes,Yes, , , , , , , , , , ,Toronto Centre-Rosedale (27),27,75,Church-Yonge Corridor (75)
2011,29-10-2011 09:30,Minor Arterial,Toronto East York,43.65824538,-79.37789029,Yes,Clear,Natural,Dry,Non-Fatal Injury,Cyclist,20 to 24,None,North, ,Yes,Yes, , , , , , , , , , ,Toronto Centre-Rosedale (27),27,75,Church-Yonge Corridor (75)
2011,29-10-2011 09:30,Minor Arterial,Toronto East York,43.65824538,-79.37789029,Yes,Clear,Natural,Dry,Non-Fatal Injury,Cyclist,25 to 29,Major,North, ,Yes,Yes, , , , , , , , , , ,Toronto Centre-Rosedale (27),27,75,Church-Yonge Corridor (75)
2011,27-12-2011 10:30,Local,Etobicoke York,43.70624538,-79.59139029,No,Snow,Natural,Snow,Non-Fatal Injury,Passenger,60 to 64,Major,Unknown, , ,Yes, , , , ,Yes,Yes,Yes, , , ,Etobicoke North (2),2,1,West Humber-Clairville (1)
2011,27-12-2011 10:30,Local,Etobicoke York,43.70624538,-79.59139029,No,Snow,Natural,Snow,Non-Fatal Injury,Driver,65 to 69,None,West, , ,Yes, , , , ,Yes,Yes,Yes, , , ,Etobicoke North (2),2,1,West Humber-Clairville (1)
2015,30-01-2015 10:30,Expressway,North York,43.74024542,-79.33224879,No,Clear,Artificial,Dry,Non-Fatal Injury,Driver,30 to 34,Minimal,South, , ,Yes, , , , ,Yes, ,Yes, , , ,Don Valley East (34),34,42,Banbury-Don Mills (42)
2015,30-01-2015 10:30,Expressway,North York,43.74024542,-79.33224879,No,Clear,Artificial,Dry,Non-Fatal Injury,Driver,unknown,None,South, , ,Yes, , , , ,Yes, ,Yes, , , ,Don Valley East (34),34,42,Banbury-Don Mills (42)
2015,30-01-2015 10:30,Expressway,North York,43.74024542,-79.33224879,No,Clear,Artificial,Dry,Non-Fatal Injury,Driver,65 to 69,Minimal,South, , ,Yes, , , , ,Yes, ,Yes, , , ,Don Valley East (34),34,42,Banbury-Don Mills (42)
2015,30-01-2015 10:30,Expressway,North York,43.74024542,-79.33224879,No,Clear,Artificial,Dry,Non-Fatal Injury,Driver,30 to 34,Minimal,South, , ,Yes, , , , ,Yes, ,Yes, , , ,Don Valley East (34),34,42,Banbury-Don Mills (42)
2015,30-01-2015 10:30,Expressway,North York,43.74024542,-79.33224879,No,Clear,Artificial,Dry,Non-Fatal Injury,Passenger,30 to 34,Major,Unknown, , ,Yes, , , , ,Yes, ,Yes, , , ,Don Valley East (34),34,42,Banbury-Don Mills (42)
2015,30-01-2015 10:30,Expressway,North York,43.74024542,-79.33224879,No,Clear,Artificial,Dry,Non-Fatal Injury,Passenger,5 to 9,None,Unknown, , ,Yes, , , , ,Yes, ,Yes, , , ,Don Valley East (34),34,42,Banbury-Don Mills (42)
2015,30-01-2015 10:30,Expressway,North York,43.74024542,-79.33224879,No,Clear,Artificial,Dry,Non-Fatal Injury,Passenger,65 to 69,Minimal,Unknown, , ,Yes, , , , ,Yes, ,Yes, , , ,Don Valley East (34),34,42,Banbury-Don Mills (42)
2007,03-06-2007 09:30,Major Arterial,Toronto East York,43.68254538,-79.32719029,Yes,Rain,Natural,Wet,Non-Fatal Injury,Vehicle Owner,unknown,unknown,Unknown,Yes, ,Yes, , , , , , , , , , ,Toronto-Danforth (30),30,65,Greenwood-Coxwell (65)
2007,03-06-2007 09:30,Major Arterial,Toronto East York,43.68254538,-79.32719029,Yes,Rain,Natural,Wet,Non-Fatal Injury,Driver,20 to 24,None,East,Yes, ,Yes, , , , , , , , , , ,Toronto-Danforth (30),30,65,Greenwood-Coxwell (65)
2007,03-06-2007 09:30,Major Arterial,Toronto East York,43.68254538,-79.32719029,Yes,Rain,Natural,Wet,Non-Fatal Injury,Pedestrian,35 to 39,Major,South,Yes, ,Yes, , , , , , , , , , ,Toronto-Danforth (30),30,65,Greenwood-Coxwell (65)
2013,05-10-2013 09:30,Major Arterial,North York,43.77627524,-79.46870814,No,Clear,Natural,Dry,Non-Fatal Injury,Motorcycle Passenger,50 to 54,Minor,Unknown, , ,Yes,Yes, , , ,Yes, ,Yes, , , ,York Centre (10),10,34,Bathurst Manor (34)
2013,05-10-2013 09:30,Major Arterial,North York,43.77627524,-79.46870814,No,Clear,Natural,Dry,Non-Fatal Injury,Motorcycle Driver,25 to 29,Major,South, , ,Yes,Yes, , , ,Yes, ,Yes, , , ,York Centre (10),10,34,Bathurst Manor (34)
2013,05-10-2013 09:30,Major Arterial,North York,43.77627524,-79.46870814,No,Clear,Natural,Dry,Non-Fatal Injury,Driver,55 to 59,None,North, , ,Yes,Yes, , , ,Yes, ,Yes, , , ,York Centre (10),10,34,Bathurst Manor (34)
2016,20-10-2016 09:30,Major Arterial,North York,43.71208533,-79.37205897,No,Rain,Natural,Wet,Fatal,Pedestrian,60 to 64,Fatal,Unknown,Yes, ,Yes, , , , ,Yes,Yes,Yes, , , ,Don Valley West (26),26,56,Leaside-Bennington (56)
2016,20-10-2016 09:30,Major Arterial,North York,43.71208533,-79.37205897,No,Rain,Natural,Wet,Fatal,Passenger,40 to 44,None,Unknown,Yes, ,Yes, , , , ,Yes,Yes,Yes, , , ,Don Valley West (26),26,56,Leaside-Bennington (56)
2016,20-10-2016 09:30,Major Arterial,North York,43.71208533,-79.37205897,No,Rain,Natural,Wet,Fatal,Driver,30 to 34,None,East,Yes, ,Yes, , , , ,Yes,Yes,Yes, , , ,Don Valley West (26),26,56,Leaside-Bennington (56)
2017,11-06-2017 09:30,Major Arterial,Etobicoke York,43.63795838,-79.45750829,No,Clear,Natural,Dry,Non-Fatal Injury,Truck Driver,25 to 29,None,East, , , ,Yes,Yes, , , , ,Yes, , , ,Parkdale-High Park (13),13,85,South Parkdale (85)
2017,11-06-2017 09:30,Major Arterial,Etobicoke York,43.63795838,-79.45750829,No,Clear,Natural,Dry,Non-Fatal Injury,Motorcycle Driver,20 to 24,Major,East, , , ,Yes,Yes, , , , ,Yes, , , ,Parkdale-High Park (13),13,85,South Parkdale (85)
2013,27-03-2013 09:30,Major Arterial,Toronto East York,43.68994538,-79.29379029,No,Rain,Natural,Wet,Non-Fatal Injury,Vehicle Owner,unknown,unknown,Unknown, , ,Yes, , , , ,Yes, , , , , ,Beaches-East York (32),32,62,East End-Danforth (62)
2013,27-03-2013 09:30,Major Arterial,Toronto East York,43.68994538,-79.29379029,No,Rain,Natural,Wet,Non-Fatal Injury,Driver,60 to 64,None,West, , ,Yes, , , , ,Yes, , , , , ,Beaches-East York (32),32,62,East End-Danforth (62)
2013,27-03-2013 09:30,Major Arterial,Toronto East York,43.68994538,-79.29379029,No,Rain,Natural,Wet,Non-Fatal Injury,Driver,30 to 34,Minor,West, , ,Yes, , , , ,Yes, , , , , ,Beaches-East York (32),32,62,East End-Danforth (62)
2013,27-03-2013 09:30,Major Arterial,Toronto East York,43.68994538,-79.29379029,No,Rain,Natural,Wet,Non-Fatal Injury,Passenger,50 to 54,Minor,Unknown, , ,Yes, , , , ,Yes, , , , , ,Beaches-East York (32),32,62,East End-Danforth (62)
2013,27-03-2013 09:30,Major Arterial,Toronto East York,43.68994538,-79.29379029,No,Rain,Natural,Wet,Non-Fatal Injury,Passenger,30 to 34,Minor,Unknown, , ,Yes, , , , ,Yes, , , , , ,Beaches-East York (32),32,62,East End-Danforth (62)
2012,24-04-2012 09:30,Minor Arterial,Scarborough,43.69564538,-79.28479029,Yes,Clear,Natural,Wet,Non-Fatal Injury,Driver,60 to 64,Major,East, , ,Yes, , , , , , ,Yes, , , ,Scarborough Southwest (35),35,121,Oakridge (121)
2009,25-06-2009 09:30,Local,Etobicoke York,43.68224538,-79.43459029,Yes,Clear,Natural,Dry,Non-Fatal Injury,Pedestrian,5 to 9,Major,South,Yes, ,Yes, , , , , , , , , , ,Davenport (17),17,107,Oakwood Village (107)
2012,24-04-2012 09:30,Minor Arterial,Scarborough,43.69564538,-79.28479029,Yes,Clear,Natural,Wet,Non-Fatal Injury,Vehicle Owner,unknown,unknown,Unknown, , ,Yes, , , , , , ,Yes, , , ,Scarborough Southwest (35),35,121,Oakridge (121)
2012,24-04-2012 09:30,Minor Arterial,Scarborough,43.69564538,-79.28479029,Yes,Clear,Natural,Wet,Non-Fatal Injury,Driver,35 to 39,None,South, , ,Yes, , , , , , ,Yes, , , ,Scarborough Southwest (35),35,121,Oakridge (121)
2012,23-05-2012 09:30,Major Arterial,Toronto East York,43.65764538,-79.35519029,No,Clear,Natural,Dry,Non-Fatal Injury,Driver,30 to 34,Major,East, , ,Yes, , , , , , ,Yes, , , ,Toronto Centre-Rosedale (28),28,73,Moss Park (73)
2012,23-05-2012 09:30,Major Arterial,Toronto East York,43.65764538,-79.35519029,No,Clear,Natural,Dry,Non-Fatal Injury,Vehicle Owner,unknown,unknown,Unknown, , ,Yes, , , , , , ,Yes, , , ,Toronto Centre-Rosedale (28),28,73,Moss Park (73)
2012,23-05-2012 09:30,Major Arterial,Toronto East York,43.65764538,-79.35519029,No,Clear,Natural,Dry,Non-Fatal Injury,Driver,60 to 64,Major,West, , ,Yes, , , , , , ,Yes, , , ,Toronto Centre-Rosedale (28),28,73,Moss Park (73)
2016,09-03-2016 10:30,Major Arterial,Etobicoke York,43.7646633,-79.57332239,No,Clear,Natural,Dry,Fatal,Motorcycle Driver,25 to 29,Fatal,West, , , ,Yes, , , , ,Yes,Yes, , , ,York West (7),7,21,Humber Summit (21)
2007,17-04-2007 09:30,Local,Toronto East York,43.65594538,-79.37979029,No,Clear,Natural,Dry,Non-Fatal Injury,Vehicle Owner,unknown,None,Unknown, , , ,Yes, , , , , , , , , ,Toronto Centre-Rosedale (27),27,75,Church-Yonge Corridor (75)
2009,19-06-2009 09:30,Minor Arterial,Toronto East York,43.66064538,-79.36649029,Yes,Clear,Natural,Dry,Non-Fatal Injury,Passenger,30 to 34,None,Unknown, ,Yes,Yes, , , , ,Yes, ,Yes, , , ,Toronto Centre-Rosedale (28),28,72,Regent Park (72)
2007,17-04-2007 09:30,Local,Toronto East York,43.65594538,-79.37979029,No,Clear,Natural,Dry,Non-Fatal Injury,Motorcycle Driver,20 to 24,Major,West, , , ,Yes, , , , , , , , , ,Toronto Centre-Rosedale (27),27,75,Church-Yonge Corridor (75)
2007,17-04-2007 09:30,Local,Toronto East York,43.65594538,-79.37979029,No,Clear,Natural,Dry,Non-Fatal Injury,Other Property Owner,unknown,None,Unknown, , , ,Yes, , , , , , , , , ,Toronto Centre-Rosedale (27),27,75,Church-Yonge Corridor (75)
2007,17-04-2007 09:30,Local,Toronto East York,43.65594538,-79.37979029,No,Clear,Natural,Dry,Non-Fatal Injury,Other Property Owner,unknown,None,Unknown, , , ,Yes, , , , , , , , , ,Toronto Centre-Rosedale (27),27,75,Church-Yonge Corridor (75)
2007,09-10-2007 09:30,Major Arterial,Toronto East York,43.65584538,-79.39919029,Yes,Clear,Natural,Dry,Non-Fatal Injury,Passenger,30 to 34,Minor,Unknown, , ,Yes, , ,Yes, ,Yes, ,Yes,Yes, , ,Trinity-Spadina (20),20,78,Kensington-Chinatown (78)
2016,29-06-2016 09:30,Local,Etobicoke York,43.67987784,-79.48225794,No,Clear,Natural,Dry,Non-Fatal Injury,Driver,35 to 39,None,North, ,Yes,Yes, , , , , , , , , , ,York South-Weston (11),11,111,Rockcliffe-Smythe (111)
2008,15-02-2008 10:30,Major Arterial,Scarborough,43.78094538,-79.30899029,No,Clear,Natural,Dry,Non-Fatal Injury,Driver,unknown,None,South,Yes, ,Yes, , , , , , , , , , ,Scarborough-Agincourt (40),40,118,Tam O'Shanter-Sullivan (118)
2007,09-10-2007 09:30,Major Arterial,Toronto East York,43.65584538,-79.39919029,Yes,Clear,Natural,Dry,Non-Fatal Injury,Driver,35 to 39,Major,South, , ,Yes, , ,Yes, ,Yes, ,Yes,Yes, , ,Trinity-Spadina (20),20,78,Kensington-Chinatown (78)
2007,09-10-2007 09:30,Major Arterial,Toronto East York,43.65584538,-79.39919029,Yes,Clear,Natural,Dry,Non-Fatal Injury,Vehicle Owner,unknown,unknown,Unknown, , ,Yes, , ,Yes, ,Yes, ,Yes,Yes, , ,Trinity-Spadina (20),20,78,Kensington-Chinatown (78)
2007,09-10-2007 09:30,Major Arterial,Toronto East York,43.65584538,-79.39919029,Yes,Clear,Natural,Dry,Non-Fatal Injury,Driver,25 to 29,None,South, , ,Yes, , ,Yes, ,Yes, ,Yes,Yes, , ,Trinity-Spadina (20),20,78,Kensington-Chinatown (78)
2007,06-11-2007 10:30,Major Arterial,Scarborough,43.77454538,-79.25219029,Yes,Rain,Natural,Wet,Non-Fatal Injury,Vehicle Owner,unknown,unknown,Unknown,Yes, ,Yes, , , , , , ,Yes, , , ,Scarborough Centre (38),38,137,Woburn (137)
2007,06-11-2007 10:30,Major Arterial,Scarborough,43.77454538,-79.25219029,Yes,Rain,Natural,Wet,Non-Fatal Injury,Driver,60 to 64,None,South,Yes, ,Yes, , , , , , ,Yes, , , ,Scarborough Centre (38),38,137,Woburn (137)
2007,06-11-2007 10:30,Major Arterial,Scarborough,43.77454538,-79.25219029,Yes,Rain,Natural,Wet,Non-Fatal Injury,Pedestrian,30 to 34,Major,South,Yes, ,Yes, , , , , , ,Yes, , , ,Scarborough Centre (38),38,137,Woburn (137)
2008,29-10-2008 09:30,Major Arterial,Toronto East York,43.65574538,-79.38379029,Yes,Clear,Natural,Dry,Non-Fatal Injury,Passenger,50 to 54,None,Unknown,Yes, ,Yes, , , , ,Yes,Yes,Yes, , , ,Toronto Centre-Rosedale (27),27,76,Bay Street Corridor (76)
2008,29-10-2008 09:30,Major Arterial,Toronto East York,43.65574538,-79.38379029,Yes,Clear,Natural,Dry,Non-Fatal Injury,Vehicle Owner,unknown,unknown,Unknown,Yes, ,Yes, , , , ,Yes,Yes,Yes, , , ,Toronto Centre-Rosedale (27),27,76,Bay Street Corridor (76)
2008,29-10-2008 09:30,Major Arterial,Toronto East York,43.65574538,-79.38379029,Yes,Clear,Natural,Dry,Non-Fatal Injury,Driver,65 to 69,None,North,Yes, ,Yes, , , , ,Yes,Yes,Yes, , , ,Toronto Centre-Rosedale (27),27,76,Bay Street Corridor (76)
2008,29-10-2008 09:30,Major Arterial,Toronto East York,43.65574538,-79.38379029,Yes,Clear,Natural,Dry,Non-Fatal Injury,Passenger,20 to 24,None,Unknown,Yes, ,Yes, , , , ,Yes,Yes,Yes, , , ,Toronto Centre-Rosedale (27),27,76,Bay Street Corridor (76)
2008,09-12-2008 10:30,Minor Arterial,Toronto East York,43.67584538,-79.40749029,No,Rain,Natural,Wet,Non-Fatal Injury,Vehicle Owner,unknown,unknown,Unknown,Yes, ,Yes, , , , , , , , , , ,St. Paul's (21),21,96,Casa Loma (96)
2008,29-10-2008 09:30,Major Arterial,Toronto East York,43.65574538,-79.38379029,Yes,Clear,Natural,Dry,Non-Fatal Injury,Driver,20 to 24,None,South,Yes, ,Yes, , , , ,Yes,Yes,Yes, , , ,Toronto Centre-Rosedale (27),27,76,Bay Street Corridor (76)
2008,29-10-2008 09:30,Major Arterial,Toronto East York,43.65574538,-79.38379029,Yes,Clear,Natural,Dry,Non-Fatal Injury,Pedestrian,20 to 24,Major,Unknown,Yes, ,Yes, , , , ,Yes,Yes,Yes, , , ,Toronto Centre-Rosedale (27),27,76,Bay Street Corridor (76)
2012,29-05-2012 09:30,Local,Toronto East York,43.69094538,-79.37619029,No,Clear,Natural,Dry,Non-Fatal Injury,Driver,75 to 79,Major,North, , ,Yes, , , , , ,Yes,Yes, , , ,Toronto Centre-Rosedale (27),27,98,Rosedale-Moore Park (98)
2012,29-05-2012 09:30,Local,Toronto East York,43.69094538,-79.37619029,No,Clear,Natural,Dry,Non-Fatal Injury,Other,unknown,None,South, , ,Yes, , , , , ,Yes,Yes, , , ,Toronto Centre-Rosedale (27),27,98,Rosedale-Moore Park (98)
2012,29-05-2012 09:30,Local,Toronto East York,43.69094538,-79.37619029,No,Clear,Natural,Dry,Non-Fatal Injury,Other,unknown,None,North, , ,Yes, , , , , ,Yes,Yes, , , ,Toronto Centre-Rosedale (27),27,98,Rosedale-Moore Park (98)
2012,29-05-2012 09:30,Local,Toronto East York,43.69094538,-79.37619029,No,Clear,Natural,Dry,Non-Fatal Injury,Other,unknown,None,North, , ,Yes, , , , , ,Yes,Yes, , , ,Toronto Centre-Rosedale (27),27,98,Rosedale-Moore Park (98)
2014,19-02-2014 10:30,Minor Arterial,North York,43.71491583,-79.33418665,Yes,Clear,Artificial,Dry,Non-Fatal Injury,Driver,unknown,None,South,Yes, ,Yes, , , , , , ,Yes, , , ,Don Valley West (26),26,44,Flemingdon Park (44)
2014,19-02-2014 10:30,Minor Arterial,North York,43.71491583,-79.33418665,Yes,Clear,Artificial,Dry,Non-Fatal Injury,Pedestrian,60 to 64,Major,South,Yes, ,Yes, , , , , , ,Yes, , , ,Don Valley West (26),26,44,Flemingdon Park (44)
2014,21-06-2014 09:30,Minor Arterial,Etobicoke York,43.67927511,-79.52528773,Yes,Clear,Natural,Dry,Non-Fatal Injury,Driver,50 to 54,None,North, , ,Yes, , , , ,Yes, ,Yes, , , ,Etobicoke Centre (4),4,9,Edenbridge-Humber Valley (9)
2014,21-06-2014 09:30,Minor Arterial,Etobicoke York,43.67927511,-79.52528773,Yes,Clear,Natural,Dry,Non-Fatal Injury,Driver,65 to 69,Major,South, , ,Yes, , , , ,Yes, ,Yes, , , ,Etobicoke Centre (4),4,9,Edenbridge-Humber Valley (9)
2014,21-06-2014 09:30,Minor Arterial,Etobicoke York,43.67927511,-79.52528773,Yes,Clear,Natural,Dry,Non-Fatal Injury,Passenger,65 to 69,Minor,Unknown, , ,Yes, , , , ,Yes, ,Yes, , , ,Etobicoke Centre (4),4,9,Edenbridge-Humber Valley (9)
2015,06-11-2015 10:30,Expressway,North York,43.73489722,-79.450451,No,Clear,Artificial,Dry,Non-Fatal Injury,Driver,20 to 24,Major,South, , ,Yes, , , , , ,Yes,Yes, , , ,York Centre (9),9,33,Clanton Park (33)
2015,06-11-2015 10:30,Expressway,North York,43.73489722,-79.450451,No,Clear,Artificial,Dry,Non-Fatal Injury,Driver,35 to 39,Major,South, , ,Yes, , , , , ,Yes,Yes, , , ,York Centre (9),9,33,Clanton Park (33)
2016,06-12-2016 10:30,Major Arterial,Toronto East York,43.63888891,-79.42733393,Yes,Rain,Artificial,Wet,Non-Fatal Injury,Driver,20 to 24,None,South,Yes, ,Yes, , , , , , , , , , ,Parkdale-High Park (14),14,85,South Parkdale (85)
2016,06-12-2016 10:30,Major Arterial,Toronto East York,43.63888891,-79.42733393,Yes,Rain,Artificial,Wet,Non-Fatal Injury,Pedestrian,80 to 84,Major,South,Yes, ,Yes, , , , , , , , , , ,Parkdale-High Park (14),14,85,South Parkdale (85)
2011,30-04-2011 09:30,Expressway,Toronto East York,43.64904538,-79.35619029,No,Clear,Natural,Dry,Fatal,Motorcycle Driver,25 to 29,Fatal,East, , ,Yes,Yes, , , , ,Yes,Yes, , , ,Toronto Centre-Rosedale (28),28,77,Waterfront Communities-The Island (77)
2011,30-04-2011 09:30,Expressway,Toronto East York,43.64904538,-79.35619029,No,Clear,Natural,Dry,Fatal,Driver,25 to 29,None,West, , ,Yes,Yes, , , , ,Yes,Yes, , , ,Toronto Centre-Rosedale (28),28,77,Waterfront Communities-The Island (77)
2013,19-12-2013 10:30,Major Arterial,Etobicoke York,43.62396582,-79.48367701,No,Clear,Artificial,Dry,Non-Fatal Injury,Driver,20 to 24,None,South,Yes, ,Yes, , , , , , , , , , ,Etobicoke-Lakeshore (6),6,17,Mimico (includes Humber Bay Shores) (17)
2013,19-12-2013 10:30,Major Arterial,Etobicoke York,43.62396582,-79.48367701,No,Clear,Artificial,Dry,Non-Fatal Injury,Pedestrian,40 to 44,Major,East,Yes, ,Yes, , , , , , , , , , ,Etobicoke-Lakeshore (6),6,17,Mimico (includes Humber Bay Shores) (17)
2016,06-12-2016 10:30,Major Arterial,Toronto East York,43.65323218,-79.37510309,No,Rain,Artificial,Wet,Non-Fatal Injury,Driver,35 to 39,None,East,Yes, ,Yes, , , , , , , , , , ,Toronto Centre-Rosedale (28),28,75,Church-Yonge Corridor (75)
2016,06-12-2016 10:30,Major Arterial,Toronto East York,43.65323218,-79.37510309,No,Rain,Artificial,Wet,Non-Fatal Injury,Pedestrian,75 to 79,Minor,South,Yes, ,Yes, , , , , , , , , , ,Toronto Centre-Rosedale (28),28,75,Church-Yonge Corridor (75)
2016,06-12-2016 10:30,Major Arterial,Toronto East York,43.65323218,-79.37510309,No,Rain,Artificial,Wet,Non-Fatal Injury,Pedestrian,70 to 74,Major,South,Yes, ,Yes, , , , , , , , , , ,Toronto Centre-Rosedale (28),28,75,Church-Yonge Corridor (75)
2008,01-06-2008 09:30,Minor Arterial,Etobicoke York,43.69684538,-79.52969029,Yes,Clear,Natural,Dry,Non-Fatal Injury,Driver,50 to 54,None,West, , ,Yes, , , , , , ,Yes, , , ,Etobicoke North (2),2,8,Humber Heights-Westmount (8)
2008,01-06-2008 09:30,Minor Arterial,Etobicoke York,43.69684538,-79.52969029,Yes,Clear,Natural,Dry,Non-Fatal Injury,Driver,15 to 19,Major,South, , ,Yes, , , , , , ,Yes, , , ,Etobicoke North (2),2,8,Humber Heights-Westmount (8)
2008,04-06-2008 09:30,Major Arterial,Scarborough,43.79854538,-79.14579029,No,Clear,Natural,Dry,Non-Fatal Injury,Driver,60 to 64,None,Unknown, , ,Yes, , , , , , , , , , ,Scarborough East (44),44,133,Centennial Scarborough (133)
2008,04-06-2008 09:30,Major Arterial,Scarborough,43.79854538,-79.14579029,No,Clear,Natural,Dry,Non-Fatal Injury,Driver,65 to 69,Major,Unknown, , ,Yes, , , , , , , , , , ,Scarborough East (44),44,133,Centennial Scarborough (133)
2008,24-06-2008 09:30,Expressway Ramp,Toronto East York,43.65334662,-79.34148798,No,Clear,Natural,Dry,Non-Fatal Injury,Motorcycle Driver,35 to 39,Major,West, , ,Yes,Yes, , , , ,Yes,Yes, , , ,Toronto-Danforth (30),30,70,South Riverdale (70)
2008,24-06-2008 09:30,Expressway Ramp,Toronto East York,43.65334662,-79.34148798,No,Clear,Natural,Dry,Non-Fatal Injury,Driver,50 to 54,None,West, , ,Yes,Yes, , , , ,Yes,Yes, , , ,Toronto-Danforth (30),30,70,South Riverdale (70)
2008,17-09-2008 09:30,Major Arterial,Toronto East York,43.67394538,-79.30789029,Yes,Clear,Natural,Dry,Fatal,Vehicle Owner,unknown,unknown,Unknown, , ,Yes, ,Yes, , , , , , , ,Yes,Beaches-East York (32),32,63,The Beaches (63)
2008,17-09-2008 09:30,Major Arterial,Toronto East York,43.67394538,-79.30789029,Yes,Clear,Natural,Dry,Fatal,Truck Driver,45 to 49,Fatal,West, , ,Yes, ,Yes, , , , , , , ,Yes,Beaches-East York (32),32,63,The Beaches (63)
2008,17-09-2008 09:30,Major Arterial,Toronto East York,43.67394538,-79.30789029,Yes,Clear,Natural,Dry,Fatal,Vehicle Owner,unknown,unknown,Unknown, , ,Yes, ,Yes, , , , , , , ,Yes,Beaches-East York (32),32,63,The Beaches (63)
2008,17-09-2008 09:30,Major Arterial,Toronto East York,43.67394538,-79.30789029,Yes,Clear,Natural,Dry,Fatal,Driver,50 to 54,None,East, , ,Yes, ,Yes, , , , , , , ,Yes,Beaches-East York (32),32,63,The Beaches (63)
2009,21-06-2009 09:30,Major Arterial,Toronto East York,43.67954538,-79.34179029,No,Clear,Natural,Dry,Non-Fatal Injury,Driver,30 to 34,None,East, ,Yes,Yes, , , , , , , , , , ,Toronto-Danforth (30),30,69,Blake-Jones (69)
2009,21-06-2009 09:30,Major Arterial,Toronto East York,43.67954538,-79.34179029,No,Clear,Natural,Dry,Non-Fatal Injury,Cyclist,35 to 39,Major,East, ,Yes,Yes, , , , , , , , , , ,Toronto-Danforth (30),30,69,Blake-Jones (69)
2013,23-08-2013 09:30,Local,Etobicoke York,43.68315466,-79.47638331,Yes,Clear,Natural,Dry,Non-Fatal Injury,Passenger,10 to 14,Minimal,Unknown, , ,Yes,Yes, , , ,Yes, ,Yes, , , ,York South-Weston (12),12,110,Keelesdale-Eglinton West (110)
2013,23-08-2013 09:30,Local,Etobicoke York,43.68315466,-79.47638331,Yes,Clear,Natural,Dry,Non-Fatal Injury,Vehicle Owner,unknown,unknown,Unknown, , ,Yes,Yes, , , ,Yes, ,Yes, , , ,York South-Weston (12),12,110,Keelesdale-Eglinton West (110)
2013,23-08-2013 09:30,Local,Etobicoke York,43.68315466,-79.47638331,Yes,Clear,Natural,Dry,Non-Fatal Injury,Driver,40 to 44,None,East, , ,Yes,Yes, , , ,Yes, ,Yes, , , ,York South-Weston (12),12,110,Keelesdale-Eglinton West (110)
2013,23-08-2013 09:30,Local,Etobicoke York,43.68315466,-79.47638331,Yes,Clear,Natural,Dry,Non-Fatal Injury,Motorcycle Driver,20 to 24,Major,South, , ,Yes,Yes, , , ,Yes, ,Yes, , , ,York South-Weston (12),12,110,Keelesdale-Eglinton West (110)
2015,04-02-2015 10:30,Local,Toronto East York,43.65258749,-79.41145716,No,Snow,Artificial,Snow,Non-Fatal Injury,Driver,30 to 34,Major,South, , ,Yes, , , , , , , , , ,Yes,Trinity-Spadina (19),19,81,Trinity-Bellwoods (81)
2007,22-05-2007 09:30,Major Arterial,North York,43.78014538,-79.35009029,No,Clear,Natural,Dry,Non-Fatal Injury,Motorcycle Driver,20 to 24,Major,South, , , ,Yes, , , , ,Yes,Yes, , , ,Don Valley East (33),33,47,Don Valley Village (47)
2008,11-01-2008 10:30,Collector,Scarborough,43.79674538,-79.23579029,Yes,Clear,Natural,Dry,Non-Fatal Injury,Vehicle Owner,unknown,unknown,Unknown,Yes, ,Yes, , , , , , ,Yes, , , ,Scarborough-Rouge River (42),42,132,Malvern (132)
2008,11-01-2008 10:30,Collector,Scarborough,43.79674538,-79.23579029,Yes,Clear,Natural,Dry,Non-Fatal Injury,Driver,35 to 39,None,South,Yes, ,Yes, , , , , , ,Yes, , , ,Scarborough-Rouge River (42),42,132,Malvern (132)
2008,11-01-2008 10:30,Collector,Scarborough,43.79674538,-79.23579029,Yes,Clear,Natural,Dry,Non-Fatal Injury,Pedestrian,60 to 64,Major,East,Yes, ,Yes, , , , , , ,Yes, , , ,Scarborough-Rouge River (42),42,132,Malvern (132)
2008,20-05-2008 09:30,Major Arterial,Toronto East York,43.68274538,-79.42019029,Yes,Clear,Natural,Dry,Non-Fatal Injury,Driver,50 to 54,Major,East, , ,Yes, , , , , , ,Yes, , , ,St. Paul's (21),21,94,Wychwood (94)